Common.Name,Plot.ID,Class,Genus,Species,Date,Time.Start,Time.End,n.Seq,Max.Group.Size,Huts.Active
No Detections,IF01,No Detections,No Detections,No Detections,2026-03-28,NA,NA,0,0,2
No Detections,IF01,No Detections,No Detections,No Detections,2026-03-29,NA,NA,0,0,2
No Detections,IF01,No Detections,No Detections,No Detections,2026-03-30,NA,NA,0,0,2
No Detections,IF01,No Detections,No Detections,No Detections,2026-03-31,NA,NA,0,0,2
No Detections,IF01,No Detections,No Detections,No Detections,2026-04-01,NA,NA,0,0,1
No Detections,IF01,No Detections,No Detections,No Detections,2026-04-02,NA,NA,0,0,1
No Detections,IF01,No Detections,No Detections,No Detections,2026-04-03,NA,NA,0,0,1
No Detections,IF01,No Detections,No Detections,No Detections,2026-04-04,NA,NA,0,0,1
No Detections,IF01,No Detections,No Detections,No Detections,2026-04-05,NA,NA,0,0,1
No Detections,IF01,No Detections,No Detections,No Detections,2026-04-06,NA,NA,0,0,1
No Detections,IF01,No Detections,No Detections,No Detections,2026-04-07,NA,NA,0,0,1
No Detections,IF01,No Detections,No Detections,No Detections,2026-04-08,NA,NA,0,0,1
No Detections,IF01,No Detections,No Detections,No Detections,2026-04-09,NA,NA,0,0,1
No Detections,IF01,No Detections,No Detections,No Detections,2026-04-10,NA,NA,0,0,1
No Detections,IF01,No Detections,No Detections,No Detections,2026-04-11,NA,NA,0,0,1
No Detections,IF01,No Detections,No Detections,No Detections,2026-04-12,NA,NA,0,0,1
No Detections,IF01,No Detections,No Detections,No Detections,2026-04-13,NA,NA,0,0,1
No Detections,IF01,No Detections,No Detections,No Detections,2026-04-14,NA,NA,0,0,1
No Detections,IF01,No Detections,No Detections,No Detections,2026-04-15,NA,NA,0,0,1
No Detections,IF01,No Detections,No Detections,No Detections,2026-04-16,NA,NA,0,0,1
No Detections,IF01,No Detections,No Detections,No Detections,2026-04-17,NA,NA,0,0,1
No Detections,IF01,No Detections,No Detections,No Detections,2026-04-18,NA,NA,0,0,1
No Detections,IF01,No Detections,No Detections,No Detections,2026-04-19,NA,NA,0,0,1
No Detections,IF01,No Detections,No Detections,No Detections,2026-04-20,NA,NA,0,0,1
No Detections,IF01,No Detections,No Detections,No Detections,2026-04-21,NA,NA,0,0,1
Eastern Racer,IF01,Reptilia,Coluber,constrictor,2026-04-22,2026-04-22T12:02:01Z,2026-04-22T12:02:02Z,0,0,1
No Detections,IF01,No Detections,No Detections,No Detections,2026-04-23,NA,NA,0,0,1
No Detections,IF01,No Detections,No Detections,No Detections,2026-04-24,NA,NA,0,0,1
No Detections,IF01,No Detections,No Detections,No Detections,2026-04-25,NA,NA,0,0,1
No Detections,IF01,No Detections,No Detections,No Detections,2026-04-26,NA,NA,0,0,1
No Detections,IF01,No Detections,No Detections,No Detections,2026-04-27,NA,NA,0,0,1
No Detections,IF01,No Detections,No Detections,No Detections,2026-04-28,NA,NA,0,0,1
No Detections,IF01,No Detections,No Detections,No Detections,2026-04-29,NA,NA,0,0,1
No Detections,IF01,No Detections,No Detections,No Detections,2026-04-30,NA,NA,0,0,1
No Detections,IF01,No Detections,No Detections,No Detections,2026-05-01,NA,NA,0,0,1
Peromyscus or Ochrotomys Species,IF01,Mammalia,Peromyscus,NA,2026-05-02,2026-05-02T03:36:39Z,2026-05-02T03:36:39Z,0,0,1
No Detections,IF01,No Detections,No Detections,No Detections,2026-05-03,NA,NA,0,0,1
No Detections,IF01,No Detections,No Detections,No Detections,2026-05-04,NA,NA,0,0,1
No Detections,IF01,No Detections,No Detections,No Detections,2026-05-05,NA,NA,0,0,1
No Detections,IF01,No Detections,No Detections,No Detections,2026-05-06,NA,NA,0,0,2
North American Least Shrew,IF01,Mammalia,Cryptotis,parvus,2026-05-07,2026-05-07T04:35:43Z,2026-05-07T04:35:43Z,0,0,2
North American Least Shrew,IF01,Mammalia,Cryptotis,parvus,2026-05-07,2026-05-07T06:04:18Z,2026-05-07T06:13:24Z,0,0,2
No Detections,IF01,No Detections,No Detections,No Detections,2026-05-08,NA,NA,0,0,2
No Detections,IF01,No Detections,No Detections,No Detections,2026-05-09,NA,NA,0,0,2
No Detections,IF01,No Detections,No Detections,No Detections,2026-05-10,NA,NA,0,0,2
No Detections,IF01,No Detections,No Detections,No Detections,2026-05-11,NA,NA,0,0,2
No Detections,IF01,No Detections,No Detections,No Detections,2026-05-12,NA,NA,0,0,2
No Detections,IF01,No Detections,No Detections,No Detections,2026-05-13,NA,NA,0,0,2
No Detections,IF01,No Detections,No Detections,No Detections,2026-05-14,NA,NA,0,0,2
Southeastern Shrew,IF01,Mammalia,Sorex,longirostris,2026-05-15,2026-05-15T02:55:24Z,2026-05-15T02:55:39Z,0,0,2
No Detections,IF01,No Detections,No Detections,No Detections,2026-05-16,NA,NA,0,0,2
No Detections,IF01,No Detections,No Detections,No Detections,2026-05-17,NA,NA,0,0,2
No Detections,IF01,No Detections,No Detections,No Detections,2026-05-18,NA,NA,0,0,2
No Detections,IF01,No Detections,No Detections,No Detections,2026-05-19,NA,NA,0,0,2
No Detections,IF01,No Detections,No Detections,No Detections,2026-05-20,NA,NA,0,0,2
No Detections,IF01,No Detections,No Detections,No Detections,2026-05-21,NA,NA,0,0,2
No Detections,IF01,No Detections,No Detections,No Detections,2026-05-22,NA,NA,0,0,2
Hispid Cotton Rat,IF01,Mammalia,Sigmodon,hispidus,2026-05-23,2026-05-23T23:04:29Z,2026-05-23T23:05:23Z,0,0,2
No Detections,IF01,No Detections,No Detections,No Detections,2026-05-24,NA,NA,0,0,2
No Detections,IF01,No Detections,No Detections,No Detections,2026-05-25,NA,NA,0,0,2
No Detections,IF01,No Detections,No Detections,No Detections,2026-05-26,NA,NA,0,0,2
Hispid Cotton Rat,IF01,Mammalia,Sigmodon,hispidus,2026-05-27,2026-05-27T01:15:26Z,2026-05-27T01:15:27Z,0,0,2
No Detections,IF01,No Detections,No Detections,No Detections,2026-05-28,NA,NA,0,0,2
Southeastern Shrew,IF01,Mammalia,Sorex,longirostris,2026-05-29,2026-05-29T23:35:24Z,2026-05-29T23:35:24Z,0,0,2
No Detections,IF01,No Detections,No Detections,No Detections,2026-05-30,NA,NA,0,0,2
Southern Short-tailed Shrew,IF01,Mammalia,Blarina,carolinensis,2026-05-31,2026-05-31T03:02:40Z,2026-05-31T03:02:52Z,0,0,2
No Detections,IF01,No Detections,No Detections,No Detections,2026-06-01,NA,NA,0,0,2
No Detections,IF01,No Detections,No Detections,No Detections,2026-06-02,NA,NA,0,0,1
No Detections,IF01,No Detections,No Detections,No Detections,2026-06-03,NA,NA,0,0,1
No Detections,IF01,No Detections,No Detections,No Detections,2026-06-04,NA,NA,0,0,1
No Detections,IF01,No Detections,No Detections,No Detections,2026-06-05,NA,NA,0,0,1
No Detections,IF01,No Detections,No Detections,No Detections,2026-06-06,NA,NA,0,0,1
No Detections,IF01,No Detections,No Detections,No Detections,2026-06-07,NA,NA,0,0,1
No Detections,IF01,No Detections,No Detections,No Detections,2026-06-08,NA,NA,0,0,1
No Detections,IF01,No Detections,No Detections,No Detections,2026-06-09,NA,NA,0,0,1
Southeastern Shrew,IF01,Mammalia,Sorex,longirostris,2026-06-10,2026-06-10T03:21:22Z,2026-06-10T03:21:22Z,0,0,1
Microtus Species,IF01,Mammalia,Microtus,NA,2026-06-10,2026-06-10T03:32:23Z,2026-06-10T03:32:23Z,0,0,1
No Detections,IF01,No Detections,No Detections,No Detections,2026-06-11,NA,NA,0,0,1
Peromyscus or Ochrotomys Species,IF01,Mammalia,Ochrotomys,nuttalli,2026-06-12,2026-06-12T22:18:46Z,2026-06-12T22:18:46Z,0,0,1
No Detections,IF01,No Detections,No Detections,No Detections,2026-06-13,NA,NA,0,0,1
Peromyscus or Ochrotomys Species,IF01,Mammalia,Peromyscus,NA,2026-06-14,2026-06-14T02:31:57Z,2026-06-14T02:31:57Z,0,0,1
Peromyscus or Ochrotomys Species,IF01,Mammalia,Peromyscus,NA,2026-06-14,2026-06-14T22:14:08Z,2026-06-14T22:14:47Z,0,0,1
No Detections,IF01,No Detections,No Detections,No Detections,2026-06-15,NA,NA,0,0,1
No Detections,IF01,No Detections,No Detections,No Detections,2026-06-16,NA,NA,0,0,1
No Detections,IF01,No Detections,No Detections,No Detections,2026-06-17,NA,NA,0,0,1
Peromyscus or Ochrotomys Species,IF01,Mammalia,Peromyscus,NA,2026-06-18,2026-06-18T23:13:29Z,2026-06-18T23:13:31Z,0,0,1
No Detections,IF01,No Detections,No Detections,No Detections,2026-06-19,NA,NA,0,0,1
No Detections,IF01,No Detections,No Detections,No Detections,2026-06-20,NA,NA,0,0,1
No Detections,IF01,No Detections,No Detections,No Detections,2026-06-21,NA,NA,0,0,1
No Detections,IF01,No Detections,No Detections,No Detections,2026-06-22,NA,NA,0,0,1
No Detections,IF01,No Detections,No Detections,No Detections,2026-06-23,NA,NA,0,0,1
No Detections,IF01,No Detections,No Detections,No Detections,2026-06-24,NA,NA,0,0,1
No Detections,IF01,No Detections,No Detections,No Detections,2026-06-25,NA,NA,0,0,1
Southeastern Shrew,IF01,Mammalia,Sorex,longirostris,2026-06-26,2026-06-26T23:18:32Z,2026-06-26T23:18:32Z,0,0,1
Southeastern Shrew,IF01,Mammalia,Sorex,longirostris,2026-06-27,2026-06-27T04:53:29Z,2026-06-27T04:53:29Z,0,0,1
No Detections,IF01,No Detections,No Detections,No Detections,2026-06-28,NA,NA,0,0,1
No Detections,IF01,No Detections,No Detections,No Detections,2026-06-29,NA,NA,0,0,1
No Detections,IF01,No Detections,No Detections,No Detections,2026-06-30,NA,NA,0,0,1
No Detections,IF01,No Detections,No Detections,No Detections,2026-07-01,NA,NA,0,0,1
No Detections,IF01,No Detections,No Detections,No Detections,2026-07-02,NA,NA,0,0,1
No Detections,IF01,No Detections,No Detections,No Detections,2026-07-03,NA,NA,0,0,1
No Detections,IF01,No Detections,No Detections,No Detections,2026-07-04,NA,NA,0,0,1
Southeastern Shrew,IF01,Mammalia,Sorex,longirostris,2026-07-05,2026-07-05T22:48:53Z,2026-07-05T22:48:55Z,0,0,1
Common Box Turtle,IF01,Reptilia,Terrapene,carolina,2026-07-06,2026-07-06T14:42:47Z,2026-07-06T14:42:47Z,0,0,1
No Detections,IF01,No Detections,No Detections,No Detections,2026-07-07,NA,NA,0,0,1
No Detections,IF01,No Detections,No Detections,No Detections,2026-07-08,NA,NA,0,0,1
No Detections,IF01,No Detections,No Detections,No Detections,2026-07-09,NA,NA,0,0,1
No Detections,IF01,No Detections,No Detections,No Detections,2026-07-10,NA,NA,0,0,1
No Detections,IF01,No Detections,No Detections,No Detections,2026-07-11,NA,NA,0,0,1
No Detections,IF01,No Detections,No Detections,No Detections,2026-07-12,NA,NA,0,0,1
No Detections,IF01,No Detections,No Detections,No Detections,2026-07-13,NA,NA,0,0,1
No Detections,IF01,No Detections,No Detections,No Detections,2026-07-14,NA,NA,0,0,1
No Detections,IF01,No Detections,No Detections,No Detections,2026-07-15,NA,NA,0,0,1
No Detections,IF01,No Detections,No Detections,No Detections,2026-07-16,NA,NA,0,0,1
Southeastern Shrew,IF01,Mammalia,Sorex,longirostris,2026-07-17,2026-07-17T23:32:45Z,2026-07-17T23:32:45Z,0,0,1
No Detections,IF01,No Detections,No Detections,No Detections,2026-07-18,NA,NA,0,0,1
No Detections,IF01,No Detections,No Detections,No Detections,2026-07-19,NA,NA,0,0,1
Virginia Opossum,IF01,Mammalia,Didelphis,virginiana,2026-07-20,2026-07-20T22:42:31Z,2026-07-20T22:42:47Z,0,0,1
No Detections,IF01,No Detections,No Detections,No Detections,2026-07-21,NA,NA,0,0,1
No Detections,IF01,No Detections,No Detections,No Detections,2026-07-22,NA,NA,0,0,1
No Detections,IF01,No Detections,No Detections,No Detections,2026-07-23,NA,NA,0,0,1
No Detections,IF01,No Detections,No Detections,No Detections,2026-07-24,NA,NA,0,0,1
Virginia Opossum,IF01,Mammalia,Didelphis,virginiana,2026-07-25,2026-07-25T01:39:32Z,2026-07-25T01:45:17Z,0,0,1
No Detections,IF01,No Detections,No Detections,No Detections,2026-07-26,NA,NA,0,0,1
No Detections,IF01,No Detections,No Detections,No Detections,2026-07-27,NA,NA,0,0,1
No Detections,IF01,No Detections,No Detections,No Detections,2026-07-28,NA,NA,0,0,1
No Detections,IF02,No Detections,No Detections,No Detections,2026-05-06,NA,NA,0,0,2
No Detections,IF02,No Detections,No Detections,No Detections,2026-05-07,NA,NA,0,0,2
No Detections,IF02,No Detections,No Detections,No Detections,2026-05-08,NA,NA,0,0,2
House Mouse,IF02,Mammalia,Mus,musculus,2026-05-09,2026-05-09T21:13:48Z,2026-05-09T21:14:11Z,0,0,2
No Detections,IF02,No Detections,No Detections,No Detections,2026-05-10,NA,NA,0,0,2
No Detections,IF02,No Detections,No Detections,No Detections,2026-05-11,NA,NA,0,0,2
No Detections,IF02,No Detections,No Detections,No Detections,2026-05-12,NA,NA,0,0,2
No Detections,IF02,No Detections,No Detections,No Detections,2026-05-13,NA,NA,0,0,2
No Detections,IF02,No Detections,No Detections,No Detections,2026-05-14,NA,NA,0,0,2
Southeastern Shrew,IF02,Mammalia,Sorex,longirostris,2026-05-15,2026-05-15T02:55:24Z,2026-05-15T02:55:39Z,0,0,2
No Detections,IF02,No Detections,No Detections,No Detections,2026-05-16,NA,NA,0,0,2
No Detections,IF02,No Detections,No Detections,No Detections,2026-05-17,NA,NA,0,0,2
No Detections,IF02,No Detections,No Detections,No Detections,2026-05-18,NA,NA,0,0,2
No Detections,IF02,No Detections,No Detections,No Detections,2026-05-19,NA,NA,0,0,2
No Detections,IF02,No Detections,No Detections,No Detections,2026-05-20,NA,NA,0,0,2
No Detections,IF02,No Detections,No Detections,No Detections,2026-05-21,NA,NA,0,0,2
House Mouse,IF02,Mammalia,Mus,musculus,2026-05-22,2026-05-22T00:11:40Z,2026-05-22T00:11:40Z,0,0,2
Southern Short-tailed Shrew,IF02,Mammalia,Blarina,carolinensis,2026-05-23,2026-05-23T03:11:11Z,2026-05-23T03:11:13Z,0,0,2
No Detections,IF02,No Detections,No Detections,No Detections,2026-05-24,NA,NA,0,0,2
No Detections,IF02,No Detections,No Detections,No Detections,2026-05-25,NA,NA,0,0,2
No Detections,IF02,No Detections,No Detections,No Detections,2026-05-26,NA,NA,0,0,2
No Detections,IF02,No Detections,No Detections,No Detections,2026-05-27,NA,NA,0,0,2
No Detections,IF02,No Detections,No Detections,No Detections,2026-05-28,NA,NA,0,0,2
Peromyscus or Ochrotomys Species,IF02,Mammalia,Peromyscus,NA,2026-05-29,2026-05-29T22:02:10Z,2026-05-29T22:02:11Z,0,0,2
No Detections,IF02,No Detections,No Detections,No Detections,2026-05-30,NA,NA,0,0,2
No Detections,IF02,No Detections,No Detections,No Detections,2026-05-31,NA,NA,0,0,2
No Detections,IF02,No Detections,No Detections,No Detections,2026-06-01,NA,NA,0,0,2
No Detections,IF02,No Detections,No Detections,No Detections,2026-06-02,NA,NA,0,0,2
No Detections,IF02,No Detections,No Detections,No Detections,2026-06-03,NA,NA,0,0,2
Timber Rattlesnake,IF02,Reptilia,Crotalus,horridus,2026-06-04,2026-06-04T17:30:31Z,2026-06-04T17:30:35Z,0,0,2
No Detections,IF02,No Detections,No Detections,No Detections,2026-06-05,NA,NA,0,0,2
No Detections,IF02,No Detections,No Detections,No Detections,2026-06-06,NA,NA,0,0,2
No Detections,IF02,No Detections,No Detections,No Detections,2026-06-07,NA,NA,0,0,2
No Detections,IF02,No Detections,No Detections,No Detections,2026-06-08,NA,NA,0,0,2
No Detections,IF02,No Detections,No Detections,No Detections,2026-06-09,NA,NA,0,0,2
No Detections,IF02,No Detections,No Detections,No Detections,2026-06-10,NA,NA,0,0,2
No Detections,IF02,No Detections,No Detections,No Detections,2026-06-11,NA,NA,0,0,2
No Detections,IF02,No Detections,No Detections,No Detections,2026-06-12,NA,NA,0,0,2
Southeastern Shrew,IF02,Mammalia,Sorex,longirostris,2026-06-13,2026-06-13T02:50:55Z,2026-06-13T02:50:56Z,0,0,2
No Detections,IF02,No Detections,No Detections,No Detections,2026-06-14,NA,NA,0,0,2
No Detections,IF02,No Detections,No Detections,No Detections,2026-06-15,NA,NA,0,0,2
No Detections,IF02,No Detections,No Detections,No Detections,2026-06-16,NA,NA,0,0,2
No Detections,IF02,No Detections,No Detections,No Detections,2026-06-17,NA,NA,0,0,2
No Detections,IF02,No Detections,No Detections,No Detections,2026-06-18,NA,NA,0,0,2
No Detections,IF02,No Detections,No Detections,No Detections,2026-06-19,NA,NA,0,0,2
No Detections,IF02,No Detections,No Detections,No Detections,2026-06-20,NA,NA,0,0,2
No Detections,IF02,No Detections,No Detections,No Detections,2026-06-21,NA,NA,0,0,2
No Detections,IF02,No Detections,No Detections,No Detections,2026-06-22,NA,NA,0,0,2
No Detections,IF02,No Detections,No Detections,No Detections,2026-06-23,NA,NA,0,0,2
Eastern Racer,IF02,Reptilia,Coluber,constrictor,2026-06-24,2026-06-24T11:35:25Z,2026-06-24T11:35:30Z,0,0,2
Southeastern Shrew,IF02,Mammalia,Sorex,longirostris,2026-06-25,2026-06-25T04:19:32Z,2026-06-25T04:19:33Z,0,0,2
No Detections,IF02,No Detections,No Detections,No Detections,2026-06-26,NA,NA,0,0,2
No Detections,IF02,No Detections,No Detections,No Detections,2026-06-27,NA,NA,0,0,2
No Detections,IF02,No Detections,No Detections,No Detections,2026-06-28,NA,NA,0,0,2
No Detections,IF02,No Detections,No Detections,No Detections,2026-06-29,NA,NA,0,0,2
No Detections,IF02,No Detections,No Detections,No Detections,2026-06-30,NA,NA,0,0,2
No Detections,IF02,No Detections,No Detections,No Detections,2026-07-01,NA,NA,0,0,2
No Detections,IF02,No Detections,No Detections,No Detections,2026-07-02,NA,NA,0,0,2
No Detections,IF02,No Detections,No Detections,No Detections,2026-07-03,NA,NA,0,0,2
Southeastern Shrew,IF02,Mammalia,Sorex,longirostris,2026-07-04,2026-07-04T21:44:32Z,2026-07-04T21:44:33Z,0,0,2
No Detections,IF02,No Detections,No Detections,No Detections,2026-07-05,NA,NA,0,0,2
No Detections,IF02,No Detections,No Detections,No Detections,2026-07-06,NA,NA,0,0,2
No Detections,IF02,No Detections,No Detections,No Detections,2026-07-07,NA,NA,0,0,2
No Detections,IF02,No Detections,No Detections,No Detections,2026-07-08,NA,NA,0,0,2
Southeastern Shrew,IF02,Mammalia,Sorex,longirostris,2026-07-09,2026-07-09T21:25:07Z,2026-07-09T21:25:08Z,0,0,2
No Detections,IF02,No Detections,No Detections,No Detections,2026-07-10,NA,NA,0,0,2
No Detections,IF02,No Detections,No Detections,No Detections,2026-07-11,NA,NA,0,0,2
No Detections,IF02,No Detections,No Detections,No Detections,2026-07-12,NA,NA,0,0,2
No Detections,IF02,No Detections,No Detections,No Detections,2026-07-13,NA,NA,0,0,2
No Detections,IF02,No Detections,No Detections,No Detections,2026-07-14,NA,NA,0,0,2
No Detections,IF02,No Detections,No Detections,No Detections,2026-07-15,NA,NA,0,0,2
Virginia Opossum,IF02,Mammalia,Didelphis,virginiana,2026-07-16,2026-07-16T04:31:15Z,2026-07-16T04:31:16Z,0,0,2
No Detections,IF02,No Detections,No Detections,No Detections,2026-07-17,NA,NA,0,0,2
No Detections,IF02,No Detections,No Detections,No Detections,2026-07-18,NA,NA,0,0,2
No Detections,IF02,No Detections,No Detections,No Detections,2026-07-19,NA,NA,0,0,2
No Detections,IF02,No Detections,No Detections,No Detections,2026-07-20,NA,NA,0,0,2
No Detections,IF02,No Detections,No Detections,No Detections,2026-07-21,NA,NA,0,0,1
No Detections,IF02,No Detections,No Detections,No Detections,2026-07-22,NA,NA,0,0,1
No Detections,IF02,No Detections,No Detections,No Detections,2026-07-23,NA,NA,0,0,1
No Detections,IF02,No Detections,No Detections,No Detections,2026-07-24,NA,NA,0,0,1
No Detections,IF02,No Detections,No Detections,No Detections,2026-07-25,NA,NA,0,0,1
No Detections,IF02,No Detections,No Detections,No Detections,2026-07-26,NA,NA,0,0,1
No Detections,IF02,No Detections,No Detections,No Detections,2026-07-27,NA,NA,0,0,1
No Detections,IF03,No Detections,No Detections,No Detections,2026-03-27,NA,NA,0,0,1
No Detections,IF03,No Detections,No Detections,No Detections,2026-03-28,NA,NA,0,0,1
No Detections,IF03,No Detections,No Detections,No Detections,2026-03-29,NA,NA,0,0,1
Peromyscus or Ochrotomys Species,IF03,Mammalia,Peromyscus,NA,2026-03-30,2026-03-30T22:34:51Z,2026-03-30T22:43:10Z,0,0,1
No Detections,IF03,No Detections,No Detections,No Detections,2026-03-31,NA,NA,0,0,1
No Detections,IF03,No Detections,No Detections,No Detections,2026-04-01,NA,NA,0,0,1
No Detections,IF03,No Detections,No Detections,No Detections,2026-04-02,NA,NA,0,0,1
No Detections,IF03,No Detections,No Detections,No Detections,2026-04-03,NA,NA,0,0,1
No Detections,IF03,No Detections,No Detections,No Detections,2026-04-04,NA,NA,0,0,1
No Detections,IF03,No Detections,No Detections,No Detections,2026-04-05,NA,NA,0,0,1
No Detections,IF03,No Detections,No Detections,No Detections,2026-04-06,NA,NA,0,0,1
No Detections,IF03,No Detections,No Detections,No Detections,2026-04-07,NA,NA,0,0,1
Peromyscus or Ochrotomys Species,IF03,Mammalia,Peromyscus,NA,2026-04-08,2026-04-08T00:34:05Z,2026-04-08T00:34:05Z,0,0,1
No Detections,IF03,No Detections,No Detections,No Detections,2026-04-09,NA,NA,0,0,1
No Detections,IF03,No Detections,No Detections,No Detections,2026-04-10,NA,NA,0,0,1
No Detections,IF03,No Detections,No Detections,No Detections,2026-04-11,NA,NA,0,0,1
No Detections,IF03,No Detections,No Detections,No Detections,2026-04-12,NA,NA,0,0,1
Marsh Rabbit,IF03,Mammalia,Sylvilagus,palustris,2026-04-13,2026-04-13T03:24:33Z,2026-04-13T03:24:33Z,0,0,1
No Detections,IF03,No Detections,No Detections,No Detections,2026-04-14,NA,NA,0,0,1
No Detections,IF03,No Detections,No Detections,No Detections,2026-04-15,NA,NA,0,0,1
No Detections,IF03,No Detections,No Detections,No Detections,2026-04-16,NA,NA,0,0,1
No Detections,IF03,No Detections,No Detections,No Detections,2026-04-17,NA,NA,0,0,1
No Detections,IF03,No Detections,No Detections,No Detections,2026-04-18,NA,NA,0,0,1
No Detections,IF03,No Detections,No Detections,No Detections,2026-04-19,NA,NA,0,0,1
No Detections,IF03,No Detections,No Detections,No Detections,2026-04-20,NA,NA,0,0,1
No Detections,IF03,No Detections,No Detections,No Detections,2026-04-21,NA,NA,0,0,1
No Detections,IF03,No Detections,No Detections,No Detections,2026-04-22,NA,NA,0,0,1
No Detections,IF03,No Detections,No Detections,No Detections,2026-04-23,NA,NA,0,0,1
No Detections,IF03,No Detections,No Detections,No Detections,2026-04-24,NA,NA,0,0,1
No Detections,IF03,No Detections,No Detections,No Detections,2026-04-25,NA,NA,0,0,1
Peromyscus or Ochrotomys Species,IF03,Mammalia,Peromyscus,NA,2026-04-26,2026-04-26T21:59:46Z,2026-04-26T21:59:46Z,0,0,1
No Detections,IF03,No Detections,No Detections,No Detections,2026-04-27,NA,NA,0,0,1
No Detections,IF03,No Detections,No Detections,No Detections,2026-04-28,NA,NA,0,0,1
No Detections,IF03,No Detections,No Detections,No Detections,2026-04-29,NA,NA,0,0,1
Peromyscus or Ochrotomys Species,IF03,Mammalia,Peromyscus,NA,2026-04-30,2026-04-30T23:25:59Z,2026-04-30T23:26:26Z,0,0,1
North American Least Shrew,IF03,Mammalia,Cryptotis,parvus,2026-05-01,2026-05-01T18:56:20Z,2026-05-01T18:56:26Z,0,0,1
Peromyscus or Ochrotomys Species,IF03,Mammalia,Peromyscus,NA,2026-05-02,2026-05-02T22:03:04Z,2026-05-02T22:03:08Z,0,0,1
Southeastern Shrew,IF03,Mammalia,Sorex,longirostris,2026-05-02,2026-05-02T23:01:47Z,2026-05-02T23:01:47Z,0,0,1
No Detections,IF03,No Detections,No Detections,No Detections,2026-05-03,NA,NA,0,0,1
No Detections,IF03,No Detections,No Detections,No Detections,2026-05-04,NA,NA,0,0,1
Little Brown Skink,IF03,Reptilia,Scincella,lateralis,2026-05-05,2026-05-05T12:52:51Z,2026-05-05T12:52:51Z,0,0,1
No Detections,IF03,No Detections,No Detections,No Detections,2026-05-06,NA,NA,0,0,1
Southeastern Shrew,IF03,Mammalia,Sorex,longirostris,2026-05-07,2026-05-07T00:52:12Z,2026-05-07T00:52:49Z,0,0,1
North American Least Shrew,IF03,Mammalia,Cryptotis,parvus,2026-05-07,2026-05-07T04:27:51Z,2026-05-07T04:27:52Z,0,0,1
Southeastern Shrew,IF03,Mammalia,Sorex,longirostris,2026-05-07,2026-05-07T14:34:14Z,2026-05-07T14:34:26Z,0,0,1
No Detections,IF03,No Detections,No Detections,No Detections,2026-05-08,NA,NA,0,0,1
North American Least Shrew,IF03,Mammalia,Cryptotis,parvus,2026-05-09,2026-05-09T00:00:15Z,2026-05-09T00:00:41Z,0,0,1
No Detections,IF03,No Detections,No Detections,No Detections,2026-05-10,NA,NA,0,0,1
Southeastern Shrew,IF03,Mammalia,Sorex,longirostris,2026-05-11,2026-05-11T00:58:20Z,2026-05-11T00:58:20Z,0,0,1
House Mouse,IF03,Mammalia,Mus,musculus,2026-05-11,2026-05-11T20:22:18Z,2026-05-11T20:22:18Z,0,0,1
Southeastern Shrew,IF03,Mammalia,Sorex,longirostris,2026-05-11,2026-05-11T21:44:48Z,2026-05-11T21:44:56Z,0,0,1
No Detections,IF03,No Detections,No Detections,No Detections,2026-05-12,NA,NA,0,0,1
No Detections,IF03,No Detections,No Detections,No Detections,2026-05-13,NA,NA,0,0,2
No Detections,IF03,No Detections,No Detections,No Detections,2026-05-14,NA,NA,0,0,2
No Detections,IF03,No Detections,No Detections,No Detections,2026-05-15,NA,NA,0,0,2
No Detections,IF03,No Detections,No Detections,No Detections,2026-05-16,NA,NA,0,0,2
No Detections,IF03,No Detections,No Detections,No Detections,2026-05-17,NA,NA,0,0,2
No Detections,IF03,No Detections,No Detections,No Detections,2026-05-18,NA,NA,0,0,2
No Detections,IF03,No Detections,No Detections,No Detections,2026-05-19,NA,NA,0,0,2
No Detections,IF03,No Detections,No Detections,No Detections,2026-05-20,NA,NA,0,0,2
Southern Toad,IF03,Amphibia,Anaxyrus,terrestris,2026-05-21,2026-05-21T20:32:51Z,2026-05-21T20:32:52Z,0,0,2
No Detections,IF03,No Detections,No Detections,No Detections,2026-05-22,NA,NA,0,0,2
No Detections,IF03,No Detections,No Detections,No Detections,2026-05-23,NA,NA,0,0,2
No Detections,IF03,No Detections,No Detections,No Detections,2026-05-24,NA,NA,0,0,2
No Detections,IF03,No Detections,No Detections,No Detections,2026-05-25,NA,NA,0,0,2
No Detections,IF03,No Detections,No Detections,No Detections,2026-05-26,NA,NA,0,0,2
No Detections,IF03,No Detections,No Detections,No Detections,2026-05-27,NA,NA,0,0,2
North American Least Shrew,IF03,Mammalia,Cryptotis,parvus,2026-05-28,2026-05-28T14:08:21Z,2026-05-28T14:08:21Z,0,0,2
No Detections,IF03,No Detections,No Detections,No Detections,2026-05-29,NA,NA,0,0,2
No Detections,IF03,No Detections,No Detections,No Detections,2026-05-30,NA,NA,0,0,2
No Detections,IF03,No Detections,No Detections,No Detections,2026-05-31,NA,NA,0,0,2
No Detections,IF03,No Detections,No Detections,No Detections,2026-06-01,NA,NA,0,0,2
No Detections,IF03,No Detections,No Detections,No Detections,2026-06-02,NA,NA,0,0,2
North American Least Shrew,IF03,Mammalia,Cryptotis,parvus,2026-06-03,2026-06-03T14:13:11Z,2026-06-03T14:13:11Z,0,0,2
North American Least Shrew,IF03,Mammalia,Cryptotis,parvus,2026-06-04,2026-06-04T12:26:17Z,2026-06-04T12:26:17Z,0,0,2
No Detections,IF03,No Detections,No Detections,No Detections,2026-06-05,NA,NA,0,0,2
No Detections,IF03,No Detections,No Detections,No Detections,2026-06-06,NA,NA,0,0,2
No Detections,IF03,No Detections,No Detections,No Detections,2026-06-07,NA,NA,0,0,2
Southeastern Shrew,IF03,Mammalia,Sorex,longirostris,2026-06-08,2026-06-08T12:36:38Z,2026-06-08T12:36:38Z,0,0,2
No Detections,IF03,No Detections,No Detections,No Detections,2026-06-09,NA,NA,0,0,2
No Detections,IF03,No Detections,No Detections,No Detections,2026-06-10,NA,NA,0,0,2
Southeastern Shrew,IF03,Mammalia,Sorex,longirostris,2026-06-11,2026-06-11T23:22:36Z,2026-06-11T23:22:37Z,0,0,2
No Detections,IF03,No Detections,No Detections,No Detections,2026-06-12,NA,NA,0,0,2
Southern Toad,IF03,Amphibia,Anaxyrus,terrestris,2026-06-13,2026-06-13T15:43:24Z,2026-06-13T15:43:24Z,0,0,2
No Detections,IF03,No Detections,No Detections,No Detections,2026-06-14,NA,NA,0,0,2
No Detections,IF03,No Detections,No Detections,No Detections,2026-06-15,NA,NA,0,0,2
No Detections,IF03,No Detections,No Detections,No Detections,2026-06-16,NA,NA,0,0,2
Southern Toad,IF03,Amphibia,Anaxyrus,terrestris,2026-06-17,2026-06-17T18:40:41Z,2026-06-17T18:57:01Z,0,0,2
No Detections,IF03,No Detections,No Detections,No Detections,2026-06-18,NA,NA,0,0,2
Little Brown Skink,IF03,Reptilia,Scincella,lateralis,2026-06-19,2026-06-19T19:22:02Z,2026-06-19T19:22:03Z,0,0,2
Marsh Rabbit,IF03,Mammalia,Sylvilagus,palustris,2026-06-19,2026-06-19T19:23:19Z,2026-06-19T20:00:40Z,0,0,2
Marsh Rabbit,IF03,Mammalia,Sylvilagus,palustris,2026-06-20,2026-06-20T19:05:55Z,2026-06-20T19:05:55Z,0,0,2
No Detections,IF03,No Detections,No Detections,No Detections,2026-06-21,NA,NA,0,0,2
No Detections,IF03,No Detections,No Detections,No Detections,2026-06-22,NA,NA,0,0,2
No Detections,IF03,No Detections,No Detections,No Detections,2026-06-23,NA,NA,0,0,2
No Detections,IF03,No Detections,No Detections,No Detections,2026-06-24,NA,NA,0,0,2
No Detections,IF03,No Detections,No Detections,No Detections,2026-06-25,NA,NA,0,0,2
Southern Toad,IF03,Amphibia,Anaxyrus,terrestris,2026-06-26,2026-06-26T14:35:20Z,2026-06-26T14:35:20Z,0,0,2
No Detections,IF03,No Detections,No Detections,No Detections,2026-06-27,NA,NA,0,0,2
No Detections,IF03,No Detections,No Detections,No Detections,2026-06-28,NA,NA,0,0,2
Southeastern Shrew,IF03,Mammalia,Sorex,longirostris,2026-06-29,2026-06-29T05:29:53Z,2026-06-29T05:30:00Z,0,0,2
No Detections,IF03,No Detections,No Detections,No Detections,2026-06-30,NA,NA,0,0,2
No Detections,IF03,No Detections,No Detections,No Detections,2026-07-01,NA,NA,0,0,2
Marsh Rabbit,IF03,Mammalia,Sylvilagus,palustris,2026-07-02,2026-07-02T19:35:42Z,2026-07-02T19:37:04Z,0,0,2
No Detections,IF03,No Detections,No Detections,No Detections,2026-07-03,NA,NA,0,0,2
No Detections,IF03,No Detections,No Detections,No Detections,2026-07-04,NA,NA,0,0,2
No Detections,IF03,No Detections,No Detections,No Detections,2026-07-05,NA,NA,0,0,2
Southeastern Shrew,IF03,Mammalia,Sorex,longirostris,2026-07-06,2026-07-06T21:07:05Z,2026-07-06T21:07:06Z,0,0,2
No Detections,IF03,No Detections,No Detections,No Detections,2026-07-07,NA,NA,0,0,2
No Detections,IF03,No Detections,No Detections,No Detections,2026-07-08,NA,NA,0,0,2
No Detections,IF03,No Detections,No Detections,No Detections,2026-07-09,NA,NA,0,0,2
No Detections,IF03,No Detections,No Detections,No Detections,2026-07-10,NA,NA,0,0,2
No Detections,IF03,No Detections,No Detections,No Detections,2026-07-11,NA,NA,0,0,2
No Detections,IF03,No Detections,No Detections,No Detections,2026-07-12,NA,NA,0,0,2
No Detections,IF03,No Detections,No Detections,No Detections,2026-07-13,NA,NA,0,0,2
No Detections,IF03,No Detections,No Detections,No Detections,2026-07-14,NA,NA,0,0,2
No Detections,IF03,No Detections,No Detections,No Detections,2026-07-15,NA,NA,0,0,2
Little Brown Skink,IF03,Reptilia,Scincella,lateralis,2026-07-16,2026-07-16T11:33:56Z,2026-07-16T11:33:56Z,0,0,2
No Detections,IF03,No Detections,No Detections,No Detections,2026-07-17,NA,NA,0,0,2
No Detections,IF03,No Detections,No Detections,No Detections,2026-07-18,NA,NA,0,0,2
No Detections,IF03,No Detections,No Detections,No Detections,2026-07-19,NA,NA,0,0,2
No Detections,IF03,No Detections,No Detections,No Detections,2026-07-20,NA,NA,0,0,2
No Detections,IF03,No Detections,No Detections,No Detections,2026-07-21,NA,NA,0,0,2
No Detections,IF03,No Detections,No Detections,No Detections,2026-07-22,NA,NA,0,0,2
No Detections,IF03,No Detections,No Detections,No Detections,2026-07-23,NA,NA,0,0,2
No Detections,IF03,No Detections,No Detections,No Detections,2026-07-24,NA,NA,0,0,2
No Detections,IF03,No Detections,No Detections,No Detections,2026-07-25,NA,NA,0,0,2
No Detections,IF03,No Detections,No Detections,No Detections,2026-07-26,NA,NA,0,0,2
No Detections,IF03,No Detections,No Detections,No Detections,2026-07-27,NA,NA,0,0,2
No Detections,IF03,No Detections,No Detections,No Detections,2026-07-28,NA,NA,0,0,2
Peromyscus or Ochrotomys Species,IF03,Mammalia,Peromyscus,NA,2026-07-29,2026-07-29T22:19:48Z,2026-07-29T22:23:50Z,0,0,2
Peromyscus or Ochrotomys Species,IF03,Mammalia,Peromyscus,NA,2026-07-30,2026-07-30T01:16:30Z,2026-07-30T01:17:15Z,0,0,2
No Detections,IF03,No Detections,No Detections,No Detections,2026-07-31,NA,NA,0,0,1
No Detections,IF04,No Detections,No Detections,No Detections,2026-04-08,NA,NA,0,0,2
North American Least Shrew,IF04,Mammalia,Cryptotis,parvus,2026-04-09,2026-04-09T18:22:36Z,2026-04-09T18:22:36Z,0,0,2
No Detections,IF04,No Detections,No Detections,No Detections,2026-04-10,NA,NA,0,0,2
No Detections,IF04,No Detections,No Detections,No Detections,2026-04-11,NA,NA,0,0,2
No Detections,IF04,No Detections,No Detections,No Detections,2026-04-12,NA,NA,0,0,2
Peromyscus or Ochrotomys Species,IF04,Mammalia,Peromyscus,NA,2026-04-13,2026-04-13T23:52:28Z,2026-04-13T23:53:19Z,0,0,2
Peromyscus or Ochrotomys Species,IF04,Mammalia,Peromyscus,NA,2026-04-14,2026-04-14T21:52:43Z,2026-04-14T21:52:53Z,0,0,2
No Detections,IF04,No Detections,No Detections,No Detections,2026-04-15,NA,NA,0,0,2
No Detections,IF04,No Detections,No Detections,No Detections,2026-04-16,NA,NA,0,0,2
No Detections,IF04,No Detections,No Detections,No Detections,2026-04-17,NA,NA,0,0,2
No Detections,IF04,No Detections,No Detections,No Detections,2026-04-18,NA,NA,0,0,1
No Detections,IF04,No Detections,No Detections,No Detections,2026-04-19,NA,NA,0,0,1
No Detections,IF04,No Detections,No Detections,No Detections,2026-04-20,NA,NA,0,0,1
No Detections,IF04,No Detections,No Detections,No Detections,2026-04-21,NA,NA,0,0,1
No Detections,IF04,No Detections,No Detections,No Detections,2026-04-22,NA,NA,0,0,1
No Detections,IF04,No Detections,No Detections,No Detections,2026-04-23,NA,NA,0,0,1
No Detections,IF04,No Detections,No Detections,No Detections,2026-04-24,NA,NA,0,0,1
No Detections,IF04,No Detections,No Detections,No Detections,2026-04-25,NA,NA,0,0,1
No Detections,IF04,No Detections,No Detections,No Detections,2026-04-26,NA,NA,0,0,1
No Detections,IF04,No Detections,No Detections,No Detections,2026-04-27,NA,NA,0,0,1
No Detections,IF04,No Detections,No Detections,No Detections,2026-04-28,NA,NA,0,0,1
No Detections,IF04,No Detections,No Detections,No Detections,2026-04-29,NA,NA,0,0,1
No Detections,IF04,No Detections,No Detections,No Detections,2026-04-30,NA,NA,0,0,1
No Detections,IF04,No Detections,No Detections,No Detections,2026-05-01,NA,NA,0,0,1
No Detections,IF04,No Detections,No Detections,No Detections,2026-05-02,NA,NA,0,0,1
No Detections,IF04,No Detections,No Detections,No Detections,2026-05-03,NA,NA,0,0,1
No Detections,IF04,No Detections,No Detections,No Detections,2026-05-04,NA,NA,0,0,1
No Detections,IF04,No Detections,No Detections,No Detections,2026-05-05,NA,NA,0,0,1
No Detections,IF04,No Detections,No Detections,No Detections,2026-05-06,NA,NA,0,0,2
No Detections,IF04,No Detections,No Detections,No Detections,2026-05-07,NA,NA,0,0,2
No Detections,IF04,No Detections,No Detections,No Detections,2026-05-08,NA,NA,0,0,2
No Detections,IF04,No Detections,No Detections,No Detections,2026-05-09,NA,NA,0,0,2
Eastern Racer,IF04,Reptilia,Coluber,constrictor,2026-05-10,2026-05-10T11:53:12Z,2026-05-10T11:53:12Z,0,0,2
No Detections,IF04,No Detections,No Detections,No Detections,2026-05-11,NA,NA,0,0,2
No Detections,IF04,No Detections,No Detections,No Detections,2026-05-12,NA,NA,0,0,2
No Detections,IF04,No Detections,No Detections,No Detections,2026-05-13,NA,NA,0,0,2
Southeastern Shrew,IF04,Mammalia,Sorex,longirostris,2026-05-14,2026-05-14T03:27:02Z,2026-05-14T03:27:02Z,0,0,2
Peromyscus or Ochrotomys Species,IF04,Mammalia,Peromyscus,NA,2026-05-15,2026-05-15T01:12:43Z,2026-05-15T01:12:43Z,0,0,2
Southeastern Shrew,IF04,Mammalia,Sorex,longirostris,2026-05-15,2026-05-15T02:30:15Z,2026-05-15T02:30:15Z,0,0,2
No Detections,IF04,No Detections,No Detections,No Detections,2026-05-16,NA,NA,0,0,2
No Detections,IF04,No Detections,No Detections,No Detections,2026-05-17,NA,NA,0,0,2
No Detections,IF04,No Detections,No Detections,No Detections,2026-05-18,NA,NA,0,0,2
No Detections,IF04,No Detections,No Detections,No Detections,2026-05-19,NA,NA,0,0,2
No Detections,IF04,No Detections,No Detections,No Detections,2026-05-20,NA,NA,0,0,2
No Detections,IF04,No Detections,No Detections,No Detections,2026-05-21,NA,NA,0,0,2
No Detections,IF04,No Detections,No Detections,No Detections,2026-05-22,NA,NA,0,0,2
Eastern Rat Snake,IF04,Reptilia,Pantherophis,alleghaniensis,2026-05-23,2026-05-23T14:42:24Z,2026-05-23T14:42:28Z,0,0,2
No Detections,IF04,No Detections,No Detections,No Detections,2026-05-24,NA,NA,0,0,2
No Detections,IF04,No Detections,No Detections,No Detections,2026-05-25,NA,NA,0,0,2
No Detections,IF04,No Detections,No Detections,No Detections,2026-05-26,NA,NA,0,0,2
No Detections,IF04,No Detections,No Detections,No Detections,2026-05-27,NA,NA,0,0,2
No Detections,IF04,No Detections,No Detections,No Detections,2026-05-28,NA,NA,0,0,2
No Detections,IF04,No Detections,No Detections,No Detections,2026-05-29,NA,NA,0,0,2
No Detections,IF04,No Detections,No Detections,No Detections,2026-05-30,NA,NA,0,0,2
No Detections,IF04,No Detections,No Detections,No Detections,2026-05-31,NA,NA,0,0,2
No Detections,IF04,No Detections,No Detections,No Detections,2026-06-01,NA,NA,0,0,2
No Detections,IF04,No Detections,No Detections,No Detections,2026-06-02,NA,NA,0,0,2
Southeastern Shrew,IF04,Mammalia,Sorex,longirostris,2026-06-03,2026-06-03T22:25:23Z,2026-06-03T22:25:23Z,0,0,2
Eastern Racer,IF04,Reptilia,Coluber,constrictor,2026-06-04,2026-06-04T13:48:56Z,2026-06-04T14:01:38Z,0,0,2
No Detections,IF04,No Detections,No Detections,No Detections,2026-06-05,NA,NA,0,0,2
No Detections,IF04,No Detections,No Detections,No Detections,2026-06-06,NA,NA,0,0,2
No Detections,IF04,No Detections,No Detections,No Detections,2026-06-07,NA,NA,0,0,2
No Detections,IF04,No Detections,No Detections,No Detections,2026-06-08,NA,NA,0,0,2
No Detections,IF04,No Detections,No Detections,No Detections,2026-06-09,NA,NA,0,0,2
No Detections,IF04,No Detections,No Detections,No Detections,2026-06-10,NA,NA,0,0,2
No Detections,IF04,No Detections,No Detections,No Detections,2026-06-11,NA,NA,0,0,2
No Detections,IF04,No Detections,No Detections,No Detections,2026-06-12,NA,NA,0,0,2
No Detections,IF04,No Detections,No Detections,No Detections,2026-06-13,NA,NA,0,0,2
No Detections,IF04,No Detections,No Detections,No Detections,2026-06-14,NA,NA,0,0,2
No Detections,IF04,No Detections,No Detections,No Detections,2026-06-15,NA,NA,0,0,2
No Detections,IF04,No Detections,No Detections,No Detections,2026-06-16,NA,NA,0,0,2
No Detections,IF04,No Detections,No Detections,No Detections,2026-06-17,NA,NA,0,0,2
No Detections,IF04,No Detections,No Detections,No Detections,2026-06-18,NA,NA,0,0,2
No Detections,IF04,No Detections,No Detections,No Detections,2026-06-19,NA,NA,0,0,2
No Detections,IF04,No Detections,No Detections,No Detections,2026-06-20,NA,NA,0,0,2
No Detections,IF04,No Detections,No Detections,No Detections,2026-06-21,NA,NA,0,0,2
Southeastern Shrew,IF04,Mammalia,Sorex,longirostris,2026-06-22,2026-06-22T01:55:57Z,2026-06-22T01:55:57Z,0,0,2
No Detections,IF04,No Detections,No Detections,No Detections,2026-06-23,NA,NA,0,0,2
No Detections,IF04,No Detections,No Detections,No Detections,2026-06-24,NA,NA,0,0,2
Eastern Rat Snake,IF04,Reptilia,Pantherophis,alleghaniensis,2026-06-25,2026-06-25T10:41:22Z,2026-06-25T10:42:24Z,0,0,2
No Detections,IF04,No Detections,No Detections,No Detections,2026-06-26,NA,NA,0,0,2
No Detections,IF04,No Detections,No Detections,No Detections,2026-06-27,NA,NA,0,0,2
Southern Short-tailed Shrew,IF04,Mammalia,Blarina,carolinensis,2026-06-28,2026-06-28T22:37:22Z,2026-06-28T22:37:23Z,0,0,2
No Detections,IF04,No Detections,No Detections,No Detections,2026-06-29,NA,NA,0,0,2
Southeastern Shrew,IF04,Mammalia,Sorex,longirostris,2026-06-30,2026-06-30T08:11:12Z,2026-06-30T08:11:12Z,0,0,2
Southeastern Shrew,IF04,Mammalia,Sorex,longirostris,2026-07-01,2026-07-01T05:36:16Z,2026-07-01T05:36:23Z,0,0,2
No Detections,IF04,No Detections,No Detections,No Detections,2026-07-02,NA,NA,0,0,2
No Detections,IF04,No Detections,No Detections,No Detections,2026-07-03,NA,NA,0,0,2
No Detections,IF04,No Detections,No Detections,No Detections,2026-07-04,NA,NA,0,0,2
No Detections,IF04,No Detections,No Detections,No Detections,2026-07-05,NA,NA,0,0,2
No Detections,IF04,No Detections,No Detections,No Detections,2026-07-06,NA,NA,0,0,2
No Detections,IF04,No Detections,No Detections,No Detections,2026-07-07,NA,NA,0,0,2
No Detections,IF04,No Detections,No Detections,No Detections,2026-07-08,NA,NA,0,0,2
Southern Short-tailed Shrew,IF04,Mammalia,Blarina,carolinensis,2026-07-09,2026-07-09T23:13:07Z,2026-07-09T23:13:07Z,0,0,2
No Detections,IF04,No Detections,No Detections,No Detections,2026-07-10,NA,NA,0,0,2
No Detections,IF04,No Detections,No Detections,No Detections,2026-07-11,NA,NA,0,0,2
No Detections,IF04,No Detections,No Detections,No Detections,2026-07-12,NA,NA,0,0,2
Southeastern Shrew,IF04,Mammalia,Sorex,longirostris,2026-07-13,2026-07-13T07:49:51Z,2026-07-13T07:50:00Z,0,0,2
No Detections,IF04,No Detections,No Detections,No Detections,2026-07-14,NA,NA,0,0,2
No Detections,IF04,No Detections,No Detections,No Detections,2026-07-15,NA,NA,0,0,2
No Detections,IF04,No Detections,No Detections,No Detections,2026-07-16,NA,NA,0,0,2
Eastern Racer,IF04,Reptilia,Coluber,constrictor,2026-07-17,2026-07-17T15:46:51Z,2026-07-17T15:46:54Z,0,0,2
No Detections,IF04,No Detections,No Detections,No Detections,2026-07-18,NA,NA,0,0,2
No Detections,IF04,No Detections,No Detections,No Detections,2026-07-19,NA,NA,0,0,2
No Detections,IF04,No Detections,No Detections,No Detections,2026-07-20,NA,NA,0,0,2
No Detections,IF04,No Detections,No Detections,No Detections,2026-07-21,NA,NA,0,0,2
No Detections,IF04,No Detections,No Detections,No Detections,2026-07-22,NA,NA,0,0,2
No Detections,IF04,No Detections,No Detections,No Detections,2026-07-23,NA,NA,0,0,2
No Detections,IF04,No Detections,No Detections,No Detections,2026-07-24,NA,NA,0,0,2
No Detections,IF04,No Detections,No Detections,No Detections,2026-07-25,NA,NA,0,0,2
No Detections,IF04,No Detections,No Detections,No Detections,2026-07-26,NA,NA,0,0,2
No Detections,IF04,No Detections,No Detections,No Detections,2026-07-27,NA,NA,0,0,2
No Detections,IF05,No Detections,No Detections,No Detections,2026-03-28,NA,NA,0,0,1
No Detections,IF05,No Detections,No Detections,No Detections,2026-03-29,NA,NA,0,0,1
No Detections,IF05,No Detections,No Detections,No Detections,2026-03-30,NA,NA,0,0,1
No Detections,IF05,No Detections,No Detections,No Detections,2026-03-31,NA,NA,0,0,1
No Detections,IF05,No Detections,No Detections,No Detections,2026-04-01,NA,NA,0,0,1
Eastern Racer,IF05,Reptilia,Coluber,constrictor,2026-04-02,2026-04-02T14:31:42Z,2026-04-02T14:31:52Z,0,0,1
Eastern Racer,IF05,Reptilia,Coluber,constrictor,2026-04-03,2026-04-03T16:26:08Z,2026-04-03T16:26:08Z,0,0,1
No Detections,IF05,No Detections,No Detections,No Detections,2026-04-04,NA,NA,0,0,1
No Detections,IF05,No Detections,No Detections,No Detections,2026-04-05,NA,NA,0,0,1
No Detections,IF05,No Detections,No Detections,No Detections,2026-04-06,NA,NA,0,0,1
No Detections,IF05,No Detections,No Detections,No Detections,2026-04-07,NA,NA,0,0,1
No Detections,IF05,No Detections,No Detections,No Detections,2026-04-08,NA,NA,0,0,1
No Detections,IF05,No Detections,No Detections,No Detections,2026-04-09,NA,NA,0,0,1
No Detections,IF05,No Detections,No Detections,No Detections,2026-04-10,NA,NA,0,0,1
North American Least Shrew,IF05,Mammalia,Cryptotis,parvus,2026-04-11,2026-04-11T01:47:40Z,2026-04-11T01:47:46Z,0,0,1
No Detections,IF05,No Detections,No Detections,No Detections,2026-04-12,NA,NA,0,0,1
Peromyscus or Ochrotomys Species,IF05,Mammalia,Peromyscus,NA,2026-04-13,2026-04-13T04:01:07Z,2026-04-13T04:01:07Z,0,0,1
Little Brown Skink,IF05,Reptilia,Scincella,lateralis,2026-04-14,2026-04-14T11:03:39Z,2026-04-14T11:03:40Z,0,0,1
No Detections,IF05,No Detections,No Detections,No Detections,2026-04-15,NA,NA,0,0,1
No Detections,IF05,No Detections,No Detections,No Detections,2026-04-16,NA,NA,0,0,1
No Detections,IF05,No Detections,No Detections,No Detections,2026-04-17,NA,NA,0,0,1
No Detections,IF05,No Detections,No Detections,No Detections,2026-04-18,NA,NA,0,0,1
No Detections,IF05,No Detections,No Detections,No Detections,2026-04-19,NA,NA,0,0,1
No Detections,IF05,No Detections,No Detections,No Detections,2026-04-20,NA,NA,0,0,1
No Detections,IF05,No Detections,No Detections,No Detections,2026-04-21,NA,NA,0,0,1
No Detections,IF05,No Detections,No Detections,No Detections,2026-04-22,NA,NA,0,0,1
No Detections,IF05,No Detections,No Detections,No Detections,2026-04-23,NA,NA,0,0,1
No Detections,IF05,No Detections,No Detections,No Detections,2026-04-24,NA,NA,0,0,1
No Detections,IF05,No Detections,No Detections,No Detections,2026-04-25,NA,NA,0,0,1
Southeastern Shrew,IF05,Mammalia,Sorex,longirostris,2026-04-26,2026-04-26T00:01:06Z,2026-04-26T00:01:06Z,0,0,1
No Detections,IF05,No Detections,No Detections,No Detections,2026-04-27,NA,NA,0,0,1
Southeastern Shrew,IF05,Mammalia,Sorex,longirostris,2026-04-28,2026-04-28T04:22:01Z,2026-04-28T04:22:08Z,0,0,1
No Detections,IF05,No Detections,No Detections,No Detections,2026-04-29,NA,NA,0,0,1
No Detections,IF05,No Detections,No Detections,No Detections,2026-04-30,NA,NA,0,0,1
No Detections,IF05,No Detections,No Detections,No Detections,2026-05-01,NA,NA,0,0,1
Southeastern Shrew,IF05,Mammalia,Sorex,longirostris,2026-05-02,2026-05-02T05:00:41Z,2026-05-02T05:00:41Z,0,0,1
Southeastern Shrew,IF05,Mammalia,Sorex,longirostris,2026-05-03,2026-05-03T19:09:49Z,2026-05-03T19:09:56Z,0,0,1
No Detections,IF05,No Detections,No Detections,No Detections,2026-05-04,NA,NA,0,0,1
No Detections,IF05,No Detections,No Detections,No Detections,2026-05-05,NA,NA,0,0,1
No Detections,IF05,No Detections,No Detections,No Detections,2026-05-06,NA,NA,0,0,2
No Detections,IF05,No Detections,No Detections,No Detections,2026-05-07,NA,NA,0,0,2
No Detections,IF05,No Detections,No Detections,No Detections,2026-05-08,NA,NA,0,0,2
No Detections,IF05,No Detections,No Detections,No Detections,2026-05-09,NA,NA,0,0,2
No Detections,IF05,No Detections,No Detections,No Detections,2026-05-10,NA,NA,0,0,2
Southeastern Shrew,IF05,Mammalia,Sorex,longirostris,2026-05-11,2026-05-11T05:23:16Z,2026-05-11T05:23:16Z,0,0,2
Southeastern Shrew,IF05,Mammalia,Sorex,longirostris,2026-05-11,2026-05-11T23:58:47Z,2026-05-11T23:58:47Z,0,0,2
Southeastern Shrew,IF05,Mammalia,Sorex,longirostris,2026-05-12,2026-05-12T22:41:06Z,2026-05-12T22:41:06Z,0,0,2
No Detections,IF05,No Detections,No Detections,No Detections,2026-05-13,NA,NA,0,0,2
No Detections,IF05,No Detections,No Detections,No Detections,2026-05-14,NA,NA,0,0,2
No Detections,IF05,No Detections,No Detections,No Detections,2026-05-15,NA,NA,0,0,2
No Detections,IF05,No Detections,No Detections,No Detections,2026-05-16,NA,NA,0,0,2
No Detections,IF05,No Detections,No Detections,No Detections,2026-05-17,NA,NA,0,0,2
No Detections,IF05,No Detections,No Detections,No Detections,2026-05-18,NA,NA,0,0,2
Peromyscus or Ochrotomys Species,IF05,Mammalia,Peromyscus,NA,2026-05-19,2026-05-19T00:59:59Z,2026-05-19T01:00:03Z,0,0,2
No Detections,IF05,No Detections,No Detections,No Detections,2026-05-20,NA,NA,0,0,2
No Detections,IF05,No Detections,No Detections,No Detections,2026-05-21,NA,NA,0,0,2
No Detections,IF05,No Detections,No Detections,No Detections,2026-05-22,NA,NA,0,0,2
No Detections,IF05,No Detections,No Detections,No Detections,2026-05-23,NA,NA,0,0,2
No Detections,IF05,No Detections,No Detections,No Detections,2026-05-24,NA,NA,0,0,2
No Detections,IF05,No Detections,No Detections,No Detections,2026-05-25,NA,NA,0,0,2
Southeastern Shrew,IF05,Mammalia,Sorex,longirostris,2026-05-26,2026-05-26T02:55:19Z,2026-05-26T02:55:20Z,0,0,2
No Detections,IF05,No Detections,No Detections,No Detections,2026-05-27,NA,NA,0,0,2
No Detections,IF05,No Detections,No Detections,No Detections,2026-05-28,NA,NA,0,0,2
No Detections,IF05,No Detections,No Detections,No Detections,2026-05-29,NA,NA,0,0,2
No Detections,IF05,No Detections,No Detections,No Detections,2026-05-30,NA,NA,0,0,2
No Detections,IF05,No Detections,No Detections,No Detections,2026-05-31,NA,NA,0,0,2
No Detections,IF05,No Detections,No Detections,No Detections,2026-06-01,NA,NA,0,0,2
No Detections,IF05,No Detections,No Detections,No Detections,2026-06-02,NA,NA,0,0,2
No Detections,IF05,No Detections,No Detections,No Detections,2026-06-03,NA,NA,0,0,2
No Detections,IF05,No Detections,No Detections,No Detections,2026-06-04,NA,NA,0,0,2
North American Least Shrew,IF05,Mammalia,Cryptotis,parvus,2026-06-05,2026-06-05T01:04:14Z,2026-06-05T01:04:15Z,0,0,2
Plestiodon Species,IF05,Reptilia,Plestiodon,NA,2026-06-06,2026-06-06T12:02:05Z,2026-06-06T12:02:05Z,0,0,2
Eastern Racer,IF05,Reptilia,Coluber,constrictor,2026-06-07,2026-06-07T10:55:06Z,2026-06-07T10:55:12Z,0,0,2
Plestiodon Species,IF05,Reptilia,Plestiodon,NA,2026-06-08,2026-06-08T11:10:29Z,2026-06-08T11:10:29Z,0,0,2
No Detections,IF05,No Detections,No Detections,No Detections,2026-06-09,NA,NA,0,0,2
Eastern Racer,IF05,Reptilia,Coluber,constrictor,2026-06-10,2026-06-10T09:48:11Z,2026-06-10T09:48:11Z,0,0,2
No Detections,IF05,No Detections,No Detections,No Detections,2026-06-11,NA,NA,0,0,2
Eastern Racer,IF05,Reptilia,Coluber,constrictor,2026-06-12,2026-06-12T14:58:50Z,2026-06-12T14:58:52Z,0,0,2
No Detections,IF05,No Detections,No Detections,No Detections,2026-06-13,NA,NA,0,0,2
No Detections,IF05,No Detections,No Detections,No Detections,2026-06-14,NA,NA,0,0,2
No Detections,IF05,No Detections,No Detections,No Detections,2026-06-15,NA,NA,0,0,2
No Detections,IF05,No Detections,No Detections,No Detections,2026-06-16,NA,NA,0,0,2
No Detections,IF05,No Detections,No Detections,No Detections,2026-06-17,NA,NA,0,0,2
No Detections,IF05,No Detections,No Detections,No Detections,2026-06-18,NA,NA,0,0,2
No Detections,IF05,No Detections,No Detections,No Detections,2026-06-19,NA,NA,0,0,2
No Detections,IF05,No Detections,No Detections,No Detections,2026-06-20,NA,NA,0,0,2
No Detections,IF05,No Detections,No Detections,No Detections,2026-06-21,NA,NA,0,0,2
Eastern Racer,IF05,Reptilia,Coluber,constrictor,2026-06-22,2026-06-22T16:56:41Z,2026-06-22T16:56:45Z,0,0,2
No Detections,IF05,No Detections,No Detections,No Detections,2026-06-23,NA,NA,0,0,2
Marsh Rice Rat,IF05,Mammalia,Oryzomys,palustris,2026-06-24,2026-06-24T02:31:54Z,2026-06-24T02:31:57Z,0,0,2
No Detections,IF05,No Detections,No Detections,No Detections,2026-06-25,NA,NA,0,0,2
No Detections,IF05,No Detections,No Detections,No Detections,2026-06-26,NA,NA,0,0,2
Southern Short-tailed Shrew,IF05,Mammalia,Blarina,carolinensis,2026-06-27,2026-06-27T03:32:29Z,2026-06-27T03:32:34Z,0,0,2
No Detections,IF05,No Detections,No Detections,No Detections,2026-06-28,NA,NA,0,0,2
No Detections,IF05,No Detections,No Detections,No Detections,2026-06-29,NA,NA,0,0,2
No Detections,IF05,No Detections,No Detections,No Detections,2026-06-30,NA,NA,0,0,2
Southeastern Shrew,IF05,Mammalia,Sorex,longirostris,2026-07-01,2026-07-01T05:54:27Z,2026-07-01T05:54:41Z,0,0,2
No Detections,IF05,No Detections,No Detections,No Detections,2026-07-02,NA,NA,0,0,2
No Detections,IF05,No Detections,No Detections,No Detections,2026-07-03,NA,NA,0,0,2
No Detections,IF05,No Detections,No Detections,No Detections,2026-07-04,NA,NA,0,0,2
No Detections,IF05,No Detections,No Detections,No Detections,2026-07-05,NA,NA,0,0,2
No Detections,IF05,No Detections,No Detections,No Detections,2026-07-06,NA,NA,0,0,2
No Detections,IF05,No Detections,No Detections,No Detections,2026-07-07,NA,NA,0,0,2
No Detections,IF05,No Detections,No Detections,No Detections,2026-07-08,NA,NA,0,0,2
No Detections,IF05,No Detections,No Detections,No Detections,2026-07-09,NA,NA,0,0,2
Southern Short-tailed Shrew,IF05,Mammalia,Blarina,carolinensis,2026-07-10,2026-07-10T00:03:38Z,2026-07-10T00:03:38Z,0,0,2
Southeastern Shrew,IF05,Mammalia,Sorex,longirostris,2026-07-11,2026-07-11T11:27:41Z,2026-07-11T11:27:41Z,0,0,2
Southeastern Shrew,IF05,Mammalia,Sorex,longirostris,2026-07-12,2026-07-12T01:54:09Z,2026-07-12T02:38:01Z,0,0,2
Southeastern Shrew,IF05,Mammalia,Sorex,longirostris,2026-07-12,2026-07-12T05:24:17Z,2026-07-12T05:24:17Z,0,0,2
No Detections,IF05,No Detections,No Detections,No Detections,2026-07-13,NA,NA,0,0,2
No Detections,IF05,No Detections,No Detections,No Detections,2026-07-14,NA,NA,0,0,2
No Detections,IF05,No Detections,No Detections,No Detections,2026-07-15,NA,NA,0,0,2
No Detections,IF05,No Detections,No Detections,No Detections,2026-07-16,NA,NA,0,0,2
No Detections,IF05,No Detections,No Detections,No Detections,2026-07-17,NA,NA,0,0,2
No Detections,IF05,No Detections,No Detections,No Detections,2026-07-18,NA,NA,0,0,2
No Detections,IF05,No Detections,No Detections,No Detections,2026-07-19,NA,NA,0,0,2
No Detections,IF05,No Detections,No Detections,No Detections,2026-07-20,NA,NA,0,0,2
No Detections,IF05,No Detections,No Detections,No Detections,2026-07-21,NA,NA,0,0,2
No Detections,IF05,No Detections,No Detections,No Detections,2026-07-22,NA,NA,0,0,2
No Detections,IF05,No Detections,No Detections,No Detections,2026-07-23,NA,NA,0,0,2
No Detections,IF05,No Detections,No Detections,No Detections,2026-07-24,NA,NA,0,0,2
Hispid Cotton Rat,IF05,Mammalia,Sigmodon,hispidus,2026-07-25,2026-07-25T03:58:59Z,2026-07-25T03:59:00Z,0,0,2
No Detections,IF05,No Detections,No Detections,No Detections,2026-07-26,NA,NA,0,0,2
No Detections,IF05,No Detections,No Detections,No Detections,2026-07-27,NA,NA,0,0,2
No Detections,IF06,No Detections,No Detections,No Detections,2026-03-27,NA,NA,0,0,2
North American Least Shrew,IF06,Mammalia,Cryptotis,parvus,2026-03-28,2026-03-28T03:17:09Z,2026-03-28T03:17:11Z,0,0,2
No Detections,IF06,No Detections,No Detections,No Detections,2026-03-29,NA,NA,0,0,2
No Detections,IF06,No Detections,No Detections,No Detections,2026-03-30,NA,NA,0,0,2
No Detections,IF06,No Detections,No Detections,No Detections,2026-03-31,NA,NA,0,0,2
No Detections,IF06,No Detections,No Detections,No Detections,2026-04-01,NA,NA,0,0,1
No Detections,IF06,No Detections,No Detections,No Detections,2026-04-02,NA,NA,0,0,1
No Detections,IF06,No Detections,No Detections,No Detections,2026-04-03,NA,NA,0,0,1
Peromyscus or Ochrotomys Species,IF06,Mammalia,Peromyscus,NA,2026-04-04,2026-04-04T20:51:19Z,2026-04-04T20:51:19Z,0,0,1
No Detections,IF06,No Detections,No Detections,No Detections,2026-04-05,NA,NA,0,0,1
No Detections,IF06,No Detections,No Detections,No Detections,2026-04-06,NA,NA,0,0,1
No Detections,IF06,No Detections,No Detections,No Detections,2026-04-07,NA,NA,0,0,1
No Detections,IF06,No Detections,No Detections,No Detections,2026-04-08,NA,NA,0,0,1
No Detections,IF06,No Detections,No Detections,No Detections,2026-04-09,NA,NA,0,0,1
No Detections,IF06,No Detections,No Detections,No Detections,2026-04-10,NA,NA,0,0,1
No Detections,IF06,No Detections,No Detections,No Detections,2026-04-11,NA,NA,0,0,1
No Detections,IF06,No Detections,No Detections,No Detections,2026-04-12,NA,NA,0,0,1
No Detections,IF06,No Detections,No Detections,No Detections,2026-04-13,NA,NA,0,0,1
No Detections,IF06,No Detections,No Detections,No Detections,2026-04-14,NA,NA,0,0,1
No Detections,IF06,No Detections,No Detections,No Detections,2026-04-15,NA,NA,0,0,1
No Detections,IF06,No Detections,No Detections,No Detections,2026-04-16,NA,NA,0,0,1
No Detections,IF06,No Detections,No Detections,No Detections,2026-04-17,NA,NA,0,0,1
No Detections,IF06,No Detections,No Detections,No Detections,2026-04-18,NA,NA,0,0,1
No Detections,IF06,No Detections,No Detections,No Detections,2026-04-19,NA,NA,0,0,1
No Detections,IF06,No Detections,No Detections,No Detections,2026-04-20,NA,NA,0,0,1
No Detections,IF06,No Detections,No Detections,No Detections,2026-04-21,NA,NA,0,0,1
No Detections,IF06,No Detections,No Detections,No Detections,2026-04-22,NA,NA,0,0,1
No Detections,IF06,No Detections,No Detections,No Detections,2026-04-23,NA,NA,0,0,1
No Detections,IF06,No Detections,No Detections,No Detections,2026-04-24,NA,NA,0,0,1
No Detections,IF06,No Detections,No Detections,No Detections,2026-04-25,NA,NA,0,0,1
No Detections,IF06,No Detections,No Detections,No Detections,2026-04-26,NA,NA,0,0,1
No Detections,IF06,No Detections,No Detections,No Detections,2026-04-27,NA,NA,0,0,1
No Detections,IF06,No Detections,No Detections,No Detections,2026-04-28,NA,NA,0,0,1
No Detections,IF06,No Detections,No Detections,No Detections,2026-04-29,NA,NA,0,0,1
No Detections,IF06,No Detections,No Detections,No Detections,2026-04-30,NA,NA,0,0,1
No Detections,IF06,No Detections,No Detections,No Detections,2026-05-01,NA,NA,0,0,1
No Detections,IF06,No Detections,No Detections,No Detections,2026-05-02,NA,NA,0,0,1
No Detections,IF06,No Detections,No Detections,No Detections,2026-05-03,NA,NA,0,0,1
No Detections,IF06,No Detections,No Detections,No Detections,2026-05-04,NA,NA,0,0,1
No Detections,IF06,No Detections,No Detections,No Detections,2026-05-05,NA,NA,0,0,1
No Detections,IF06,No Detections,No Detections,No Detections,2026-05-06,NA,NA,0,0,1
No Detections,IF06,No Detections,No Detections,No Detections,2026-05-07,NA,NA,0,0,1
No Detections,IF06,No Detections,No Detections,No Detections,2026-05-08,NA,NA,0,0,1
No Detections,IF06,No Detections,No Detections,No Detections,2026-05-09,NA,NA,0,0,1
No Detections,IF06,No Detections,No Detections,No Detections,2026-05-10,NA,NA,0,0,1
No Detections,IF06,No Detections,No Detections,No Detections,2026-05-11,NA,NA,0,0,1
No Detections,IF06,No Detections,No Detections,No Detections,2026-05-12,NA,NA,0,0,1
No Detections,IF06,No Detections,No Detections,No Detections,2026-05-13,NA,NA,0,0,2
No Detections,IF06,No Detections,No Detections,No Detections,2026-05-14,NA,NA,0,0,2
No Detections,IF06,No Detections,No Detections,No Detections,2026-05-15,NA,NA,0,0,2
No Detections,IF06,No Detections,No Detections,No Detections,2026-05-16,NA,NA,0,0,2
No Detections,IF06,No Detections,No Detections,No Detections,2026-05-17,NA,NA,0,0,2
No Detections,IF06,No Detections,No Detections,No Detections,2026-05-18,NA,NA,0,0,2
No Detections,IF06,No Detections,No Detections,No Detections,2026-05-19,NA,NA,0,0,2
No Detections,IF06,No Detections,No Detections,No Detections,2026-05-20,NA,NA,0,0,2
No Detections,IF06,No Detections,No Detections,No Detections,2026-05-21,NA,NA,0,0,2
No Detections,IF06,No Detections,No Detections,No Detections,2026-05-22,NA,NA,0,0,2
No Detections,IF06,No Detections,No Detections,No Detections,2026-05-23,NA,NA,0,0,2
Southeastern Shrew,IF06,Mammalia,Sorex,longirostris,2026-05-24,2026-05-24T04:07:38Z,2026-05-24T04:07:38Z,0,0,2
No Detections,IF06,No Detections,No Detections,No Detections,2026-05-25,NA,NA,0,0,2
No Detections,IF06,No Detections,No Detections,No Detections,2026-05-26,NA,NA,0,0,2
No Detections,IF06,No Detections,No Detections,No Detections,2026-05-27,NA,NA,0,0,2
Northern Cottonmouth,IF06,Reptilia,Agkistrodon,piscivorus,2026-05-28,2026-05-28T06:05:20Z,2026-05-28T06:05:20Z,0,0,2
No Detections,IF06,No Detections,No Detections,No Detections,2026-05-29,NA,NA,0,0,2
House Mouse,IF06,Mammalia,Mus,musculus,2026-05-30,2026-05-30T21:41:38Z,2026-05-30T21:42:19Z,0,0,2
No Detections,IF06,No Detections,No Detections,No Detections,2026-05-31,NA,NA,0,0,2
No Detections,IF06,No Detections,No Detections,No Detections,2026-06-01,NA,NA,0,0,2
No Detections,IF06,No Detections,No Detections,No Detections,2026-06-02,NA,NA,0,0,2
No Detections,IF06,No Detections,No Detections,No Detections,2026-06-03,NA,NA,0,0,2
No Detections,IF06,No Detections,No Detections,No Detections,2026-06-04,NA,NA,0,0,2
No Detections,IF06,No Detections,No Detections,No Detections,2026-06-05,NA,NA,0,0,2
No Detections,IF06,No Detections,No Detections,No Detections,2026-06-06,NA,NA,0,0,2
No Detections,IF06,No Detections,No Detections,No Detections,2026-06-07,NA,NA,0,0,2
Eastern Racer,IF06,Reptilia,Coluber,constrictor,2026-06-08,2026-06-08T13:04:42Z,2026-06-08T13:04:42Z,0,0,2
No Detections,IF06,No Detections,No Detections,No Detections,2026-06-09,NA,NA,0,0,2
No Detections,IF06,No Detections,No Detections,No Detections,2026-06-10,NA,NA,0,0,2
No Detections,IF06,No Detections,No Detections,No Detections,2026-06-11,NA,NA,0,0,2
No Detections,IF06,No Detections,No Detections,No Detections,2026-06-12,NA,NA,0,0,2
No Detections,IF06,No Detections,No Detections,No Detections,2026-06-13,NA,NA,0,0,2
No Detections,IF06,No Detections,No Detections,No Detections,2026-06-14,NA,NA,0,0,2
No Detections,IF06,No Detections,No Detections,No Detections,2026-06-15,NA,NA,0,0,2
Southeastern Shrew,IF06,Mammalia,Sorex,longirostris,2026-06-16,2026-06-16T23:28:15Z,2026-06-16T23:33:15Z,0,0,2
No Detections,IF06,No Detections,No Detections,No Detections,2026-06-17,NA,NA,0,0,2
No Detections,IF06,No Detections,No Detections,No Detections,2026-06-18,NA,NA,0,0,2
No Detections,IF06,No Detections,No Detections,No Detections,2026-06-19,NA,NA,0,0,2
No Detections,IF06,No Detections,No Detections,No Detections,2026-06-20,NA,NA,0,0,2
No Detections,IF06,No Detections,No Detections,No Detections,2026-06-21,NA,NA,0,0,2
No Detections,IF06,No Detections,No Detections,No Detections,2026-06-22,NA,NA,0,0,2
No Detections,IF06,No Detections,No Detections,No Detections,2026-06-23,NA,NA,0,0,2
No Detections,IF06,No Detections,No Detections,No Detections,2026-06-24,NA,NA,0,0,2
No Detections,IF06,No Detections,No Detections,No Detections,2026-06-25,NA,NA,0,0,2
No Detections,IF06,No Detections,No Detections,No Detections,2026-06-26,NA,NA,0,0,2
No Detections,IF06,No Detections,No Detections,No Detections,2026-06-27,NA,NA,0,0,1
No Detections,IF06,No Detections,No Detections,No Detections,2026-06-28,NA,NA,0,0,1
No Detections,IF06,No Detections,No Detections,No Detections,2026-06-29,NA,NA,0,0,1
No Detections,IF06,No Detections,No Detections,No Detections,2026-06-30,NA,NA,0,0,1
Eastern Racer,IF06,Reptilia,Coluber,constrictor,2026-07-01,2026-07-01T18:48:28Z,2026-07-01T18:48:29Z,0,0,1
Southeastern Shrew,IF06,Mammalia,Sorex,longirostris,2026-07-02,2026-07-02T01:10:59Z,2026-07-02T01:10:59Z,0,0,1
No Detections,IF06,No Detections,No Detections,No Detections,2026-07-03,NA,NA,0,0,1
No Detections,IF06,No Detections,No Detections,No Detections,2026-07-04,NA,NA,0,0,1
No Detections,IF06,No Detections,No Detections,No Detections,2026-07-05,NA,NA,0,0,1
Eastern Racer,IF06,Reptilia,Coluber,constrictor,2026-07-06,2026-07-06T21:34:48Z,2026-07-06T21:34:49Z,0,0,1
No Detections,IF06,No Detections,No Detections,No Detections,2026-07-07,NA,NA,0,0,1
No Detections,IF06,No Detections,No Detections,No Detections,2026-07-08,NA,NA,0,0,1
No Detections,IF06,No Detections,No Detections,No Detections,2026-07-09,NA,NA,0,0,1
No Detections,IF06,No Detections,No Detections,No Detections,2026-07-10,NA,NA,0,0,1
No Detections,IF06,No Detections,No Detections,No Detections,2026-07-11,NA,NA,0,0,1
No Detections,IF06,No Detections,No Detections,No Detections,2026-07-12,NA,NA,0,0,1
No Detections,IF06,No Detections,No Detections,No Detections,2026-07-13,NA,NA,0,0,1
Eastern Rat Snake,IF06,Reptilia,Pantherophis,alleghaniensis,2026-07-14,2026-07-14T22:32:57Z,2026-07-14T22:32:57Z,0,0,1
No Detections,IF06,No Detections,No Detections,No Detections,2026-07-15,NA,NA,0,0,1
No Detections,IF06,No Detections,No Detections,No Detections,2026-07-16,NA,NA,0,0,1
No Detections,IF06,No Detections,No Detections,No Detections,2026-07-17,NA,NA,0,0,1
No Detections,IF06,No Detections,No Detections,No Detections,2026-07-18,NA,NA,0,0,1
No Detections,IF06,No Detections,No Detections,No Detections,2026-07-19,NA,NA,0,0,1
No Detections,IF06,No Detections,No Detections,No Detections,2026-07-20,NA,NA,0,0,1
No Detections,IF06,No Detections,No Detections,No Detections,2026-07-21,NA,NA,0,0,1
No Detections,IF06,No Detections,No Detections,No Detections,2026-07-22,NA,NA,0,0,1
No Detections,IF06,No Detections,No Detections,No Detections,2026-07-23,NA,NA,0,0,1
No Detections,IF06,No Detections,No Detections,No Detections,2026-07-24,NA,NA,0,0,1
No Detections,IF06,No Detections,No Detections,No Detections,2026-07-25,NA,NA,0,0,1
No Detections,IF06,No Detections,No Detections,No Detections,2026-07-26,NA,NA,0,0,2
No Detections,IF06,No Detections,No Detections,No Detections,2026-07-27,NA,NA,0,0,2
No Detections,IF06,No Detections,No Detections,No Detections,2026-07-28,NA,NA,0,0,1
No Detections,IF06,No Detections,No Detections,No Detections,2026-07-29,NA,NA,0,0,1
No Detections,IF06,No Detections,No Detections,No Detections,2026-07-30,NA,NA,0,0,1
No Detections,IF06,No Detections,No Detections,No Detections,2026-07-31,NA,NA,0,0,1
No Detections,IF07,No Detections,No Detections,No Detections,2026-03-27,NA,NA,0,0,2
No Detections,IF07,No Detections,No Detections,No Detections,2026-03-28,NA,NA,0,0,2
No Detections,IF07,No Detections,No Detections,No Detections,2026-03-29,NA,NA,0,0,2
Marsh Rabbit,IF07,Mammalia,Sylvilagus,palustris,2026-03-30,2026-03-30T00:38:02Z,2026-03-30T00:38:02Z,0,0,2
No Detections,IF07,No Detections,No Detections,No Detections,2026-03-31,NA,NA,0,0,2
Eastern Racer,IF07,Reptilia,Coluber,constrictor,2026-04-01,2026-04-01T12:45:51Z,2026-04-01T12:45:56Z,0,0,2
Eastern Rat Snake,IF07,Reptilia,Pantherophis,alleghaniensis,2026-04-01,2026-04-01T13:03:03Z,2026-04-01T13:54:42Z,0,0,2
No Detections,IF07,No Detections,No Detections,No Detections,2026-04-02,NA,NA,0,0,2
No Detections,IF07,No Detections,No Detections,No Detections,2026-04-03,NA,NA,0,0,2
No Detections,IF07,No Detections,No Detections,No Detections,2026-04-04,NA,NA,0,0,2
No Detections,IF07,No Detections,No Detections,No Detections,2026-04-05,NA,NA,0,0,2
No Detections,IF07,No Detections,No Detections,No Detections,2026-04-06,NA,NA,0,0,2
Peromyscus or Ochrotomys Species,IF07,Mammalia,Peromyscus,NA,2026-04-07,2026-04-07T20:39:26Z,2026-04-07T20:39:27Z,0,0,2
No Detections,IF07,No Detections,No Detections,No Detections,2026-04-08,NA,NA,0,0,2
No Detections,IF07,No Detections,No Detections,No Detections,2026-04-09,NA,NA,0,0,2
No Detections,IF07,No Detections,No Detections,No Detections,2026-04-10,NA,NA,0,0,2
No Detections,IF07,No Detections,No Detections,No Detections,2026-04-11,NA,NA,0,0,2
No Detections,IF07,No Detections,No Detections,No Detections,2026-04-12,NA,NA,0,0,2
Eastern Racer,IF07,Reptilia,Coluber,constrictor,2026-04-13,2026-04-13T12:34:16Z,2026-04-13T12:34:23Z,0,0,2
House Mouse,IF07,Mammalia,Mus,musculus,2026-04-13,2026-04-13T21:25:15Z,2026-04-13T21:25:18Z,0,0,2
Peromyscus or Ochrotomys Species,IF07,Mammalia,Peromyscus,NA,2026-04-14,2026-04-14T22:54:02Z,2026-04-14T22:54:07Z,0,0,2
No Detections,IF07,No Detections,No Detections,No Detections,2026-04-15,NA,NA,0,0,2
No Detections,IF07,No Detections,No Detections,No Detections,2026-04-16,NA,NA,0,0,2
No Detections,IF07,No Detections,No Detections,No Detections,2026-04-17,NA,NA,0,0,2
Little Brown Skink,IF07,Reptilia,Scincella,lateralis,2026-04-18,2026-04-18T10:59:05Z,2026-04-18T10:59:15Z,0,0,2
No Detections,IF07,No Detections,No Detections,No Detections,2026-04-19,NA,NA,0,0,2
No Detections,IF07,No Detections,No Detections,No Detections,2026-04-20,NA,NA,0,0,2
No Detections,IF07,No Detections,No Detections,No Detections,2026-04-21,NA,NA,0,0,2
No Detections,IF07,No Detections,No Detections,No Detections,2026-04-22,NA,NA,0,0,2
No Detections,IF07,No Detections,No Detections,No Detections,2026-04-23,NA,NA,0,0,2
No Detections,IF07,No Detections,No Detections,No Detections,2026-04-24,NA,NA,0,0,2
No Detections,IF07,No Detections,No Detections,No Detections,2026-04-25,NA,NA,0,0,2
No Detections,IF07,No Detections,No Detections,No Detections,2026-04-26,NA,NA,0,0,2
No Detections,IF07,No Detections,No Detections,No Detections,2026-04-27,NA,NA,0,0,2
No Detections,IF07,No Detections,No Detections,No Detections,2026-04-28,NA,NA,0,0,2
No Detections,IF07,No Detections,No Detections,No Detections,2026-04-29,NA,NA,0,0,2
No Detections,IF07,No Detections,No Detections,No Detections,2026-04-30,NA,NA,0,0,2
Southeastern Shrew,IF07,Mammalia,Sorex,longirostris,2026-05-01,2026-05-01T01:16:06Z,2026-05-01T01:16:07Z,0,0,2
Southeastern Shrew,IF07,Mammalia,Sorex,longirostris,2026-05-01,2026-05-01T05:16:54Z,2026-05-01T05:16:54Z,0,0,2
No Detections,IF07,No Detections,No Detections,No Detections,2026-05-02,NA,NA,0,0,2
No Detections,IF07,No Detections,No Detections,No Detections,2026-05-03,NA,NA,0,0,2
No Detections,IF07,No Detections,No Detections,No Detections,2026-05-04,NA,NA,0,0,2
Southeastern Shrew,IF07,Mammalia,Sorex,longirostris,2026-05-05,2026-05-05T06:30:05Z,2026-05-05T06:30:10Z,0,0,2
No Detections,IF07,No Detections,No Detections,No Detections,2026-05-06,NA,NA,0,0,2
No Detections,IF07,No Detections,No Detections,No Detections,2026-05-07,NA,NA,0,0,2
Eastern Rat Snake,IF07,Reptilia,Pantherophis,alleghaniensis,2026-05-08,2026-05-08T17:04:03Z,2026-05-08T17:04:04Z,0,0,2
Southeastern Shrew,IF07,Mammalia,Sorex,longirostris,2026-05-08,2026-05-08T19:32:11Z,2026-05-08T19:32:11Z,0,0,2
Southeastern Shrew,IF07,Mammalia,Sorex,longirostris,2026-05-09,2026-05-09T22:45:53Z,2026-05-09T22:45:53Z,0,0,2
No Detections,IF07,No Detections,No Detections,No Detections,2026-05-10,NA,NA,0,0,2
No Detections,IF07,No Detections,No Detections,No Detections,2026-05-11,NA,NA,0,0,2
No Detections,IF07,No Detections,No Detections,No Detections,2026-05-12,NA,NA,0,0,2
No Detections,IF07,No Detections,No Detections,No Detections,2026-05-13,NA,NA,0,0,2
No Detections,IF07,No Detections,No Detections,No Detections,2026-05-14,NA,NA,0,0,2
No Detections,IF07,No Detections,No Detections,No Detections,2026-05-15,NA,NA,0,0,2
No Detections,IF07,No Detections,No Detections,No Detections,2026-05-16,NA,NA,0,0,2
Southeastern Shrew,IF07,Mammalia,Sorex,longirostris,2026-05-17,2026-05-17T01:40:20Z,2026-05-17T01:40:20Z,0,0,2
No Detections,IF07,No Detections,No Detections,No Detections,2026-05-18,NA,NA,0,0,2
No Detections,IF07,No Detections,No Detections,No Detections,2026-05-19,NA,NA,0,0,2
Eastern Racer,IF07,Reptilia,Coluber,constrictor,2026-05-20,2026-05-20T10:21:56Z,2026-05-20T10:22:01Z,0,0,2
Peromyscus or Ochrotomys Species,IF07,Mammalia,Peromyscus,NA,2026-05-21,2026-05-21T01:33:54Z,2026-05-21T01:33:54Z,0,0,2
No Detections,IF07,No Detections,No Detections,No Detections,2026-05-22,NA,NA,0,0,2
Southeastern Shrew,IF07,Mammalia,Sorex,longirostris,2026-05-23,2026-05-23T05:32:56Z,2026-05-23T05:33:00Z,0,0,2
No Detections,IF07,No Detections,No Detections,No Detections,2026-05-24,NA,NA,0,0,2
No Detections,IF07,No Detections,No Detections,No Detections,2026-05-25,NA,NA,0,0,2
No Detections,IF07,No Detections,No Detections,No Detections,2026-05-26,NA,NA,0,0,2
No Detections,IF07,No Detections,No Detections,No Detections,2026-05-27,NA,NA,0,0,2
No Detections,IF07,No Detections,No Detections,No Detections,2026-05-28,NA,NA,0,0,2
No Detections,IF07,No Detections,No Detections,No Detections,2026-05-29,NA,NA,0,0,2
No Detections,IF07,No Detections,No Detections,No Detections,2026-05-30,NA,NA,0,0,2
No Detections,IF07,No Detections,No Detections,No Detections,2026-05-31,NA,NA,0,0,2
No Detections,IF07,No Detections,No Detections,No Detections,2026-06-01,NA,NA,0,0,2
No Detections,IF07,No Detections,No Detections,No Detections,2026-06-02,NA,NA,0,0,2
No Detections,IF07,No Detections,No Detections,No Detections,2026-06-03,NA,NA,0,0,2
No Detections,IF07,No Detections,No Detections,No Detections,2026-06-04,NA,NA,0,0,2
No Detections,IF07,No Detections,No Detections,No Detections,2026-06-05,NA,NA,0,0,2
No Detections,IF07,No Detections,No Detections,No Detections,2026-06-06,NA,NA,0,0,2
No Detections,IF07,No Detections,No Detections,No Detections,2026-06-07,NA,NA,0,0,2
No Detections,IF07,No Detections,No Detections,No Detections,2026-06-08,NA,NA,0,0,2
No Detections,IF07,No Detections,No Detections,No Detections,2026-06-09,NA,NA,0,0,2
No Detections,IF07,No Detections,No Detections,No Detections,2026-06-10,NA,NA,0,0,2
No Detections,IF07,No Detections,No Detections,No Detections,2026-06-11,NA,NA,0,0,2
No Detections,IF07,No Detections,No Detections,No Detections,2026-06-12,NA,NA,0,0,2
No Detections,IF07,No Detections,No Detections,No Detections,2026-06-13,NA,NA,0,0,2
Southeastern Shrew,IF07,Mammalia,Sorex,longirostris,2026-06-14,2026-06-14T10:40:37Z,2026-06-14T10:40:37Z,0,0,2
Southeastern Shrew,IF07,Mammalia,Sorex,longirostris,2026-06-15,2026-06-15T09:59:46Z,2026-06-15T09:59:46Z,0,0,2
No Detections,IF07,No Detections,No Detections,No Detections,2026-06-16,NA,NA,0,0,2
No Detections,IF07,No Detections,No Detections,No Detections,2026-06-17,NA,NA,0,0,2
No Detections,IF07,No Detections,No Detections,No Detections,2026-06-18,NA,NA,0,0,2
No Detections,IF07,No Detections,No Detections,No Detections,2026-06-19,NA,NA,0,0,2
No Detections,IF07,No Detections,No Detections,No Detections,2026-06-20,NA,NA,0,0,2
No Detections,IF07,No Detections,No Detections,No Detections,2026-06-21,NA,NA,0,0,2
No Detections,IF07,No Detections,No Detections,No Detections,2026-06-22,NA,NA,0,0,2
No Detections,IF07,No Detections,No Detections,No Detections,2026-06-23,NA,NA,0,0,2
No Detections,IF07,No Detections,No Detections,No Detections,2026-06-24,NA,NA,0,0,2
No Detections,IF07,No Detections,No Detections,No Detections,2026-06-25,NA,NA,0,0,2
Southeastern Shrew,IF07,Mammalia,Sorex,longirostris,2026-06-26,2026-06-26T03:11:59Z,2026-06-26T03:12:03Z,0,0,2
Eastern Racer,IF07,Reptilia,Coluber,constrictor,2026-06-26,2026-06-26T10:31:53Z,2026-06-26T10:31:56Z,0,0,2
No Detections,IF07,No Detections,No Detections,No Detections,2026-06-27,NA,NA,0,0,2
No Detections,IF07,No Detections,No Detections,No Detections,2026-06-28,NA,NA,0,0,2
Southeastern Shrew,IF07,Mammalia,Sorex,longirostris,2026-06-29,2026-06-29T00:50:21Z,2026-06-29T00:50:27Z,0,0,2
No Detections,IF07,No Detections,No Detections,No Detections,2026-06-30,NA,NA,0,0,2
No Detections,IF07,No Detections,No Detections,No Detections,2026-07-01,NA,NA,0,0,2
No Detections,IF07,No Detections,No Detections,No Detections,2026-07-02,NA,NA,0,0,2
No Detections,IF07,No Detections,No Detections,No Detections,2026-07-03,NA,NA,0,0,2
No Detections,IF07,No Detections,No Detections,No Detections,2026-07-04,NA,NA,0,0,2
No Detections,IF07,No Detections,No Detections,No Detections,2026-07-05,NA,NA,0,0,2
No Detections,IF07,No Detections,No Detections,No Detections,2026-07-06,NA,NA,0,0,2
No Detections,IF07,No Detections,No Detections,No Detections,2026-07-07,NA,NA,0,0,2
No Detections,IF07,No Detections,No Detections,No Detections,2026-07-08,NA,NA,0,0,2
No Detections,IF07,No Detections,No Detections,No Detections,2026-07-09,NA,NA,0,0,2
No Detections,IF07,No Detections,No Detections,No Detections,2026-07-10,NA,NA,0,0,2
Southern Short-tailed Shrew,IF07,Mammalia,Blarina,carolinensis,2026-07-11,2026-07-11T03:27:19Z,2026-07-11T03:27:19Z,0,0,2
No Detections,IF07,No Detections,No Detections,No Detections,2026-07-12,NA,NA,0,0,2
No Detections,IF07,No Detections,No Detections,No Detections,2026-07-13,NA,NA,0,0,2
No Detections,IF07,No Detections,No Detections,No Detections,2026-07-14,NA,NA,0,0,2
No Detections,IF07,No Detections,No Detections,No Detections,2026-07-15,NA,NA,0,0,2
No Detections,IF07,No Detections,No Detections,No Detections,2026-07-16,NA,NA,0,0,2
No Detections,IF07,No Detections,No Detections,No Detections,2026-07-17,NA,NA,0,0,2
No Detections,IF07,No Detections,No Detections,No Detections,2026-07-18,NA,NA,0,0,2
No Detections,IF07,No Detections,No Detections,No Detections,2026-07-19,NA,NA,0,0,2
No Detections,IF07,No Detections,No Detections,No Detections,2026-07-20,NA,NA,0,0,2
Southeastern Shrew,IF07,Mammalia,Sorex,longirostris,2026-07-21,2026-07-21T00:19:43Z,2026-07-21T00:19:43Z,0,0,2
Southeastern Shrew,IF07,Mammalia,Sorex,longirostris,2026-07-21,2026-07-21T22:35:50Z,2026-07-21T22:35:51Z,0,0,2
No Detections,IF07,No Detections,No Detections,No Detections,2026-07-22,NA,NA,0,0,2
No Detections,IF07,No Detections,No Detections,No Detections,2026-07-23,NA,NA,0,0,2
No Detections,IF07,No Detections,No Detections,No Detections,2026-07-24,NA,NA,0,0,2
No Detections,IF07,No Detections,No Detections,No Detections,2026-07-25,NA,NA,0,0,2
No Detections,IF07,No Detections,No Detections,No Detections,2026-07-26,NA,NA,0,0,2
No Detections,IF07,No Detections,No Detections,No Detections,2026-07-27,NA,NA,0,0,2
No Detections,IF07,No Detections,No Detections,No Detections,2026-07-28,NA,NA,0,0,2
No Detections,IF07,No Detections,No Detections,No Detections,2026-07-29,NA,NA,0,0,2
No Detections,IF07,No Detections,No Detections,No Detections,2026-07-30,NA,NA,0,0,2
No Detections,IF07,No Detections,No Detections,No Detections,2026-07-31,NA,NA,0,0,2
No Detections,IF08,No Detections,No Detections,No Detections,2026-03-27,NA,NA,0,0,1
Peromyscus or Ochrotomys Species,IF08,Mammalia,Peromyscus,NA,2026-03-28,2026-03-28T03:02:17Z,2026-03-28T03:02:17Z,0,0,1
No Detections,IF08,No Detections,No Detections,No Detections,2026-03-29,NA,NA,0,0,1
No Detections,IF08,No Detections,No Detections,No Detections,2026-03-30,NA,NA,0,0,1
No Detections,IF08,No Detections,No Detections,No Detections,2026-03-31,NA,NA,0,0,1
No Detections,IF08,No Detections,No Detections,No Detections,2026-04-01,NA,NA,0,0,1
Eastern Racer,IF08,Reptilia,Coluber,constrictor,2026-04-02,2026-04-02T16:13:22Z,2026-04-02T16:13:31Z,0,0,1
No Detections,IF08,No Detections,No Detections,No Detections,2026-04-03,NA,NA,0,0,1
No Detections,IF08,No Detections,No Detections,No Detections,2026-04-04,NA,NA,0,0,1
No Detections,IF08,No Detections,No Detections,No Detections,2026-04-05,NA,NA,0,0,1
No Detections,IF08,No Detections,No Detections,No Detections,2026-04-06,NA,NA,0,0,1
No Detections,IF08,No Detections,No Detections,No Detections,2026-04-07,NA,NA,0,0,1
Little Brown Skink,IF08,Reptilia,Scincella,lateralis,2026-04-08,2026-04-08T14:07:12Z,2026-04-08T14:07:12Z,0,0,1
No Detections,IF08,No Detections,No Detections,No Detections,2026-04-09,NA,NA,0,0,1
Eastern Racer,IF08,Reptilia,Coluber,constrictor,2026-04-10,2026-04-10T13:16:19Z,2026-04-10T13:16:22Z,0,0,1
No Detections,IF08,No Detections,No Detections,No Detections,2026-04-11,NA,NA,0,0,1
No Detections,IF08,No Detections,No Detections,No Detections,2026-04-12,NA,NA,0,0,1
No Detections,IF08,No Detections,No Detections,No Detections,2026-04-13,NA,NA,0,0,1
No Detections,IF08,No Detections,No Detections,No Detections,2026-04-14,NA,NA,0,0,1
No Detections,IF08,No Detections,No Detections,No Detections,2026-04-15,NA,NA,0,0,1
No Detections,IF08,No Detections,No Detections,No Detections,2026-04-16,NA,NA,0,0,1
Eastern Racer,IF08,Reptilia,Coluber,constrictor,2026-04-17,2026-04-17T16:17:49Z,2026-04-17T16:17:49Z,0,0,1
No Detections,IF08,No Detections,No Detections,No Detections,2026-04-18,NA,NA,0,0,1
No Detections,IF08,No Detections,No Detections,No Detections,2026-04-19,NA,NA,0,0,1
No Detections,IF08,No Detections,No Detections,No Detections,2026-04-20,NA,NA,0,0,1
No Detections,IF08,No Detections,No Detections,No Detections,2026-04-21,NA,NA,0,0,1
No Detections,IF08,No Detections,No Detections,No Detections,2026-04-22,NA,NA,0,0,1
No Detections,IF08,No Detections,No Detections,No Detections,2026-04-23,NA,NA,0,0,1
North American Least Shrew,IF08,Mammalia,Cryptotis,parvus,2026-04-24,2026-04-24T01:17:59Z,2026-04-24T01:18:00Z,0,0,1
No Detections,IF08,No Detections,No Detections,No Detections,2026-04-25,NA,NA,0,0,1
No Detections,IF08,No Detections,No Detections,No Detections,2026-04-26,NA,NA,0,0,1
No Detections,IF08,No Detections,No Detections,No Detections,2026-04-27,NA,NA,0,0,1
No Detections,IF08,No Detections,No Detections,No Detections,2026-04-28,NA,NA,0,0,1
No Detections,IF08,No Detections,No Detections,No Detections,2026-04-29,NA,NA,0,0,1
No Detections,IF08,No Detections,No Detections,No Detections,2026-04-30,NA,NA,0,0,1
No Detections,IF08,No Detections,No Detections,No Detections,2026-05-01,NA,NA,0,0,1
No Detections,IF08,No Detections,No Detections,No Detections,2026-05-02,NA,NA,0,0,1
Southeastern Shrew,IF08,Mammalia,Sorex,longirostris,2026-05-03,2026-05-03T04:50:31Z,2026-05-03T04:50:44Z,0,0,1
No Detections,IF08,No Detections,No Detections,No Detections,2026-05-04,NA,NA,0,0,1
Eastern Racer,IF08,Reptilia,Coluber,constrictor,2026-05-05,2026-05-05T14:04:24Z,2026-05-05T14:04:24Z,0,0,1
No Detections,IF08,No Detections,No Detections,No Detections,2026-05-06,NA,NA,0,0,1
No Detections,IF08,No Detections,No Detections,No Detections,2026-05-07,NA,NA,0,0,1
No Detections,IF08,No Detections,No Detections,No Detections,2026-05-08,NA,NA,0,0,1
Marsh Rabbit,IF08,Mammalia,Sylvilagus,palustris,2026-05-09,2026-05-09T19:51:54Z,2026-05-09T19:51:54Z,0,0,1
No Detections,IF08,No Detections,No Detections,No Detections,2026-05-10,NA,NA,0,0,1
No Detections,IF08,No Detections,No Detections,No Detections,2026-05-11,NA,NA,0,0,1
Eastern Racer,IF08,Reptilia,Coluber,constrictor,2026-05-12,2026-05-12T11:33:50Z,2026-05-12T11:33:54Z,0,0,1
No Detections,IF08,No Detections,No Detections,No Detections,2026-05-13,NA,NA,0,0,2
No Detections,IF08,No Detections,No Detections,No Detections,2026-05-14,NA,NA,0,0,2
No Detections,IF08,No Detections,No Detections,No Detections,2026-05-15,NA,NA,0,0,2
Eastern Racer,IF08,Reptilia,Coluber,constrictor,2026-05-16,2026-05-16T17:33:03Z,2026-05-16T17:33:14Z,0,0,2
North American Least Shrew,IF08,Mammalia,Cryptotis,parvus,2026-05-17,2026-05-17T01:44:46Z,2026-05-17T01:44:50Z,0,0,2
No Detections,IF08,No Detections,No Detections,No Detections,2026-05-18,NA,NA,0,0,2
Eastern Racer,IF08,Reptilia,Coluber,constrictor,2026-05-19,2026-05-19T18:46:23Z,2026-05-19T18:46:23Z,0,0,2
No Detections,IF08,No Detections,No Detections,No Detections,2026-05-20,NA,NA,0,0,2
No Detections,IF08,No Detections,No Detections,No Detections,2026-05-21,NA,NA,0,0,2
No Detections,IF08,No Detections,No Detections,No Detections,2026-05-22,NA,NA,0,0,2
No Detections,IF08,No Detections,No Detections,No Detections,2026-05-23,NA,NA,0,0,2
No Detections,IF08,No Detections,No Detections,No Detections,2026-05-24,NA,NA,0,0,2
No Detections,IF08,No Detections,No Detections,No Detections,2026-05-25,NA,NA,0,0,2
No Detections,IF08,No Detections,No Detections,No Detections,2026-05-26,NA,NA,0,0,2
No Detections,IF08,No Detections,No Detections,No Detections,2026-05-27,NA,NA,0,0,2
No Detections,IF08,No Detections,No Detections,No Detections,2026-05-28,NA,NA,0,0,2
No Detections,IF08,No Detections,No Detections,No Detections,2026-05-29,NA,NA,0,0,2
No Detections,IF08,No Detections,No Detections,No Detections,2026-05-30,NA,NA,0,0,2
No Detections,IF08,No Detections,No Detections,No Detections,2026-05-31,NA,NA,0,0,2
Southeastern Shrew,IF08,Mammalia,Sorex,longirostris,2026-06-01,2026-06-01T05:44:46Z,2026-06-01T05:44:48Z,0,0,2
Marsh Rabbit,IF08,Mammalia,Sylvilagus,palustris,2026-06-02,2026-06-02T23:29:38Z,2026-06-02T23:38:14Z,0,0,2
Southeastern Shrew,IF08,Mammalia,Sorex,longirostris,2026-06-03,2026-06-03T07:40:25Z,2026-06-03T07:40:26Z,0,0,2
Eastern Cottontail,IF08,Mammalia,Sylvilagus,floridanus,2026-06-04,2026-06-04T01:20:20Z,2026-06-04T01:20:25Z,0,0,2
No Detections,IF08,No Detections,No Detections,No Detections,2026-06-05,NA,NA,0,0,2
No Detections,IF08,No Detections,No Detections,No Detections,2026-06-06,NA,NA,0,0,2
North American Least Shrew,IF08,Mammalia,Cryptotis,parvus,2026-06-07,2026-06-07T00:23:21Z,2026-06-07T00:23:21Z,0,0,2
No Detections,IF08,No Detections,No Detections,No Detections,2026-06-08,NA,NA,0,0,2
North American Least Shrew,IF08,Mammalia,Cryptotis,parvus,2026-06-09,2026-06-09T05:28:24Z,2026-06-09T05:28:26Z,0,0,2
North American Least Shrew,IF08,Mammalia,Cryptotis,parvus,2026-06-10,2026-06-10T08:12:04Z,2026-06-10T08:12:04Z,0,0,2
Southeastern Shrew,IF08,Mammalia,Sorex,longirostris,2026-06-10,2026-06-10T15:02:01Z,2026-06-10T15:02:01Z,0,0,2
Southeastern Shrew,IF08,Mammalia,Sorex,longirostris,2026-06-11,2026-06-11T04:30:43Z,2026-06-11T04:30:44Z,0,0,2
No Detections,IF08,No Detections,No Detections,No Detections,2026-06-12,NA,NA,0,0,2
No Detections,IF08,No Detections,No Detections,No Detections,2026-06-13,NA,NA,0,0,2
Marsh Rabbit,IF08,Mammalia,Sylvilagus,palustris,2026-06-14,2026-06-14T23:59:46Z,2026-06-15T00:16:25Z,0,0,2
Marsh Rabbit,IF08,Mammalia,Sylvilagus,palustris,2026-06-15,2026-06-15T03:40:39Z,2026-06-15T04:36:18Z,0,0,2
No Detections,IF08,No Detections,No Detections,No Detections,2026-06-16,NA,NA,0,0,2
Southeastern Shrew,IF08,Mammalia,Sorex,longirostris,2026-06-17,2026-06-17T02:41:46Z,2026-06-17T02:41:46Z,0,0,2
Eastern Racer,IF08,Reptilia,Coluber,constrictor,2026-06-17,2026-06-17T15:02:15Z,2026-06-17T15:02:19Z,0,0,2
No Detections,IF08,No Detections,No Detections,No Detections,2026-06-18,NA,NA,0,0,2
No Detections,IF08,No Detections,No Detections,No Detections,2026-06-19,NA,NA,0,0,2
No Detections,IF08,No Detections,No Detections,No Detections,2026-06-20,NA,NA,0,0,2
No Detections,IF08,No Detections,No Detections,No Detections,2026-06-21,NA,NA,0,0,2
No Detections,IF08,No Detections,No Detections,No Detections,2026-06-22,NA,NA,0,0,2
No Detections,IF08,No Detections,No Detections,No Detections,2026-06-23,NA,NA,0,0,2
No Detections,IF08,No Detections,No Detections,No Detections,2026-06-24,NA,NA,0,0,2
No Detections,IF08,No Detections,No Detections,No Detections,2026-06-25,NA,NA,0,0,2
No Detections,IF08,No Detections,No Detections,No Detections,2026-06-26,NA,NA,0,0,2
North American Least Shrew,IF08,Mammalia,Cryptotis,parvus,2026-06-27,2026-06-27T04:01:48Z,2026-06-27T04:01:48Z,0,0,2
No Detections,IF08,No Detections,No Detections,No Detections,2026-06-28,NA,NA,0,0,2
North American Least Shrew,IF08,Mammalia,Cryptotis,parvus,2026-06-29,2026-06-29T08:47:19Z,2026-06-29T08:47:28Z,0,0,2
No Detections,IF08,No Detections,No Detections,No Detections,2026-06-30,NA,NA,0,0,2
No Detections,IF08,No Detections,No Detections,No Detections,2026-07-01,NA,NA,0,0,2
No Detections,IF08,No Detections,No Detections,No Detections,2026-07-02,NA,NA,0,0,2
No Detections,IF08,No Detections,No Detections,No Detections,2026-07-03,NA,NA,0,0,2
No Detections,IF08,No Detections,No Detections,No Detections,2026-07-04,NA,NA,0,0,2
Southeastern Shrew,IF08,Mammalia,Sorex,longirostris,2026-07-05,2026-07-05T05:48:13Z,2026-07-05T05:48:15Z,0,0,2
Eastern Harvest Mouse,IF08,Mammalia,Reithrodontomys,humulis,2026-07-05,2026-07-05T20:30:10Z,2026-07-05T20:30:10Z,0,0,2
No Detections,IF08,No Detections,No Detections,No Detections,2026-07-06,NA,NA,0,0,2
No Detections,IF08,No Detections,No Detections,No Detections,2026-07-07,NA,NA,0,0,2
Marsh Rabbit,IF08,Mammalia,Sylvilagus,palustris,2026-07-08,2026-07-08T03:38:01Z,2026-07-08T03:39:02Z,0,0,2
No Detections,IF08,No Detections,No Detections,No Detections,2026-07-09,NA,NA,0,0,2
No Detections,IF08,No Detections,No Detections,No Detections,2026-07-10,NA,NA,0,0,2
No Detections,IF08,No Detections,No Detections,No Detections,2026-07-11,NA,NA,0,0,2
Southeastern Shrew,IF08,Mammalia,Sorex,longirostris,2026-07-12,2026-07-12T07:42:35Z,2026-07-12T07:42:42Z,0,0,2
Southeastern Shrew,IF08,Mammalia,Sorex,longirostris,2026-07-12,2026-07-12T22:11:20Z,2026-07-12T22:11:20Z,0,0,2
No Detections,IF08,No Detections,No Detections,No Detections,2026-07-13,NA,NA,0,0,2
House Mouse,IF08,Mammalia,Mus,musculus,2026-07-14,2026-07-14T01:13:15Z,2026-07-14T01:13:23Z,0,0,2
Southeastern Shrew,IF08,Mammalia,Sorex,longirostris,2026-07-15,2026-07-15T20:40:54Z,2026-07-15T20:40:57Z,0,0,2
No Detections,IF08,No Detections,No Detections,No Detections,2026-07-16,NA,NA,0,0,2
No Detections,IF08,No Detections,No Detections,No Detections,2026-07-17,NA,NA,0,0,2
No Detections,IF08,No Detections,No Detections,No Detections,2026-07-18,NA,NA,0,0,2
No Detections,IF08,No Detections,No Detections,No Detections,2026-07-19,NA,NA,0,0,2
No Detections,IF08,No Detections,No Detections,No Detections,2026-07-20,NA,NA,0,0,2
No Detections,IF08,No Detections,No Detections,No Detections,2026-07-21,NA,NA,0,0,2
No Detections,IF08,No Detections,No Detections,No Detections,2026-07-22,NA,NA,0,0,2
Southeastern Shrew,IF08,Mammalia,Sorex,longirostris,2026-07-23,2026-07-23T02:35:39Z,2026-07-23T02:35:39Z,0,0,1
No Detections,IF09,No Detections,No Detections,No Detections,2026-04-08,NA,NA,0,0,2
No Detections,IF09,No Detections,No Detections,No Detections,2026-04-09,NA,NA,0,0,2
No Detections,IF09,No Detections,No Detections,No Detections,2026-04-10,NA,NA,0,0,2
No Detections,IF09,No Detections,No Detections,No Detections,2026-04-11,NA,NA,0,0,2
Southeastern Shrew,IF09,Mammalia,Sorex,longirostris,2026-04-12,2026-04-12T23:14:18Z,2026-04-12T23:14:19Z,0,0,2
Peromyscus or Ochrotomys Species,IF09,Mammalia,Peromyscus,NA,2026-04-13,2026-04-13T01:00:59Z,2026-04-13T01:01:28Z,0,0,2
No Detections,IF09,No Detections,No Detections,No Detections,2026-04-14,NA,NA,0,0,2
No Detections,IF09,No Detections,No Detections,No Detections,2026-04-15,NA,NA,0,0,2
No Detections,IF09,No Detections,No Detections,No Detections,2026-04-16,NA,NA,0,0,2
Peromyscus or Ochrotomys Species,IF09,Mammalia,Peromyscus,NA,2026-04-17,2026-04-17T01:12:11Z,2026-04-17T01:12:51Z,0,0,2
No Detections,IF09,No Detections,No Detections,No Detections,2026-04-18,NA,NA,0,0,2
Peromyscus or Ochrotomys Species,IF09,Mammalia,Peromyscus,NA,2026-04-19,2026-04-19T04:13:47Z,2026-04-19T04:13:50Z,0,0,2
No Detections,IF09,No Detections,No Detections,No Detections,2026-04-20,NA,NA,0,0,2
No Detections,IF09,No Detections,No Detections,No Detections,2026-04-21,NA,NA,0,0,2
Eastern Racer,IF09,Reptilia,Coluber,constrictor,2026-04-22,2026-04-22T13:24:27Z,2026-04-22T13:24:27Z,0,0,2
No Detections,IF09,No Detections,No Detections,No Detections,2026-04-23,NA,NA,0,0,2
No Detections,IF09,No Detections,No Detections,No Detections,2026-04-24,NA,NA,0,0,2
Eastern Harvest Mouse,IF09,Mammalia,Reithrodontomys,humulis,2026-04-25,2026-04-25T00:12:51Z,2026-04-25T00:12:54Z,0,0,2
No Detections,IF09,No Detections,No Detections,No Detections,2026-04-26,NA,NA,0,0,2
No Detections,IF09,No Detections,No Detections,No Detections,2026-04-27,NA,NA,0,0,2
No Detections,IF09,No Detections,No Detections,No Detections,2026-04-28,NA,NA,0,0,2
No Detections,IF09,No Detections,No Detections,No Detections,2026-04-29,NA,NA,0,0,2
No Detections,IF09,No Detections,No Detections,No Detections,2026-04-30,NA,NA,0,0,2
No Detections,IF09,No Detections,No Detections,No Detections,2026-05-01,NA,NA,0,0,2
Peromyscus or Ochrotomys Species,IF09,Mammalia,Peromyscus,NA,2026-05-02,2026-05-02T05:24:02Z,2026-05-02T05:24:02Z,0,0,2
No Detections,IF09,No Detections,No Detections,No Detections,2026-05-03,NA,NA,0,0,2
No Detections,IF09,No Detections,No Detections,No Detections,2026-05-04,NA,NA,0,0,2
Eastern Rat Snake,IF09,Reptilia,Pantherophis,alleghaniensis,2026-05-05,2026-05-05T18:47:45Z,2026-05-05T18:47:45Z,0,0,2
No Detections,IF09,No Detections,No Detections,No Detections,2026-05-06,NA,NA,0,0,2
Peromyscus or Ochrotomys Species,IF09,Mammalia,Peromyscus,NA,2026-05-07,2026-05-07T23:04:35Z,2026-05-07T23:05:04Z,0,0,2
Peromyscus or Ochrotomys Species,IF09,Mammalia,Peromyscus,NA,2026-05-08,2026-05-08T22:56:56Z,2026-05-08T22:56:57Z,0,0,2
No Detections,IF09,No Detections,No Detections,No Detections,2026-05-09,NA,NA,0,0,2
No Detections,IF09,No Detections,No Detections,No Detections,2026-05-10,NA,NA,0,0,2
No Detections,IF09,No Detections,No Detections,No Detections,2026-05-11,NA,NA,0,0,2
Eastern Harvest Mouse,IF09,Mammalia,Reithrodontomys,humulis,2026-05-12,2026-05-12T01:35:46Z,2026-05-12T01:35:52Z,0,0,2
No Detections,IF09,No Detections,No Detections,No Detections,2026-05-13,NA,NA,0,0,2
No Detections,IF09,No Detections,No Detections,No Detections,2026-05-14,NA,NA,0,0,2
No Detections,IF09,No Detections,No Detections,No Detections,2026-05-15,NA,NA,0,0,2
No Detections,IF09,No Detections,No Detections,No Detections,2026-05-16,NA,NA,0,0,2
No Detections,IF09,No Detections,No Detections,No Detections,2026-05-17,NA,NA,0,0,2
Southeastern Shrew,IF09,Mammalia,Sorex,longirostris,2026-05-18,2026-05-18T03:26:47Z,2026-05-18T03:26:47Z,0,0,2
No Detections,IF09,No Detections,No Detections,No Detections,2026-05-19,NA,NA,0,0,2
No Detections,IF09,No Detections,No Detections,No Detections,2026-05-20,NA,NA,0,0,2
No Detections,IF09,No Detections,No Detections,No Detections,2026-05-21,NA,NA,0,0,2
Southeastern Shrew,IF09,Mammalia,Sorex,longirostris,2026-05-22,2026-05-22T01:23:10Z,2026-05-22T01:23:17Z,0,0,2
No Detections,IF09,No Detections,No Detections,No Detections,2026-05-23,NA,NA,0,0,2
No Detections,IF09,No Detections,No Detections,No Detections,2026-05-24,NA,NA,0,0,2
No Detections,IF09,No Detections,No Detections,No Detections,2026-05-25,NA,NA,0,0,2
Southern Toad,IF09,Amphibia,Anaxyrus,terrestris,2026-05-26,2026-05-26T20:29:44Z,2026-05-26T20:29:45Z,0,0,2
No Detections,IF09,No Detections,No Detections,No Detections,2026-05-27,NA,NA,0,0,2
No Detections,IF09,No Detections,No Detections,No Detections,2026-05-28,NA,NA,0,0,2
No Detections,IF09,No Detections,No Detections,No Detections,2026-05-29,NA,NA,0,0,2
No Detections,IF09,No Detections,No Detections,No Detections,2026-05-30,NA,NA,0,0,2
No Detections,IF09,No Detections,No Detections,No Detections,2026-05-31,NA,NA,0,0,2
No Detections,IF09,No Detections,No Detections,No Detections,2026-06-01,NA,NA,0,0,2
No Detections,IF09,No Detections,No Detections,No Detections,2026-06-02,NA,NA,0,0,2
No Detections,IF09,No Detections,No Detections,No Detections,2026-06-03,NA,NA,0,0,2
No Detections,IF09,No Detections,No Detections,No Detections,2026-06-04,NA,NA,0,0,2
No Detections,IF09,No Detections,No Detections,No Detections,2026-06-05,NA,NA,0,0,2
No Detections,IF09,No Detections,No Detections,No Detections,2026-06-06,NA,NA,0,0,2
No Detections,IF09,No Detections,No Detections,No Detections,2026-06-07,NA,NA,0,0,2
No Detections,IF09,No Detections,No Detections,No Detections,2026-06-08,NA,NA,0,0,2
No Detections,IF09,No Detections,No Detections,No Detections,2026-06-09,NA,NA,0,0,2
No Detections,IF09,No Detections,No Detections,No Detections,2026-06-10,NA,NA,0,0,2
No Detections,IF09,No Detections,No Detections,No Detections,2026-06-11,NA,NA,0,0,2
No Detections,IF09,No Detections,No Detections,No Detections,2026-06-12,NA,NA,0,0,2
No Detections,IF09,No Detections,No Detections,No Detections,2026-06-13,NA,NA,0,0,2
No Detections,IF09,No Detections,No Detections,No Detections,2026-06-14,NA,NA,0,0,2
No Detections,IF09,No Detections,No Detections,No Detections,2026-06-15,NA,NA,0,0,2
No Detections,IF09,No Detections,No Detections,No Detections,2026-06-16,NA,NA,0,0,2
No Detections,IF09,No Detections,No Detections,No Detections,2026-06-17,NA,NA,0,0,2
No Detections,IF09,No Detections,No Detections,No Detections,2026-06-18,NA,NA,0,0,2
No Detections,IF09,No Detections,No Detections,No Detections,2026-06-19,NA,NA,0,0,2
No Detections,IF09,No Detections,No Detections,No Detections,2026-06-20,NA,NA,0,0,2
No Detections,IF09,No Detections,No Detections,No Detections,2026-06-21,NA,NA,0,0,2
No Detections,IF09,No Detections,No Detections,No Detections,2026-06-22,NA,NA,0,0,2
No Detections,IF09,No Detections,No Detections,No Detections,2026-06-23,NA,NA,0,0,2
No Detections,IF09,No Detections,No Detections,No Detections,2026-06-24,NA,NA,0,0,2
No Detections,IF09,No Detections,No Detections,No Detections,2026-06-25,NA,NA,0,0,2
Southeastern Shrew,IF09,Mammalia,Sorex,longirostris,2026-06-26,2026-06-26T02:40:16Z,2026-06-26T02:40:17Z,0,0,2
No Detections,IF09,No Detections,No Detections,No Detections,2026-06-27,NA,NA,0,0,2
No Detections,IF09,No Detections,No Detections,No Detections,2026-06-28,NA,NA,0,0,2
No Detections,IF09,No Detections,No Detections,No Detections,2026-06-29,NA,NA,0,0,2
No Detections,IF09,No Detections,No Detections,No Detections,2026-06-30,NA,NA,0,0,2
No Detections,IF09,No Detections,No Detections,No Detections,2026-07-01,NA,NA,0,0,2
No Detections,IF09,No Detections,No Detections,No Detections,2026-07-02,NA,NA,0,0,2
Southeastern Shrew,IF09,Mammalia,Sorex,longirostris,2026-07-03,2026-07-03T21:30:13Z,2026-07-03T21:30:16Z,0,0,2
No Detections,IF09,No Detections,No Detections,No Detections,2026-07-04,NA,NA,0,0,2
No Detections,IF09,No Detections,No Detections,No Detections,2026-07-05,NA,NA,0,0,2
No Detections,IF09,No Detections,No Detections,No Detections,2026-07-06,NA,NA,0,0,2
No Detections,IF09,No Detections,No Detections,No Detections,2026-07-07,NA,NA,0,0,2
No Detections,IF09,No Detections,No Detections,No Detections,2026-07-08,NA,NA,0,0,2
No Detections,IF09,No Detections,No Detections,No Detections,2026-07-09,NA,NA,0,0,2
No Detections,IF09,No Detections,No Detections,No Detections,2026-07-10,NA,NA,0,0,2
No Detections,IF09,No Detections,No Detections,No Detections,2026-07-11,NA,NA,0,0,2
No Detections,IF09,No Detections,No Detections,No Detections,2026-07-12,NA,NA,0,0,2
No Detections,IF09,No Detections,No Detections,No Detections,2026-07-13,NA,NA,0,0,2
No Detections,IF09,No Detections,No Detections,No Detections,2026-07-14,NA,NA,0,0,2
No Detections,IF09,No Detections,No Detections,No Detections,2026-07-15,NA,NA,0,0,2
Southeastern Shrew,IF09,Mammalia,Sorex,longirostris,2026-07-16,2026-07-16T01:51:06Z,2026-07-16T01:51:10Z,0,0,2
No Detections,IF09,No Detections,No Detections,No Detections,2026-07-17,NA,NA,0,0,2
No Detections,IF09,No Detections,No Detections,No Detections,2026-07-18,NA,NA,0,0,2
No Detections,IF09,No Detections,No Detections,No Detections,2026-07-19,NA,NA,0,0,2
No Detections,IF09,No Detections,No Detections,No Detections,2026-07-20,NA,NA,0,0,2
Southeastern Shrew,IF09,Mammalia,Sorex,longirostris,2026-07-21,2026-07-21T03:56:54Z,2026-07-21T03:56:56Z,0,0,2
House Mouse,IF09,Mammalia,Mus,musculus,2026-07-21,2026-07-21T21:24:03Z,2026-07-21T21:24:03Z,0,0,2
No Detections,IF09,No Detections,No Detections,No Detections,2026-07-22,NA,NA,0,0,2
No Detections,IF09,No Detections,No Detections,No Detections,2026-07-23,NA,NA,0,0,2
No Detections,IF09,No Detections,No Detections,No Detections,2026-07-24,NA,NA,0,0,2
No Detections,IF09,No Detections,No Detections,No Detections,2026-07-25,NA,NA,0,0,2
No Detections,IF09,No Detections,No Detections,No Detections,2026-07-26,NA,NA,0,0,2
No Detections,IF09,No Detections,No Detections,No Detections,2026-07-27,NA,NA,0,0,2
No Detections,RE01,No Detections,No Detections,No Detections,2026-04-12,NA,NA,0,0,2
Eastern Racer,RE01,Reptilia,Coluber,constrictor,2026-04-13,2026-04-13T15:40:31Z,2026-04-13T15:40:34Z,0,0,2
No Detections,RE01,No Detections,No Detections,No Detections,2026-04-14,NA,NA,0,0,2
Little Brown Skink,RE01,Reptilia,Scincella,lateralis,2026-04-15,2026-04-15T13:38:34Z,2026-04-15T13:38:35Z,0,0,2
Little Brown Skink,RE01,Reptilia,Scincella,lateralis,2026-04-16,2026-04-16T09:15:19Z,2026-04-16T09:36:31Z,0,0,2
Little Brown Skink,RE01,Reptilia,Scincella,lateralis,2026-04-17,2026-04-17T09:18:51Z,2026-04-17T09:18:52Z,0,0,2
No Detections,RE01,No Detections,No Detections,No Detections,2026-04-18,NA,NA,0,0,2
No Detections,RE01,No Detections,No Detections,No Detections,2026-04-19,NA,NA,0,0,2
Marsh Rabbit,RE01,Mammalia,Sylvilagus,palustris,2026-04-20,2026-04-20T05:35:49Z,2026-04-20T05:38:23Z,0,0,2
Peromyscus or Ochrotomys Species,RE01,Mammalia,Peromyscus,NA,2026-04-20,2026-04-20T20:38:34Z,2026-04-20T20:38:34Z,0,0,2
Peromyscus or Ochrotomys Species,RE01,Mammalia,Peromyscus,NA,2026-04-20,2026-04-20T21:40:59Z,2026-04-20T21:41:05Z,0,0,2
No Detections,RE01,No Detections,No Detections,No Detections,2026-04-21,NA,NA,0,0,2
Peromyscus or Ochrotomys Species,RE01,Mammalia,Peromyscus,NA,2026-04-22,2026-04-22T20:58:12Z,2026-04-22T20:58:13Z,0,0,2
Little Brown Skink,RE01,Reptilia,Scincella,lateralis,2026-04-23,2026-04-23T15:44:49Z,2026-04-23T15:44:49Z,0,0,2
No Detections,RE01,No Detections,No Detections,No Detections,2026-04-24,NA,NA,0,0,2
No Detections,RE01,No Detections,No Detections,No Detections,2026-04-25,NA,NA,0,0,2
Peromyscus or Ochrotomys Species,RE01,Mammalia,Peromyscus,NA,2026-04-26,2026-04-26T00:14:31Z,2026-04-26T00:14:32Z,0,0,2
North American Least Shrew,RE01,Mammalia,Cryptotis,parvus,2026-04-26,2026-04-26T03:47:19Z,2026-04-26T03:47:19Z,0,0,2
Peromyscus or Ochrotomys Species,RE01,Mammalia,Peromyscus,NA,2026-04-27,2026-04-27T01:10:59Z,2026-04-27T01:10:59Z,0,0,2
No Detections,RE01,No Detections,No Detections,No Detections,2026-04-28,NA,NA,0,0,2
No Detections,RE01,No Detections,No Detections,No Detections,2026-04-29,NA,NA,0,0,2
No Detections,RE01,No Detections,No Detections,No Detections,2026-04-30,NA,NA,0,0,2
No Detections,RE01,No Detections,No Detections,No Detections,2026-05-01,NA,NA,0,0,2
Peromyscus or Ochrotomys Species,RE01,Mammalia,Peromyscus,NA,2026-05-02,2026-05-02T03:25:58Z,2026-05-02T03:25:58Z,0,0,2
Hispid Cotton Rat,RE01,Mammalia,Sigmodon,hispidus,2026-05-03,2026-05-03T03:57:41Z,2026-05-03T03:57:42Z,0,0,2
No Detections,RE01,No Detections,No Detections,No Detections,2026-05-04,NA,NA,0,0,2
Peromyscus or Ochrotomys Species,RE01,Mammalia,Peromyscus,NA,2026-05-05,2026-05-05T21:17:10Z,2026-05-05T21:17:10Z,0,0,2
No Detections,RE01,No Detections,No Detections,No Detections,2026-05-06,NA,NA,0,0,2
No Detections,RE01,No Detections,No Detections,No Detections,2026-05-07,NA,NA,0,0,2
Marsh Rabbit,RE01,Mammalia,Sylvilagus,palustris,2026-05-08,2026-05-08T16:59:39Z,2026-05-08T16:59:40Z,0,0,2
No Detections,RE01,No Detections,No Detections,No Detections,2026-05-09,NA,NA,0,0,2
Little Brown Skink,RE01,Reptilia,Scincella,lateralis,2026-05-10,2026-05-10T13:37:52Z,2026-05-10T14:10:01Z,0,0,2
No Detections,RE01,No Detections,No Detections,No Detections,2026-05-11,NA,NA,0,0,2
Eastern Racer,RE01,Reptilia,Coluber,constrictor,2026-05-12,2026-05-12T12:18:11Z,2026-05-12T12:18:21Z,0,0,2
No Detections,RE01,No Detections,No Detections,No Detections,2026-05-13,NA,NA,0,0,2
No Detections,RE01,No Detections,No Detections,No Detections,2026-05-14,NA,NA,0,0,2
Little Brown Skink,RE01,Reptilia,Scincella,lateralis,2026-05-15,2026-05-15T17:37:30Z,2026-05-15T17:37:30Z,0,0,2
House Mouse,RE01,Mammalia,Mus,musculus,2026-05-16,2026-05-16T20:58:32Z,2026-05-16T20:58:32Z,0,0,2
No Detections,RE01,No Detections,No Detections,No Detections,2026-05-17,NA,NA,0,0,2
Little Brown Skink,RE01,Reptilia,Scincella,lateralis,2026-05-18,2026-05-18T11:38:43Z,2026-05-18T11:38:43Z,0,0,2
Virginia Opossum,RE01,Mammalia,Didelphis,virginiana,2026-05-18,2026-05-18T23:13:44Z,2026-05-18T23:17:37Z,0,0,2
No Detections,RE01,No Detections,No Detections,No Detections,2026-05-19,NA,NA,0,0,2
Little Brown Skink,RE01,Reptilia,Scincella,lateralis,2026-05-20,2026-05-20T09:04:52Z,2026-05-20T09:04:52Z,0,0,2
Virginia Opossum,RE01,Mammalia,Didelphis,virginiana,2026-05-20,2026-05-20T22:34:50Z,2026-05-20T22:53:14Z,0,0,2
Little Brown Skink,RE01,Reptilia,Scincella,lateralis,2026-05-21,2026-05-21T11:13:29Z,2026-05-21T11:13:29Z,0,0,2
Eastern Narrowmouth Toad,RE01,Amphibia,Gastrophryne,carolinensis,2026-05-21,2026-05-21T22:36:14Z,2026-05-21T22:36:14Z,0,0,2
Virginia Opossum,RE01,Mammalia,Didelphis,virginiana,2026-05-22,2026-05-22T23:38:11Z,2026-05-22T23:39:18Z,0,0,2
Little Brown Skink,RE01,Reptilia,Scincella,lateralis,2026-05-23,2026-05-23T12:33:31Z,2026-05-23T12:33:31Z,0,0,2
No Detections,RE01,No Detections,No Detections,No Detections,2026-05-24,NA,NA,0,0,2
Little Brown Skink,RE01,Reptilia,Scincella,lateralis,2026-05-25,2026-05-25T16:01:00Z,2026-05-25T16:01:00Z,0,0,2
No Detections,RE01,No Detections,No Detections,No Detections,2026-05-26,NA,NA,0,0,2
No Detections,RE01,No Detections,No Detections,No Detections,2026-05-27,NA,NA,0,0,2
No Detections,RE01,No Detections,No Detections,No Detections,2026-05-28,NA,NA,0,0,2
Little Brown Skink,RE01,Reptilia,Scincella,lateralis,2026-05-29,2026-05-29T14:23:14Z,2026-05-29T14:23:14Z,0,0,2
Eastern Narrowmouth Toad,RE01,Amphibia,Gastrophryne,carolinensis,2026-05-30,2026-05-30T20:34:59Z,2026-05-30T20:35:00Z,0,0,2
No Detections,RE01,No Detections,No Detections,No Detections,2026-05-31,NA,NA,0,0,2
No Detections,RE01,No Detections,No Detections,No Detections,2026-06-01,NA,NA,0,0,2
No Detections,RE01,No Detections,No Detections,No Detections,2026-06-02,NA,NA,0,0,2
No Detections,RE01,No Detections,No Detections,No Detections,2026-06-03,NA,NA,0,0,2
No Detections,RE01,No Detections,No Detections,No Detections,2026-06-04,NA,NA,0,0,2
No Detections,RE01,No Detections,No Detections,No Detections,2026-06-05,NA,NA,0,0,2
No Detections,RE01,No Detections,No Detections,No Detections,2026-06-06,NA,NA,0,0,2
No Detections,RE01,No Detections,No Detections,No Detections,2026-06-07,NA,NA,0,0,2
No Detections,RE01,No Detections,No Detections,No Detections,2026-06-08,NA,NA,0,0,2
Little Brown Skink,RE01,Reptilia,Scincella,lateralis,2026-06-09,2026-06-09T13:58:16Z,2026-06-09T13:58:16Z,0,0,2
No Detections,RE01,No Detections,No Detections,No Detections,2026-06-10,NA,NA,0,0,2
Little Brown Skink,RE01,Reptilia,Scincella,lateralis,2026-06-11,2026-06-11T09:52:28Z,2026-06-11T09:52:29Z,0,0,2
Southeastern Shrew,RE01,Mammalia,Sorex,longirostris,2026-06-12,2026-06-12T03:46:59Z,2026-06-12T03:46:59Z,0,0,2
Common Kingsnake,RE01,Reptilia,Lampropeltis,getula,2026-06-12,2026-06-12T06:55:42Z,2026-06-12T06:55:42Z,0,0,2
No Detections,RE01,No Detections,No Detections,No Detections,2026-06-13,NA,NA,0,0,2
Eastern Narrowmouth Toad,RE01,Amphibia,Gastrophryne,carolinensis,2026-06-14,2026-06-14T23:32:49Z,2026-06-14T23:32:49Z,0,0,2
No Detections,RE01,No Detections,No Detections,No Detections,2026-06-15,NA,NA,0,0,2
No Detections,RE01,No Detections,No Detections,No Detections,2026-06-16,NA,NA,0,0,2
No Detections,RE01,No Detections,No Detections,No Detections,2026-06-17,NA,NA,0,0,2
No Detections,RE01,No Detections,No Detections,No Detections,2026-06-18,NA,NA,0,0,2
No Detections,RE01,No Detections,No Detections,No Detections,2026-06-19,NA,NA,0,0,2
No Detections,RE01,No Detections,No Detections,No Detections,2026-06-20,NA,NA,0,0,2
No Detections,RE01,No Detections,No Detections,No Detections,2026-06-21,NA,NA,0,0,2
Microtus Species,RE01,Mammalia,Microtus,NA,2026-06-22,2026-06-22T02:37:22Z,2026-06-22T02:37:23Z,0,0,2
Peromyscus or Ochrotomys Species,RE01,Mammalia,Peromyscus,NA,2026-06-23,2026-06-23T23:24:37Z,2026-06-23T23:24:42Z,0,0,2
No Detections,RE01,No Detections,No Detections,No Detections,2026-06-24,NA,NA,0,0,2
No Detections,RE01,No Detections,No Detections,No Detections,2026-06-25,NA,NA,0,0,2
Southeastern Shrew,RE01,Mammalia,Sorex,longirostris,2026-06-26,2026-06-26T00:52:15Z,2026-06-26T00:52:15Z,0,0,2
No Detections,RE01,No Detections,No Detections,No Detections,2026-06-27,NA,NA,0,0,1
No Detections,RE01,No Detections,No Detections,No Detections,2026-06-28,NA,NA,0,0,1
No Detections,RE01,No Detections,No Detections,No Detections,2026-06-29,NA,NA,0,0,1
No Detections,RE01,No Detections,No Detections,No Detections,2026-06-30,NA,NA,0,0,1
No Detections,RE01,No Detections,No Detections,No Detections,2026-07-01,NA,NA,0,0,1
No Detections,RE01,No Detections,No Detections,No Detections,2026-07-02,NA,NA,0,0,1
No Detections,RE01,No Detections,No Detections,No Detections,2026-07-03,NA,NA,0,0,1
No Detections,RE01,No Detections,No Detections,No Detections,2026-07-04,NA,NA,0,0,1
Eastern Narrowmouth Toad,RE01,Amphibia,Gastrophryne,carolinensis,2026-07-05,2026-07-05T20:55:24Z,2026-07-05T20:55:24Z,0,0,1
Eastern Racer,RE01,Reptilia,Coluber,constrictor,2026-07-06,2026-07-06T13:52:36Z,2026-07-06T13:52:36Z,0,0,1
No Detections,RE01,No Detections,No Detections,No Detections,2026-07-07,NA,NA,0,0,1
No Detections,RE01,No Detections,No Detections,No Detections,2026-07-08,NA,NA,0,0,1
Peromyscus or Ochrotomys Species,RE01,Mammalia,Peromyscus,NA,2026-07-09,2026-07-09T22:53:39Z,2026-07-09T22:53:39Z,0,0,1
No Detections,RE01,No Detections,No Detections,No Detections,2026-07-10,NA,NA,0,0,1
Virginia Opossum,RE01,Mammalia,Didelphis,virginiana,2026-07-11,2026-07-11T03:08:07Z,2026-07-11T03:08:07Z,0,0,1
Peromyscus or Ochrotomys Species,RE01,Mammalia,Peromyscus,NA,2026-07-12,2026-07-12T00:15:53Z,2026-07-12T00:15:54Z,0,0,1
Southeastern Shrew,RE01,Mammalia,Sorex,longirostris,2026-07-13,2026-07-13T05:20:28Z,2026-07-13T05:20:28Z,0,0,1
Southern Short-tailed Shrew,RE01,Mammalia,Blarina,carolinensis,2026-07-13,2026-07-13T05:31:28Z,2026-07-13T05:31:29Z,0,0,1
No Detections,RE01,No Detections,No Detections,No Detections,2026-07-14,NA,NA,0,0,1
Peromyscus or Ochrotomys Species,RE01,Mammalia,Peromyscus,NA,2026-07-15,2026-07-15T03:51:17Z,2026-07-15T04:06:22Z,0,0,1
No Detections,RE01,No Detections,No Detections,No Detections,2026-07-16,NA,NA,0,0,1
Peromyscus or Ochrotomys Species,RE01,Mammalia,Peromyscus,NA,2026-07-17,2026-07-17T23:13:52Z,2026-07-17T23:13:53Z,0,0,1
No Detections,RE01,No Detections,No Detections,No Detections,2026-07-18,NA,NA,0,0,1
No Detections,RE01,No Detections,No Detections,No Detections,2026-07-19,NA,NA,0,0,1
Hispid Cotton Rat,RE01,Mammalia,Sigmodon,hispidus,2026-07-20,2026-07-20T03:42:23Z,2026-07-20T03:42:46Z,0,0,1
No Detections,RE01,No Detections,No Detections,No Detections,2026-07-21,NA,NA,0,0,1
No Detections,RE01,No Detections,No Detections,No Detections,2026-07-22,NA,NA,0,0,1
Peromyscus or Ochrotomys Species,RE01,Mammalia,Peromyscus,NA,2026-07-23,2026-07-23T00:54:56Z,2026-07-23T00:55:00Z,0,0,1
No Detections,RE01,No Detections,No Detections,No Detections,2026-07-24,NA,NA,0,0,1
Peromyscus or Ochrotomys Species,RE01,Mammalia,Peromyscus,NA,2026-07-25,2026-07-25T03:29:16Z,2026-07-25T03:29:16Z,0,0,1
Peromyscus or Ochrotomys Species,RE01,Mammalia,Peromyscus,NA,2026-07-25,2026-07-25T21:43:33Z,2026-07-25T21:43:33Z,0,0,1
Peromyscus or Ochrotomys Species,RE01,Mammalia,Peromyscus,NA,2026-07-26,2026-07-26T04:28:35Z,2026-07-26T04:28:36Z,0,0,1
No Detections,RE01,No Detections,No Detections,No Detections,2026-07-27,NA,NA,0,0,1
Southeastern Shrew,RE01,Mammalia,Sorex,longirostris,2026-07-28,2026-07-28T05:12:52Z,2026-07-28T05:12:52Z,0,0,1
Southeastern Shrew,RE01,Mammalia,Sorex,longirostris,2026-07-29,2026-07-29T21:21:25Z,2026-07-29T21:21:29Z,0,0,1
No Detections,RE01,No Detections,No Detections,No Detections,2026-07-30,NA,NA,0,0,1
No Detections,RE02,No Detections,No Detections,No Detections,2026-04-08,NA,NA,0,0,2
No Detections,RE02,No Detections,No Detections,No Detections,2026-04-09,NA,NA,0,0,2
Peromyscus or Ochrotomys Species,RE02,Mammalia,Peromyscus,NA,2026-04-10,2026-04-10T01:47:44Z,2026-04-10T01:47:44Z,0,0,2
No Detections,RE02,No Detections,No Detections,No Detections,2026-04-11,NA,NA,0,0,2
No Detections,RE02,No Detections,No Detections,No Detections,2026-04-12,NA,NA,0,0,2
No Detections,RE02,No Detections,No Detections,No Detections,2026-04-13,NA,NA,0,0,2
No Detections,RE02,No Detections,No Detections,No Detections,2026-04-14,NA,NA,0,0,2
No Detections,RE02,No Detections,No Detections,No Detections,2026-04-15,NA,NA,0,0,2
No Detections,RE02,No Detections,No Detections,No Detections,2026-04-16,NA,NA,0,0,2
No Detections,RE02,No Detections,No Detections,No Detections,2026-04-17,NA,NA,0,0,2
Peromyscus or Ochrotomys Species,RE02,Mammalia,Peromyscus,NA,2026-04-18,2026-04-18T22:54:59Z,2026-04-18T22:55:51Z,0,0,2
No Detections,RE02,No Detections,No Detections,No Detections,2026-04-19,NA,NA,0,0,2
No Detections,RE02,No Detections,No Detections,No Detections,2026-04-20,NA,NA,0,0,2
No Detections,RE02,No Detections,No Detections,No Detections,2026-04-21,NA,NA,0,0,2
Marsh Rabbit,RE02,Mammalia,Sylvilagus,palustris,2026-04-22,2026-04-22T19:00:09Z,2026-04-22T19:00:54Z,0,0,2
Plestiodon Species,RE02,Reptilia,Plestiodon,laticeps,2026-04-23,2026-04-23T10:39:14Z,2026-04-23T10:39:14Z,0,0,2
Eastern Racer,RE02,Reptilia,Coluber,constrictor,2026-04-24,2026-04-24T14:00:33Z,2026-04-24T14:00:33Z,0,0,2
No Detections,RE02,No Detections,No Detections,No Detections,2026-04-25,NA,NA,0,0,2
No Detections,RE02,No Detections,No Detections,No Detections,2026-04-26,NA,NA,0,0,2
No Detections,RE02,No Detections,No Detections,No Detections,2026-04-27,NA,NA,0,0,2
No Detections,RE02,No Detections,No Detections,No Detections,2026-04-28,NA,NA,0,0,2
Peromyscus or Ochrotomys Species,RE02,Mammalia,Peromyscus,NA,2026-04-29,2026-04-29T00:52:27Z,2026-04-29T00:52:31Z,0,0,2
No Detections,RE02,No Detections,No Detections,No Detections,2026-04-30,NA,NA,0,0,2
No Detections,RE02,No Detections,No Detections,No Detections,2026-05-01,NA,NA,0,0,2
No Detections,RE02,No Detections,No Detections,No Detections,2026-05-02,NA,NA,0,0,2
Southeastern Shrew,RE02,Mammalia,Sorex,longirostris,2026-05-03,2026-05-03T23:46:59Z,2026-05-03T23:47:06Z,0,0,2
Southeastern Shrew,RE02,Mammalia,Sorex,longirostris,2026-05-04,2026-05-04T21:32:47Z,2026-05-04T21:32:49Z,0,0,2
Southeastern Shrew,RE02,Mammalia,Sorex,longirostris,2026-05-04,2026-05-04T22:50:54Z,2026-05-04T22:50:54Z,0,0,2
Southeastern Shrew,RE02,Mammalia,Sorex,longirostris,2026-05-05,2026-05-05T21:21:16Z,2026-05-05T21:21:26Z,0,0,2
No Detections,RE02,No Detections,No Detections,No Detections,2026-05-06,NA,NA,0,0,2
Peromyscus or Ochrotomys Species,RE02,Mammalia,Peromyscus,NA,2026-05-07,2026-05-07T03:47:23Z,2026-05-07T03:47:23Z,0,0,2
No Detections,RE02,No Detections,No Detections,No Detections,2026-05-08,NA,NA,0,0,2
No Detections,RE02,No Detections,No Detections,No Detections,2026-05-09,NA,NA,0,0,2
House Mouse,RE02,Mammalia,Mus,musculus,2026-05-10,2026-05-10T22:37:55Z,2026-05-10T22:37:55Z,0,0,2
No Detections,RE02,No Detections,No Detections,No Detections,2026-05-11,NA,NA,0,0,2
North American Least Shrew,RE02,Mammalia,Cryptotis,parvus,2026-05-12,2026-05-12T00:20:04Z,2026-05-12T00:20:04Z,0,0,2
No Detections,RE02,No Detections,No Detections,No Detections,2026-05-13,NA,NA,0,0,2
House Mouse,RE02,Mammalia,Mus,musculus,2026-05-14,2026-05-14T23:03:01Z,2026-05-14T23:03:13Z,0,0,2
House Mouse,RE02,Mammalia,Mus,musculus,2026-05-15,2026-05-15T21:31:52Z,2026-05-15T21:31:52Z,0,0,2
No Detections,RE02,No Detections,No Detections,No Detections,2026-05-16,NA,NA,0,0,2
No Detections,RE02,No Detections,No Detections,No Detections,2026-05-17,NA,NA,0,0,2
No Detections,RE02,No Detections,No Detections,No Detections,2026-05-18,NA,NA,0,0,2
No Detections,RE02,No Detections,No Detections,No Detections,2026-05-19,NA,NA,0,0,2
Southeastern Shrew,RE02,Mammalia,Sorex,longirostris,2026-05-20,2026-05-20T21:40:36Z,2026-05-20T21:40:37Z,0,0,2
No Detections,RE02,No Detections,No Detections,No Detections,2026-05-21,NA,NA,0,0,2
No Detections,RE02,No Detections,No Detections,No Detections,2026-05-22,NA,NA,0,0,2
No Detections,RE02,No Detections,No Detections,No Detections,2026-05-23,NA,NA,0,0,2
No Detections,RE02,No Detections,No Detections,No Detections,2026-05-24,NA,NA,0,0,2
No Detections,RE02,No Detections,No Detections,No Detections,2026-05-25,NA,NA,0,0,2
No Detections,RE02,No Detections,No Detections,No Detections,2026-05-26,NA,NA,0,0,2
No Detections,RE02,No Detections,No Detections,No Detections,2026-05-27,NA,NA,0,0,1
No Detections,RE02,No Detections,No Detections,No Detections,2026-05-28,NA,NA,0,0,1
No Detections,RE02,No Detections,No Detections,No Detections,2026-05-29,NA,NA,0,0,1
No Detections,RE02,No Detections,No Detections,No Detections,2026-05-30,NA,NA,0,0,1
No Detections,RE02,No Detections,No Detections,No Detections,2026-05-31,NA,NA,0,0,1
Peromyscus or Ochrotomys Species,RE02,Mammalia,Peromyscus,NA,2026-06-01,2026-06-01T23:19:09Z,2026-06-01T23:19:57Z,0,0,1
Eastern Harvest Mouse,RE02,Mammalia,Reithrodontomys,humulis,2026-06-02,2026-06-02T03:15:46Z,2026-06-02T03:22:40Z,0,0,2
Eastern Harvest Mouse,RE02,Mammalia,Reithrodontomys,humulis,2026-06-02,2026-06-02T22:54:35Z,2026-06-02T22:54:40Z,0,0,2
House Mouse,RE02,Mammalia,Mus,musculus,2026-06-03,2026-06-03T22:45:55Z,2026-06-03T22:46:03Z,0,0,2
No Detections,RE02,No Detections,No Detections,No Detections,2026-06-04,NA,NA,0,0,2
No Detections,RE02,No Detections,No Detections,No Detections,2026-06-05,NA,NA,0,0,2
No Detections,RE02,No Detections,No Detections,No Detections,2026-06-06,NA,NA,0,0,2
No Detections,RE02,No Detections,No Detections,No Detections,2026-06-07,NA,NA,0,0,2
Eastern Racer,RE02,Reptilia,Coluber,constrictor,2026-06-08,2026-06-08T16:24:14Z,2026-06-08T16:24:14Z,0,0,2
Southeastern Shrew,RE02,Mammalia,Sorex,longirostris,2026-06-08,2026-06-08T20:09:52Z,2026-06-08T20:09:56Z,0,0,2
Southeastern Shrew,RE02,Mammalia,Sorex,longirostris,2026-06-09,2026-06-09T22:42:50Z,2026-06-09T22:42:50Z,0,0,2
No Detections,RE02,No Detections,No Detections,No Detections,2026-06-10,NA,NA,0,0,2
Peromyscus or Ochrotomys Species,RE02,Mammalia,Peromyscus,NA,2026-06-11,2026-06-11T23:21:43Z,2026-06-11T23:22:38Z,0,0,2
Peromyscus or Ochrotomys Species,RE02,Mammalia,Peromyscus,NA,2026-06-12,2026-06-12T20:45:15Z,2026-06-12T20:45:23Z,0,0,2
No Detections,RE02,No Detections,No Detections,No Detections,2026-06-13,NA,NA,0,0,2
No Detections,RE02,No Detections,No Detections,No Detections,2026-06-14,NA,NA,0,0,2
Southeastern Shrew,RE02,Mammalia,Sorex,longirostris,2026-06-15,2026-06-15T22:46:19Z,2026-06-15T22:47:59Z,0,0,2
No Detections,RE02,No Detections,No Detections,No Detections,2026-06-16,NA,NA,0,0,2
No Detections,RE02,No Detections,No Detections,No Detections,2026-06-17,NA,NA,0,0,2
No Detections,RE02,No Detections,No Detections,No Detections,2026-06-18,NA,NA,0,0,2
Southeastern Shrew,RE02,Mammalia,Sorex,longirostris,2026-06-19,2026-06-19T02:59:48Z,2026-06-19T02:59:51Z,0,0,2
No Detections,RE02,No Detections,No Detections,No Detections,2026-06-20,NA,NA,0,0,2
No Detections,RE02,No Detections,No Detections,No Detections,2026-06-21,NA,NA,0,0,2
No Detections,RE02,No Detections,No Detections,No Detections,2026-06-22,NA,NA,0,0,2
No Detections,RE02,No Detections,No Detections,No Detections,2026-06-23,NA,NA,0,0,2
No Detections,RE02,No Detections,No Detections,No Detections,2026-06-24,NA,NA,0,0,2
No Detections,RE02,No Detections,No Detections,No Detections,2026-06-25,NA,NA,0,0,2
No Detections,RE02,No Detections,No Detections,No Detections,2026-06-26,NA,NA,0,0,2
No Detections,RE02,No Detections,No Detections,No Detections,2026-06-27,NA,NA,0,0,2
No Detections,RE02,No Detections,No Detections,No Detections,2026-06-28,NA,NA,0,0,2
Eastern Harvest Mouse,RE02,Mammalia,Reithrodontomys,humulis,2026-06-29,2026-06-29T00:00:37Z,2026-06-29T00:02:13Z,0,0,2
Peromyscus or Ochrotomys Species,RE02,Mammalia,Peromyscus,NA,2026-06-29,2026-06-29T01:27:18Z,2026-06-29T01:27:18Z,0,0,2
Southeastern Shrew,RE02,Mammalia,Sorex,longirostris,2026-06-30,2026-06-30T05:07:05Z,2026-06-30T05:07:39Z,0,0,2
Peromyscus or Ochrotomys Species,RE02,Mammalia,Peromyscus,NA,2026-07-01,2026-07-01T05:06:46Z,2026-07-01T05:06:46Z,0,0,2
No Detections,RE02,No Detections,No Detections,No Detections,2026-07-02,NA,NA,0,0,2
No Detections,RE02,No Detections,No Detections,No Detections,2026-07-03,NA,NA,0,0,2
House Mouse,RE02,Mammalia,Mus,musculus,2026-07-04,2026-07-04T22:29:55Z,2026-07-04T22:29:55Z,0,0,2
Peromyscus or Ochrotomys Species,RE02,Mammalia,Peromyscus,NA,2026-07-05,2026-07-05T05:20:10Z,2026-07-05T05:20:22Z,0,0,2
No Detections,RE02,No Detections,No Detections,No Detections,2026-07-06,NA,NA,0,0,2
Peromyscus or Ochrotomys Species,RE02,Mammalia,Ochrotomys,nuttalli,2026-07-07,2026-07-07T03:26:05Z,2026-07-07T03:36:48Z,0,0,2
Peromyscus or Ochrotomys Species,RE02,Mammalia,Peromyscus,NA,2026-07-08,2026-07-08T23:48:53Z,2026-07-08T23:49:02Z,0,0,2
No Detections,RE02,No Detections,No Detections,No Detections,2026-07-09,NA,NA,0,0,2
Peromyscus or Ochrotomys Species,RE02,Mammalia,Peromyscus,NA,2026-07-10,2026-07-10T00:12:05Z,2026-07-10T00:12:09Z,0,0,2
Peromyscus or Ochrotomys Species,RE02,Mammalia,Peromyscus,NA,2026-07-10,2026-07-10T22:20:12Z,2026-07-10T22:20:12Z,0,0,2
Peromyscus or Ochrotomys Species,RE02,Mammalia,Peromyscus,NA,2026-07-11,2026-07-11T02:59:52Z,2026-07-11T02:59:58Z,0,0,2
Peromyscus or Ochrotomys Species,RE02,Mammalia,Ochrotomys,nuttalli,2026-07-11,2026-07-11T03:22:36Z,2026-07-11T03:22:36Z,0,0,2
Peromyscus or Ochrotomys Species,RE02,Mammalia,Peromyscus,NA,2026-07-12,2026-07-12T23:30:09Z,2026-07-12T23:30:09Z,0,0,2
Southeastern Shrew,RE02,Mammalia,Sorex,longirostris,2026-07-13,2026-07-13T05:35:47Z,2026-07-13T05:35:48Z,0,0,2
Peromyscus or Ochrotomys Species,RE02,Mammalia,Peromyscus,NA,2026-07-14,2026-07-14T22:01:34Z,2026-07-14T22:01:37Z,0,0,2
No Detections,RE02,No Detections,No Detections,No Detections,2026-07-15,NA,NA,0,0,2
Peromyscus or Ochrotomys Species,RE02,Mammalia,Peromyscus,NA,2026-07-16,2026-07-16T22:44:24Z,2026-07-16T22:44:24Z,0,0,2
No Detections,RE02,No Detections,No Detections,No Detections,2026-07-17,NA,NA,0,0,2
No Detections,RE02,No Detections,No Detections,No Detections,2026-07-18,NA,NA,0,0,2
Peromyscus or Ochrotomys Species,RE02,Mammalia,Peromyscus,NA,2026-07-19,2026-07-19T22:16:49Z,2026-07-19T22:16:50Z,0,0,2
No Detections,RE02,No Detections,No Detections,No Detections,2026-07-20,NA,NA,0,0,2
Peromyscus or Ochrotomys Species,RE02,Mammalia,Peromyscus,NA,2026-07-21,2026-07-21T23:20:22Z,2026-07-21T23:20:22Z,0,0,2
No Detections,RE02,No Detections,No Detections,No Detections,2026-07-22,NA,NA,0,0,2
Southeastern Shrew,RE02,Mammalia,Sorex,longirostris,2026-07-23,2026-07-23T20:54:41Z,2026-07-23T21:38:36Z,0,0,2
Peromyscus or Ochrotomys Species,RE02,Mammalia,Peromyscus,NA,2026-07-23,2026-07-23T23:18:53Z,2026-07-23T23:18:53Z,0,0,2
No Detections,RE02,No Detections,No Detections,No Detections,2026-07-24,NA,NA,0,0,2
Peromyscus or Ochrotomys Species,RE02,Mammalia,Peromyscus,NA,2026-07-25,2026-07-25T00:46:15Z,2026-07-25T00:51:01Z,0,0,2
Southeastern Shrew,RE02,Mammalia,Sorex,longirostris,2026-07-26,2026-07-26T05:44:55Z,2026-07-26T05:44:55Z,0,0,2
No Detections,RE02,No Detections,No Detections,No Detections,2026-07-27,NA,NA,0,0,2
Little Brown Skink,RE03,Reptilia,Scincella,lateralis,2026-03-28,2026-03-28T15:16:04Z,2026-03-28T15:16:05Z,0,0,2
No Detections,RE03,No Detections,No Detections,No Detections,2026-03-29,NA,NA,0,0,2
No Detections,RE03,No Detections,No Detections,No Detections,2026-03-30,NA,NA,0,0,2
No Detections,RE03,No Detections,No Detections,No Detections,2026-03-31,NA,NA,0,0,2
No Detections,RE03,No Detections,No Detections,No Detections,2026-04-01,NA,NA,0,0,2
Little Brown Skink,RE03,Reptilia,Scincella,lateralis,2026-04-02,2026-04-02T10:01:51Z,2026-04-02T10:01:51Z,0,0,2
No Detections,RE03,No Detections,No Detections,No Detections,2026-04-03,NA,NA,0,0,2
Peromyscus or Ochrotomys Species,RE03,Mammalia,Peromyscus,NA,2026-04-04,2026-04-04T20:51:26Z,2026-04-04T21:31:23Z,0,0,2
Peromyscus or Ochrotomys Species,RE03,Mammalia,Peromyscus,NA,2026-04-05,2026-04-05T23:02:21Z,2026-04-05T23:02:22Z,0,0,2
Peromyscus or Ochrotomys Species,RE03,Mammalia,Peromyscus,NA,2026-04-06,2026-04-06T20:17:41Z,2026-04-06T20:17:43Z,0,0,2
No Detections,RE03,No Detections,No Detections,No Detections,2026-04-07,NA,NA,0,0,2
No Detections,RE03,No Detections,No Detections,No Detections,2026-04-08,NA,NA,0,0,2
No Detections,RE03,No Detections,No Detections,No Detections,2026-04-09,NA,NA,0,0,2
No Detections,RE03,No Detections,No Detections,No Detections,2026-04-10,NA,NA,0,0,1
No Detections,RE03,No Detections,No Detections,No Detections,2026-04-11,NA,NA,0,0,1
No Detections,RE03,No Detections,No Detections,No Detections,2026-04-12,NA,NA,0,0,1
Northern Cottonmouth,RE03,Reptilia,Agkistrodon,piscivorus,2026-04-13,2026-04-13T15:43:16Z,2026-04-13T15:43:20Z,0,0,1
No Detections,RE03,No Detections,No Detections,No Detections,2026-04-14,NA,NA,0,0,1
Peromyscus or Ochrotomys Species,RE03,Mammalia,Peromyscus,NA,2026-04-15,2026-04-15T03:25:37Z,2026-04-15T03:25:45Z,0,0,1
Little Brown Skink,RE03,Reptilia,Scincella,lateralis,2026-04-15,2026-04-15T17:53:05Z,2026-04-15T17:53:06Z,0,0,1
No Detections,RE03,No Detections,No Detections,No Detections,2026-04-16,NA,NA,0,0,1
No Detections,RE03,No Detections,No Detections,No Detections,2026-04-17,NA,NA,0,0,1
No Detections,RE03,No Detections,No Detections,No Detections,2026-04-18,NA,NA,0,0,1
No Detections,RE03,No Detections,No Detections,No Detections,2026-04-19,NA,NA,0,0,1
No Detections,RE03,No Detections,No Detections,No Detections,2026-04-20,NA,NA,0,0,1
No Detections,RE03,No Detections,No Detections,No Detections,2026-04-21,NA,NA,0,0,1
No Detections,RE03,No Detections,No Detections,No Detections,2026-04-22,NA,NA,0,0,1
No Detections,RE03,No Detections,No Detections,No Detections,2026-04-23,NA,NA,0,0,1
No Detections,RE03,No Detections,No Detections,No Detections,2026-04-24,NA,NA,0,0,1
No Detections,RE03,No Detections,No Detections,No Detections,2026-04-25,NA,NA,0,0,1
Eastern Harvest Mouse,RE03,Mammalia,Reithrodontomys,humulis,2026-04-26,2026-04-26T02:30:28Z,2026-04-26T02:30:30Z,0,0,1
Eastern Rat Snake,RE03,Reptilia,Pantherophis,alleghaniensis,2026-04-27,2026-04-27T14:31:36Z,2026-04-27T14:31:51Z,0,0,1
Little Brown Skink,RE03,Reptilia,Scincella,lateralis,2026-04-28,2026-04-28T15:16:42Z,2026-04-28T15:16:42Z,0,0,1
Eastern Rat Snake,RE03,Reptilia,Pantherophis,alleghaniensis,2026-04-29,2026-04-29T10:46:20Z,2026-04-29T10:47:08Z,0,0,1
No Detections,RE03,No Detections,No Detections,No Detections,2026-04-30,NA,NA,0,0,1
No Detections,RE03,No Detections,No Detections,No Detections,2026-05-01,NA,NA,0,0,1
No Detections,RE03,No Detections,No Detections,No Detections,2026-05-02,NA,NA,0,0,1
No Detections,RE03,No Detections,No Detections,No Detections,2026-05-03,NA,NA,0,0,1
No Detections,RE03,No Detections,No Detections,No Detections,2026-05-04,NA,NA,0,0,1
Eastern Rat Snake,RE03,Reptilia,Pantherophis,alleghaniensis,2026-05-05,2026-05-05T13:45:12Z,2026-05-05T13:45:19Z,0,0,1
Southeastern Shrew,RE03,Mammalia,Sorex,longirostris,2026-05-06,2026-05-06T00:33:49Z,2026-05-06T00:33:49Z,0,0,2
Southern Short-tailed Shrew,RE03,Mammalia,Blarina,carolinensis,2026-05-07,2026-05-07T04:03:01Z,2026-05-07T04:03:03Z,0,0,2
No Detections,RE03,No Detections,No Detections,No Detections,2026-05-08,NA,NA,0,0,2
No Detections,RE03,No Detections,No Detections,No Detections,2026-05-09,NA,NA,0,0,2
No Detections,RE03,No Detections,No Detections,No Detections,2026-05-10,NA,NA,0,0,2
No Detections,RE03,No Detections,No Detections,No Detections,2026-05-11,NA,NA,0,0,2
No Detections,RE03,No Detections,No Detections,No Detections,2026-05-12,NA,NA,0,0,2
Southeastern Shrew,RE03,Mammalia,Sorex,longirostris,2026-05-13,2026-05-13T02:13:53Z,2026-05-13T02:13:53Z,0,0,2
No Detections,RE03,No Detections,No Detections,No Detections,2026-05-14,NA,NA,0,0,2
No Detections,RE03,No Detections,No Detections,No Detections,2026-05-15,NA,NA,0,0,2
North American Least Shrew,RE03,Mammalia,Cryptotis,parvus,2026-05-16,2026-05-16T03:48:05Z,2026-05-16T03:48:05Z,0,0,2
Southeastern Shrew,RE03,Mammalia,Sorex,longirostris,2026-05-16,2026-05-16T03:48:05Z,2026-05-16T03:48:05Z,0,0,2
No Detections,RE03,No Detections,No Detections,No Detections,2026-05-17,NA,NA,0,0,2
No Detections,RE03,No Detections,No Detections,No Detections,2026-05-18,NA,NA,0,0,2
No Detections,RE03,No Detections,No Detections,No Detections,2026-05-19,NA,NA,0,0,2
Peromyscus or Ochrotomys Species,RE03,Mammalia,Peromyscus,NA,2026-05-20,2026-05-20T00:50:12Z,2026-05-20T00:50:13Z,0,0,2
No Detections,RE03,No Detections,No Detections,No Detections,2026-05-21,NA,NA,0,0,2
No Detections,RE03,No Detections,No Detections,No Detections,2026-05-22,NA,NA,0,0,2
No Detections,RE03,No Detections,No Detections,No Detections,2026-05-23,NA,NA,0,0,2
No Detections,RE03,No Detections,No Detections,No Detections,2026-05-24,NA,NA,0,0,2
No Detections,RE03,No Detections,No Detections,No Detections,2026-05-25,NA,NA,0,0,2
No Detections,RE03,No Detections,No Detections,No Detections,2026-05-26,NA,NA,0,0,2
No Detections,RE03,No Detections,No Detections,No Detections,2026-05-27,NA,NA,0,0,2
No Detections,RE03,No Detections,No Detections,No Detections,2026-05-28,NA,NA,0,0,2
No Detections,RE03,No Detections,No Detections,No Detections,2026-05-29,NA,NA,0,0,2
No Detections,RE03,No Detections,No Detections,No Detections,2026-05-30,NA,NA,0,0,2
No Detections,RE03,No Detections,No Detections,No Detections,2026-05-31,NA,NA,0,0,2
No Detections,RE03,No Detections,No Detections,No Detections,2026-06-01,NA,NA,0,0,2
No Detections,RE03,No Detections,No Detections,No Detections,2026-06-02,NA,NA,0,0,2
No Detections,RE03,No Detections,No Detections,No Detections,2026-06-03,NA,NA,0,0,2
Southeastern Shrew,RE03,Mammalia,Sorex,longirostris,2026-06-04,2026-06-04T22:21:02Z,2026-06-04T22:21:03Z,0,0,2
Southeastern Shrew,RE03,Mammalia,Sorex,longirostris,2026-06-05,2026-06-05T22:48:01Z,2026-06-05T22:48:01Z,0,0,2
No Detections,RE03,No Detections,No Detections,No Detections,2026-06-06,NA,NA,0,0,2
No Detections,RE03,No Detections,No Detections,No Detections,2026-06-07,NA,NA,0,0,2
No Detections,RE03,No Detections,No Detections,No Detections,2026-06-08,NA,NA,0,0,2
No Detections,RE03,No Detections,No Detections,No Detections,2026-06-09,NA,NA,0,0,2
No Detections,RE03,No Detections,No Detections,No Detections,2026-06-10,NA,NA,0,0,2
No Detections,RE03,No Detections,No Detections,No Detections,2026-06-11,NA,NA,0,0,2
No Detections,RE03,No Detections,No Detections,No Detections,2026-06-12,NA,NA,0,0,2
No Detections,RE03,No Detections,No Detections,No Detections,2026-06-13,NA,NA,0,0,2
No Detections,RE03,No Detections,No Detections,No Detections,2026-06-14,NA,NA,0,0,2
No Detections,RE03,No Detections,No Detections,No Detections,2026-06-15,NA,NA,0,0,2
No Detections,RE03,No Detections,No Detections,No Detections,2026-06-16,NA,NA,0,0,2
Plestiodon Species,RE03,Reptilia,Plestiodon,NA,2026-06-17,2026-06-17T11:34:07Z,2026-06-17T11:34:07Z,0,0,2
No Detections,RE03,No Detections,No Detections,No Detections,2026-06-18,NA,NA,0,0,2
No Detections,RE03,No Detections,No Detections,No Detections,2026-06-19,NA,NA,0,0,2
No Detections,RE03,No Detections,No Detections,No Detections,2026-06-20,NA,NA,0,0,2
No Detections,RE03,No Detections,No Detections,No Detections,2026-06-21,NA,NA,0,0,2
No Detections,RE03,No Detections,No Detections,No Detections,2026-06-22,NA,NA,0,0,2
No Detections,RE03,No Detections,No Detections,No Detections,2026-06-23,NA,NA,0,0,2
Peromyscus or Ochrotomys Species,RE03,Mammalia,Peromyscus,NA,2026-06-24,2026-06-24T22:13:17Z,2026-06-24T22:13:20Z,0,0,2
Virginia Opossum,RE03,Mammalia,Didelphis,virginiana,2026-06-24,2026-06-24T22:28:43Z,2026-06-24T22:29:01Z,0,0,2
No Detections,RE03,No Detections,No Detections,No Detections,2026-06-25,NA,NA,0,0,2
No Detections,RE03,No Detections,No Detections,No Detections,2026-06-26,NA,NA,0,0,2
Virginia Opossum,RE03,Mammalia,Didelphis,virginiana,2026-06-27,2026-06-27T22:45:13Z,2026-06-27T22:46:43Z,0,0,2
Virginia Opossum,RE03,Mammalia,Didelphis,virginiana,2026-06-28,2026-06-28T20:46:34Z,2026-06-28T20:47:14Z,0,0,2
Peromyscus or Ochrotomys Species,RE03,Mammalia,Peromyscus,NA,2026-06-28,2026-06-28T21:36:34Z,2026-06-28T21:51:50Z,0,0,2
No Detections,RE03,No Detections,No Detections,No Detections,2026-06-29,NA,NA,0,0,2
No Detections,RE03,No Detections,No Detections,No Detections,2026-06-30,NA,NA,0,0,2
No Detections,RE03,No Detections,No Detections,No Detections,2026-07-01,NA,NA,0,0,2
No Detections,RE03,No Detections,No Detections,No Detections,2026-07-02,NA,NA,0,0,2
No Detections,RE03,No Detections,No Detections,No Detections,2026-07-03,NA,NA,0,0,2
No Detections,RE03,No Detections,No Detections,No Detections,2026-07-04,NA,NA,0,0,2
No Detections,RE03,No Detections,No Detections,No Detections,2026-07-05,NA,NA,0,0,2
Peromyscus or Ochrotomys Species,RE03,Mammalia,Peromyscus,NA,2026-07-06,2026-07-06T00:08:49Z,2026-07-06T00:08:53Z,0,0,2
Peromyscus or Ochrotomys Species,RE03,Mammalia,Ochrotomys,nuttalli,2026-07-06,2026-07-06T00:15:38Z,2026-07-06T00:15:40Z,0,0,2
Virginia Opossum,RE03,Mammalia,Didelphis,virginiana,2026-07-06,2026-07-06T20:59:16Z,2026-07-06T21:02:21Z,0,0,2
Peromyscus or Ochrotomys Species,RE03,Mammalia,Ochrotomys,nuttalli,2026-07-06,2026-07-06T23:57:12Z,2026-07-06T23:58:18Z,0,0,2
No Detections,RE03,No Detections,No Detections,No Detections,2026-07-07,NA,NA,0,0,2
Peromyscus or Ochrotomys Species,RE03,Mammalia,Peromyscus,NA,2026-07-08,2026-07-08T00:30:48Z,2026-07-08T00:30:48Z,0,0,2
Peromyscus or Ochrotomys Species,RE03,Mammalia,Peromyscus,NA,2026-07-09,2026-07-09T00:02:30Z,2026-07-09T00:02:36Z,0,0,2
Virginia Opossum,RE03,Mammalia,Didelphis,virginiana,2026-07-10,2026-07-10T22:31:35Z,2026-07-10T22:32:04Z,0,0,2
No Detections,RE03,No Detections,No Detections,No Detections,2026-07-11,NA,NA,0,0,2
Virginia Opossum,RE03,Mammalia,Didelphis,virginiana,2026-07-12,2026-07-12T00:13:13Z,2026-07-12T00:13:19Z,0,0,2
Virginia Opossum,RE03,Mammalia,Didelphis,virginiana,2026-07-13,2026-07-13T21:29:58Z,2026-07-13T21:30:12Z,0,0,2
Virginia Opossum,RE03,Mammalia,Didelphis,virginiana,2026-07-14,2026-07-14T00:51:07Z,2026-07-14T00:51:16Z,0,0,2
No Detections,RE03,No Detections,No Detections,No Detections,2026-07-15,NA,NA,0,0,2
Virginia Opossum,RE03,Mammalia,Didelphis,virginiana,2026-07-16,2026-07-16T22:44:45Z,2026-07-16T22:46:38Z,0,0,2
Plestiodon Species,RE03,Reptilia,Plestiodon,NA,2026-07-17,2026-07-17T12:20:06Z,2026-07-17T12:20:06Z,0,0,2
Virginia Opossum,RE03,Mammalia,Didelphis,virginiana,2026-07-18,2026-07-18T21:59:21Z,2026-07-18T21:59:34Z,0,0,2
No Detections,RE03,No Detections,No Detections,No Detections,2026-07-19,NA,NA,0,0,2
Virginia Opossum,RE03,Mammalia,Didelphis,virginiana,2026-07-20,2026-07-20T03:25:42Z,2026-07-20T03:25:56Z,0,0,2
No Detections,RE03,No Detections,No Detections,No Detections,2026-07-21,NA,NA,0,0,2
Virginia Opossum,RE03,Mammalia,Didelphis,virginiana,2026-07-22,2026-07-22T22:06:48Z,2026-07-22T22:27:05Z,0,0,2
No Detections,RE03,No Detections,No Detections,No Detections,2026-07-23,NA,NA,0,0,2
No Detections,RE03,No Detections,No Detections,No Detections,2026-07-24,NA,NA,0,0,2
No Detections,RE03,No Detections,No Detections,No Detections,2026-07-25,NA,NA,0,0,2
No Detections,RE03,No Detections,No Detections,No Detections,2026-07-26,NA,NA,0,0,2
No Detections,RE03,No Detections,No Detections,No Detections,2026-07-27,NA,NA,0,0,2
No Detections,RE03,No Detections,No Detections,No Detections,2026-07-28,NA,NA,0,0,2
No Detections,RE04,No Detections,No Detections,No Detections,2026-04-02,NA,NA,0,0,2
No Detections,RE04,No Detections,No Detections,No Detections,2026-04-03,NA,NA,0,0,2
No Detections,RE04,No Detections,No Detections,No Detections,2026-04-04,NA,NA,0,0,2
No Detections,RE04,No Detections,No Detections,No Detections,2026-04-05,NA,NA,0,0,2
Peromyscus or Ochrotomys Species,RE04,Mammalia,Peromyscus,NA,2026-04-06,2026-04-06T04:17:01Z,2026-04-06T04:17:08Z,0,0,2
Eastern Harvest Mouse,RE04,Mammalia,Reithrodontomys,humulis,2026-04-07,2026-04-07T22:30:37Z,2026-04-07T22:30:40Z,0,0,2
No Detections,RE04,No Detections,No Detections,No Detections,2026-04-08,NA,NA,0,0,2
No Detections,RE04,No Detections,No Detections,No Detections,2026-04-09,NA,NA,0,0,2
No Detections,RE04,No Detections,No Detections,No Detections,2026-04-10,NA,NA,0,0,2
No Detections,RE04,No Detections,No Detections,No Detections,2026-04-11,NA,NA,0,0,2
Eastern Racer,RE04,Reptilia,Coluber,constrictor,2026-04-12,2026-04-12T15:50:20Z,2026-04-12T15:50:24Z,0,0,2
Peromyscus or Ochrotomys Species,RE04,Mammalia,Peromyscus,NA,2026-04-13,2026-04-13T21:00:23Z,2026-04-13T21:00:26Z,0,0,2
No Detections,RE04,No Detections,No Detections,No Detections,2026-04-14,NA,NA,0,0,2
No Detections,RE04,No Detections,No Detections,No Detections,2026-04-15,NA,NA,0,0,1
No Detections,RE04,No Detections,No Detections,No Detections,2026-04-16,NA,NA,0,0,1
North American Least Shrew,RE04,Mammalia,Cryptotis,parvus,2026-04-17,2026-04-17T23:19:06Z,2026-04-17T23:19:09Z,0,0,1
No Detections,RE04,No Detections,No Detections,No Detections,2026-04-18,NA,NA,0,0,1
No Detections,RE04,No Detections,No Detections,No Detections,2026-04-19,NA,NA,0,0,1
North American Least Shrew,RE04,Mammalia,Cryptotis,parvus,2026-04-20,2026-04-20T21:14:58Z,2026-04-20T21:14:59Z,0,0,1
No Detections,RE04,No Detections,No Detections,No Detections,2026-04-21,NA,NA,0,0,1
No Detections,RE04,No Detections,No Detections,No Detections,2026-04-22,NA,NA,0,0,1
No Detections,RE04,No Detections,No Detections,No Detections,2026-04-23,NA,NA,0,0,1
No Detections,RE04,No Detections,No Detections,No Detections,2026-04-24,NA,NA,0,0,1
No Detections,RE04,No Detections,No Detections,No Detections,2026-04-25,NA,NA,0,0,1
Hispid Cotton Rat,RE04,Mammalia,Sigmodon,hispidus,2026-04-26,2026-04-26T01:04:25Z,2026-04-26T01:04:33Z,0,0,1
No Detections,RE04,No Detections,No Detections,No Detections,2026-04-27,NA,NA,0,0,1
No Detections,RE04,No Detections,No Detections,No Detections,2026-04-28,NA,NA,0,0,1
No Detections,RE04,No Detections,No Detections,No Detections,2026-04-29,NA,NA,0,0,1
No Detections,RE04,No Detections,No Detections,No Detections,2026-04-30,NA,NA,0,0,1
No Detections,RE04,No Detections,No Detections,No Detections,2026-05-01,NA,NA,0,0,1
No Detections,RE04,No Detections,No Detections,No Detections,2026-05-02,NA,NA,0,0,1
No Detections,RE04,No Detections,No Detections,No Detections,2026-05-03,NA,NA,0,0,1
No Detections,RE04,No Detections,No Detections,No Detections,2026-05-04,NA,NA,0,0,1
No Detections,RE04,No Detections,No Detections,No Detections,2026-05-05,NA,NA,0,0,1
No Detections,RE04,No Detections,No Detections,No Detections,2026-05-06,NA,NA,0,0,1
Peromyscus or Ochrotomys Species,RE04,Mammalia,Peromyscus,NA,2026-05-07,2026-05-07T01:35:18Z,2026-05-07T01:51:03Z,0,0,1
No Detections,RE04,No Detections,No Detections,No Detections,2026-05-08,NA,NA,0,0,1
No Detections,RE04,No Detections,No Detections,No Detections,2026-05-09,NA,NA,0,0,1
No Detections,RE04,No Detections,No Detections,No Detections,2026-05-10,NA,NA,0,0,1
No Detections,RE04,No Detections,No Detections,No Detections,2026-05-11,NA,NA,0,0,1
No Detections,RE04,No Detections,No Detections,No Detections,2026-05-12,NA,NA,0,0,1
No Detections,RE04,No Detections,No Detections,No Detections,2026-05-13,NA,NA,0,0,1
No Detections,RE04,No Detections,No Detections,No Detections,2026-05-14,NA,NA,0,0,1
No Detections,RE04,No Detections,No Detections,No Detections,2026-05-15,NA,NA,0,0,1
No Detections,RE04,No Detections,No Detections,No Detections,2026-05-16,NA,NA,0,0,1
No Detections,RE04,No Detections,No Detections,No Detections,2026-05-17,NA,NA,0,0,1
No Detections,RE04,No Detections,No Detections,No Detections,2026-05-18,NA,NA,0,0,1
Eastern Racer,RE04,Reptilia,Coluber,constrictor,2026-05-19,2026-05-19T08:44:38Z,2026-05-19T08:44:41Z,0,0,1
No Detections,RE04,No Detections,No Detections,No Detections,2026-05-20,NA,NA,0,0,1
No Detections,RE04,No Detections,No Detections,No Detections,2026-05-21,NA,NA,0,0,1
No Detections,RE04,No Detections,No Detections,No Detections,2026-05-22,NA,NA,0,0,1
No Detections,RE04,No Detections,No Detections,No Detections,2026-05-23,NA,NA,0,0,2
No Detections,RE04,No Detections,No Detections,No Detections,2026-05-24,NA,NA,0,0,2
Southern Short-tailed Shrew,RE04,Mammalia,Blarina,carolinensis,2026-05-25,2026-05-25T04:29:58Z,2026-05-25T04:31:22Z,0,0,2
No Detections,RE04,No Detections,No Detections,No Detections,2026-05-26,NA,NA,0,0,2
No Detections,RE04,No Detections,No Detections,No Detections,2026-05-27,NA,NA,0,0,2
Southeastern Shrew,RE04,Mammalia,Sorex,longirostris,2026-05-28,2026-05-28T02:44:46Z,2026-05-28T02:44:46Z,0,0,2
Eastern Racer,RE04,Reptilia,Coluber,constrictor,2026-05-29,2026-05-29T10:24:56Z,2026-05-29T10:24:56Z,0,0,2
Southeastern Shrew,RE04,Mammalia,Sorex,longirostris,2026-05-30,2026-05-30T21:35:06Z,2026-05-30T21:35:08Z,0,0,2
No Detections,RE04,No Detections,No Detections,No Detections,2026-05-31,NA,NA,0,0,2
No Detections,RE04,No Detections,No Detections,No Detections,2026-06-01,NA,NA,0,0,2
No Detections,RE04,No Detections,No Detections,No Detections,2026-06-02,NA,NA,0,0,2
No Detections,RE04,No Detections,No Detections,No Detections,2026-06-03,NA,NA,0,0,2
No Detections,RE04,No Detections,No Detections,No Detections,2026-06-04,NA,NA,0,0,2
No Detections,RE04,No Detections,No Detections,No Detections,2026-06-05,NA,NA,0,0,2
No Detections,RE04,No Detections,No Detections,No Detections,2026-06-06,NA,NA,0,0,2
No Detections,RE04,No Detections,No Detections,No Detections,2026-06-07,NA,NA,0,0,2
No Detections,RE04,No Detections,No Detections,No Detections,2026-06-08,NA,NA,0,0,2
No Detections,RE04,No Detections,No Detections,No Detections,2026-06-09,NA,NA,0,0,2
No Detections,RE04,No Detections,No Detections,No Detections,2026-06-10,NA,NA,0,0,2
No Detections,RE04,No Detections,No Detections,No Detections,2026-06-11,NA,NA,0,0,2
No Detections,RE04,No Detections,No Detections,No Detections,2026-06-12,NA,NA,0,0,2
No Detections,RE04,No Detections,No Detections,No Detections,2026-06-13,NA,NA,0,0,2
No Detections,RE04,No Detections,No Detections,No Detections,2026-06-14,NA,NA,0,0,2
Southern Short-tailed Shrew,RE04,Mammalia,Blarina,carolinensis,2026-06-15,2026-06-15T00:25:35Z,2026-06-15T00:25:35Z,0,0,2
No Detections,RE04,No Detections,No Detections,No Detections,2026-06-16,NA,NA,0,0,2
No Detections,RE04,No Detections,No Detections,No Detections,2026-06-17,NA,NA,0,0,2
No Detections,RE04,No Detections,No Detections,No Detections,2026-06-18,NA,NA,0,0,2
No Detections,RE04,No Detections,No Detections,No Detections,2026-06-19,NA,NA,0,0,2
Southeastern Shrew,RE04,Mammalia,Sorex,longirostris,2026-06-20,2026-06-20T03:18:38Z,2026-06-20T03:18:48Z,0,0,2
No Detections,RE04,No Detections,No Detections,No Detections,2026-06-21,NA,NA,0,0,2
Southeastern Shrew,RE04,Mammalia,Sorex,longirostris,2026-06-22,2026-06-22T23:57:40Z,2026-06-22T23:57:40Z,0,0,2
No Detections,RE04,No Detections,No Detections,No Detections,2026-06-23,NA,NA,0,0,2
No Detections,RE04,No Detections,No Detections,No Detections,2026-06-24,NA,NA,0,0,2
Southeastern Shrew,RE04,Mammalia,Sorex,longirostris,2026-06-25,2026-06-25T00:10:49Z,2026-06-25T00:10:52Z,0,0,2
No Detections,RE04,No Detections,No Detections,No Detections,2026-06-26,NA,NA,0,0,2
No Detections,RE04,No Detections,No Detections,No Detections,2026-06-27,NA,NA,0,0,2
No Detections,RE04,No Detections,No Detections,No Detections,2026-06-28,NA,NA,0,0,2
No Detections,RE04,No Detections,No Detections,No Detections,2026-06-29,NA,NA,0,0,2
Peromyscus or Ochrotomys Species,RE04,Mammalia,Peromyscus,NA,2026-06-30,2026-06-30T23:53:15Z,2026-06-30T23:53:27Z,0,0,2
No Detections,RE04,No Detections,No Detections,No Detections,2026-07-01,NA,NA,0,0,2
Southeastern Shrew,RE04,Mammalia,Sorex,longirostris,2026-07-02,2026-07-02T03:32:25Z,2026-07-02T03:32:26Z,0,0,2
No Detections,RE04,No Detections,No Detections,No Detections,2026-07-03,NA,NA,0,0,2
No Detections,RE04,No Detections,No Detections,No Detections,2026-07-04,NA,NA,0,0,1
No Detections,RE04,No Detections,No Detections,No Detections,2026-07-05,NA,NA,0,0,1
No Detections,RE04,No Detections,No Detections,No Detections,2026-07-06,NA,NA,0,0,1
No Detections,RE04,No Detections,No Detections,No Detections,2026-07-07,NA,NA,0,0,1
No Detections,RE04,No Detections,No Detections,No Detections,2026-07-08,NA,NA,0,0,1
No Detections,RE05,No Detections,No Detections,No Detections,2026-03-28,NA,NA,0,0,2
No Detections,RE05,No Detections,No Detections,No Detections,2026-03-29,NA,NA,0,0,2
No Detections,RE05,No Detections,No Detections,No Detections,2026-03-30,NA,NA,0,0,2
Little Brown Skink,RE05,Reptilia,Scincella,lateralis,2026-03-31,2026-03-31T16:24:16Z,2026-03-31T17:04:47Z,0,0,2
No Detections,RE05,No Detections,No Detections,No Detections,2026-04-01,NA,NA,0,0,2
Eastern Racer,RE05,Reptilia,Coluber,constrictor,2026-04-02,2026-04-02T17:46:11Z,2026-04-02T17:46:11Z,0,0,2
No Detections,RE05,No Detections,No Detections,No Detections,2026-04-03,NA,NA,0,0,2
No Detections,RE05,No Detections,No Detections,No Detections,2026-04-04,NA,NA,0,0,2
No Detections,RE05,No Detections,No Detections,No Detections,2026-04-05,NA,NA,0,0,1
No Detections,RE05,No Detections,No Detections,No Detections,2026-04-06,NA,NA,0,0,1
No Detections,RE05,No Detections,No Detections,No Detections,2026-04-07,NA,NA,0,0,1
No Detections,RE05,No Detections,No Detections,No Detections,2026-04-08,NA,NA,0,0,1
No Detections,RE05,No Detections,No Detections,No Detections,2026-04-09,NA,NA,0,0,1
Peromyscus or Ochrotomys Species,RE05,Mammalia,Peromyscus,NA,2026-04-10,2026-04-10T23:20:14Z,2026-04-10T23:55:50Z,0,0,1
No Detections,RE05,No Detections,No Detections,No Detections,2026-04-11,NA,NA,0,0,1
No Detections,RE05,No Detections,No Detections,No Detections,2026-04-12,NA,NA,0,0,1
No Detections,RE05,No Detections,No Detections,No Detections,2026-04-13,NA,NA,0,0,1
Southern Toad,RE05,Amphibia,Anaxyrus,terrestris,2026-04-14,2026-04-14T20:16:42Z,2026-04-14T20:16:42Z,0,0,1
Eastern Racer,RE05,Reptilia,Coluber,constrictor,2026-04-15,2026-04-15T15:15:21Z,2026-04-15T15:15:21Z,0,0,1
No Detections,RE05,No Detections,No Detections,No Detections,2026-04-16,NA,NA,0,0,1
No Detections,RE05,No Detections,No Detections,No Detections,2026-04-17,NA,NA,0,0,1
No Detections,RE05,No Detections,No Detections,No Detections,2026-04-18,NA,NA,0,0,1
No Detections,RE05,No Detections,No Detections,No Detections,2026-04-19,NA,NA,0,0,1
No Detections,RE05,No Detections,No Detections,No Detections,2026-04-20,NA,NA,0,0,1
No Detections,RE05,No Detections,No Detections,No Detections,2026-04-21,NA,NA,0,0,1
No Detections,RE05,No Detections,No Detections,No Detections,2026-04-22,NA,NA,0,0,1
No Detections,RE05,No Detections,No Detections,No Detections,2026-04-23,NA,NA,0,0,1
No Detections,RE05,No Detections,No Detections,No Detections,2026-04-24,NA,NA,0,0,1
No Detections,RE05,No Detections,No Detections,No Detections,2026-04-25,NA,NA,0,0,1
Microtus Species,RE05,Mammalia,Microtus,NA,2026-04-26,2026-04-26T02:58:41Z,2026-04-26T02:58:41Z,0,0,1
Peromyscus or Ochrotomys Species,RE05,Mammalia,Peromyscus,NA,2026-04-27,2026-04-27T21:23:18Z,2026-04-27T21:23:18Z,0,0,1
No Detections,RE05,No Detections,No Detections,No Detections,2026-04-28,NA,NA,0,0,1
No Detections,RE05,No Detections,No Detections,No Detections,2026-04-29,NA,NA,0,0,1
No Detections,RE05,No Detections,No Detections,No Detections,2026-04-30,NA,NA,0,0,1
Peromyscus or Ochrotomys Species,RE05,Mammalia,Peromyscus,NA,2026-05-01,2026-05-01T21:30:58Z,2026-05-01T21:30:58Z,0,0,1
No Detections,RE05,No Detections,No Detections,No Detections,2026-05-02,NA,NA,0,0,1
No Detections,RE05,No Detections,No Detections,No Detections,2026-05-03,NA,NA,0,0,1
No Detections,RE05,No Detections,No Detections,No Detections,2026-05-04,NA,NA,0,0,1
No Detections,RE05,No Detections,No Detections,No Detections,2026-05-05,NA,NA,0,0,1
No Detections,RE05,No Detections,No Detections,No Detections,2026-05-06,NA,NA,0,0,1
No Detections,RE05,No Detections,No Detections,No Detections,2026-05-07,NA,NA,0,0,1
Southern Short-tailed Shrew,RE05,Mammalia,Blarina,carolinensis,2026-05-08,2026-05-08T01:12:54Z,2026-05-08T01:12:58Z,0,0,1
No Detections,RE05,No Detections,No Detections,No Detections,2026-05-09,NA,NA,0,0,1
No Detections,RE05,No Detections,No Detections,No Detections,2026-05-10,NA,NA,0,0,1
No Detections,RE05,No Detections,No Detections,No Detections,2026-05-11,NA,NA,0,0,1
Peromyscus or Ochrotomys Species,RE05,Mammalia,Peromyscus,NA,2026-05-12,2026-05-12T02:19:58Z,2026-05-12T02:19:58Z,0,0,1
Peromyscus or Ochrotomys Species,RE05,Mammalia,Peromyscus,NA,2026-05-12,2026-05-12T22:50:41Z,2026-05-12T22:50:41Z,0,0,1
No Detections,RE05,No Detections,No Detections,No Detections,2026-05-13,NA,NA,0,0,1
No Detections,RE05,No Detections,No Detections,No Detections,2026-05-14,NA,NA,0,0,1
No Detections,RE05,No Detections,No Detections,No Detections,2026-05-15,NA,NA,0,0,1
No Detections,RE05,No Detections,No Detections,No Detections,2026-05-16,NA,NA,0,0,1
Southeastern Shrew,RE05,Mammalia,Sorex,longirostris,2026-05-17,2026-05-17T01:24:53Z,2026-05-17T01:24:54Z,0,0,1
No Detections,RE05,No Detections,No Detections,No Detections,2026-05-18,NA,NA,0,0,1
No Detections,RE05,No Detections,No Detections,No Detections,2026-05-19,NA,NA,0,0,1
No Detections,RE05,No Detections,No Detections,No Detections,2026-05-20,NA,NA,0,0,1
No Detections,RE05,No Detections,No Detections,No Detections,2026-05-21,NA,NA,0,0,1
No Detections,RE05,No Detections,No Detections,No Detections,2026-05-22,NA,NA,0,0,1
No Detections,RE05,No Detections,No Detections,No Detections,2026-05-23,NA,NA,0,0,2
No Detections,RE05,No Detections,No Detections,No Detections,2026-05-24,NA,NA,0,0,2
No Detections,RE05,No Detections,No Detections,No Detections,2026-05-25,NA,NA,0,0,2
No Detections,RE05,No Detections,No Detections,No Detections,2026-05-26,NA,NA,0,0,2
No Detections,RE05,No Detections,No Detections,No Detections,2026-05-27,NA,NA,0,0,2
No Detections,RE05,No Detections,No Detections,No Detections,2026-05-28,NA,NA,0,0,2
No Detections,RE05,No Detections,No Detections,No Detections,2026-05-29,NA,NA,0,0,2
No Detections,RE05,No Detections,No Detections,No Detections,2026-05-30,NA,NA,0,0,2
No Detections,RE05,No Detections,No Detections,No Detections,2026-05-31,NA,NA,0,0,2
No Detections,RE05,No Detections,No Detections,No Detections,2026-06-01,NA,NA,0,0,2
No Detections,RE05,No Detections,No Detections,No Detections,2026-06-02,NA,NA,0,0,2
Peromyscus or Ochrotomys Species,RE05,Mammalia,Peromyscus,NA,2026-06-03,2026-06-03T01:01:16Z,2026-06-03T01:01:17Z,0,0,2
House Mouse,RE05,Mammalia,Mus,musculus,2026-06-03,2026-06-03T01:05:49Z,2026-06-03T01:05:52Z,0,0,2
Peromyscus or Ochrotomys Species,RE05,Mammalia,Peromyscus,NA,2026-06-03,2026-06-03T03:02:29Z,2026-06-03T03:02:35Z,0,0,2
Peromyscus or Ochrotomys Species,RE05,Mammalia,Peromyscus,NA,2026-06-04,2026-06-04T22:57:31Z,2026-06-04T22:57:32Z,0,0,2
No Detections,RE05,No Detections,No Detections,No Detections,2026-06-05,NA,NA,0,0,2
No Detections,RE05,No Detections,No Detections,No Detections,2026-06-06,NA,NA,0,0,2
No Detections,RE05,No Detections,No Detections,No Detections,2026-06-07,NA,NA,0,0,2
No Detections,RE05,No Detections,No Detections,No Detections,2026-06-08,NA,NA,0,0,2
No Detections,RE05,No Detections,No Detections,No Detections,2026-06-09,NA,NA,0,0,2
Eastern Racer,RE05,Reptilia,Coluber,constrictor,2026-06-10,2026-06-10T12:20:26Z,2026-06-10T12:20:42Z,0,0,2
Southern Toad,RE05,Amphibia,Anaxyrus,terrestris,2026-06-10,2026-06-10T20:51:11Z,2026-06-10T20:51:12Z,0,0,2
No Detections,RE05,No Detections,No Detections,No Detections,2026-06-11,NA,NA,0,0,2
Southeastern Shrew,RE05,Mammalia,Sorex,longirostris,2026-06-12,2026-06-12T23:12:18Z,2026-06-12T23:12:19Z,0,0,2
No Detections,RE05,No Detections,No Detections,No Detections,2026-06-13,NA,NA,0,0,2
No Detections,RE05,No Detections,No Detections,No Detections,2026-06-14,NA,NA,0,0,2
No Detections,RE05,No Detections,No Detections,No Detections,2026-06-15,NA,NA,0,0,2
Southeastern Shrew,RE05,Mammalia,Sorex,longirostris,2026-06-16,2026-06-16T03:31:40Z,2026-06-16T03:31:40Z,0,0,2
North American Least Shrew,RE05,Mammalia,Cryptotis,parvus,2026-06-16,2026-06-16T23:50:37Z,2026-06-16T23:50:38Z,0,0,2
No Detections,RE05,No Detections,No Detections,No Detections,2026-06-17,NA,NA,0,0,2
No Detections,RE05,No Detections,No Detections,No Detections,2026-06-18,NA,NA,0,0,1
No Detections,RE05,No Detections,No Detections,No Detections,2026-06-19,NA,NA,0,0,1
No Detections,RE05,No Detections,No Detections,No Detections,2026-06-20,NA,NA,0,0,1
No Detections,RE05,No Detections,No Detections,No Detections,2026-06-21,NA,NA,0,0,1
No Detections,RE05,No Detections,No Detections,No Detections,2026-06-22,NA,NA,0,0,1
No Detections,RE05,No Detections,No Detections,No Detections,2026-06-23,NA,NA,0,0,1
No Detections,RE05,No Detections,No Detections,No Detections,2026-06-24,NA,NA,0,0,1
No Detections,RE05,No Detections,No Detections,No Detections,2026-06-25,NA,NA,0,0,2
No Detections,RE05,No Detections,No Detections,No Detections,2026-06-26,NA,NA,0,0,2
No Detections,RE05,No Detections,No Detections,No Detections,2026-06-27,NA,NA,0,0,2
No Detections,RE05,No Detections,No Detections,No Detections,2026-06-28,NA,NA,0,0,2
No Detections,RE05,No Detections,No Detections,No Detections,2026-06-29,NA,NA,0,0,2
No Detections,RE05,No Detections,No Detections,No Detections,2026-06-30,NA,NA,0,0,2
No Detections,RE05,No Detections,No Detections,No Detections,2026-07-01,NA,NA,0,0,2
No Detections,RE05,No Detections,No Detections,No Detections,2026-07-02,NA,NA,0,0,2
No Detections,RE05,No Detections,No Detections,No Detections,2026-07-03,NA,NA,0,0,2
No Detections,RE05,No Detections,No Detections,No Detections,2026-07-04,NA,NA,0,0,1
Southeastern Shrew,RE05,Mammalia,Sorex,longirostris,2026-07-05,2026-07-05T02:29:33Z,2026-07-05T02:29:33Z,0,0,1
No Detections,RE05,No Detections,No Detections,No Detections,2026-07-06,NA,NA,0,0,1
No Detections,RE05,No Detections,No Detections,No Detections,2026-07-07,NA,NA,0,0,1
North American Least Shrew,RE05,Mammalia,Cryptotis,parvus,2026-07-08,2026-07-08T23:29:24Z,2026-07-08T23:29:24Z,0,0,1
No Detections,RE05,No Detections,No Detections,No Detections,2026-07-09,NA,NA,0,0,1
No Detections,RE05,No Detections,No Detections,No Detections,2026-07-10,NA,NA,0,0,1
No Detections,RE05,No Detections,No Detections,No Detections,2026-07-11,NA,NA,0,0,1
No Detections,RE05,No Detections,No Detections,No Detections,2026-07-12,NA,NA,0,0,1
No Detections,RE05,No Detections,No Detections,No Detections,2026-07-13,NA,NA,0,0,1
No Detections,RE05,No Detections,No Detections,No Detections,2026-07-14,NA,NA,0,0,2
No Detections,RE05,No Detections,No Detections,No Detections,2026-07-15,NA,NA,0,0,1
No Detections,RE05,No Detections,No Detections,No Detections,2026-07-16,NA,NA,0,0,1
No Detections,RE05,No Detections,No Detections,No Detections,2026-07-17,NA,NA,0,0,1
No Detections,RE05,No Detections,No Detections,No Detections,2026-07-18,NA,NA,0,0,1
No Detections,RE05,No Detections,No Detections,No Detections,2026-07-19,NA,NA,0,0,1
No Detections,RE05,No Detections,No Detections,No Detections,2026-07-20,NA,NA,0,0,1
Southeastern Shrew,RE05,Mammalia,Sorex,longirostris,2026-07-21,2026-07-21T21:43:17Z,2026-07-21T21:43:17Z,0,0,1
No Detections,RE05,No Detections,No Detections,No Detections,2026-07-22,NA,NA,0,0,1
No Detections,RE05,No Detections,No Detections,No Detections,2026-07-23,NA,NA,0,0,1
No Detections,RE05,No Detections,No Detections,No Detections,2026-07-24,NA,NA,0,0,1
Peromyscus or Ochrotomys Species,RE05,Mammalia,Peromyscus,NA,2026-07-25,2026-07-25T21:39:08Z,2026-07-25T21:39:41Z,0,0,1
No Detections,RE05,No Detections,No Detections,No Detections,2026-07-26,NA,NA,0,0,1
No Detections,RE05,No Detections,No Detections,No Detections,2026-07-27,NA,NA,0,0,1
No Detections,RE05,No Detections,No Detections,No Detections,2026-07-28,NA,NA,0,0,1
No Detections,RE05,No Detections,No Detections,No Detections,2026-07-29,NA,NA,0,0,1
No Detections,RE05,No Detections,No Detections,No Detections,2026-07-30,NA,NA,0,0,1
No Detections,RE06,No Detections,No Detections,No Detections,2026-04-12,NA,NA,0,0,2
North American Least Shrew,RE06,Mammalia,Cryptotis,parvus,2026-04-13,2026-04-13T04:25:07Z,2026-04-13T04:25:07Z,0,0,2
No Detections,RE06,No Detections,No Detections,No Detections,2026-04-14,NA,NA,0,0,2
No Detections,RE06,No Detections,No Detections,No Detections,2026-04-15,NA,NA,0,0,2
No Detections,RE06,No Detections,No Detections,No Detections,2026-04-16,NA,NA,0,0,2
No Detections,RE06,No Detections,No Detections,No Detections,2026-04-17,NA,NA,0,0,2
No Detections,RE06,No Detections,No Detections,No Detections,2026-04-18,NA,NA,0,0,2
No Detections,RE06,No Detections,No Detections,No Detections,2026-04-19,NA,NA,0,0,2
No Detections,RE06,No Detections,No Detections,No Detections,2026-04-20,NA,NA,0,0,2
No Detections,RE06,No Detections,No Detections,No Detections,2026-04-21,NA,NA,0,0,2
No Detections,RE06,No Detections,No Detections,No Detections,2026-04-22,NA,NA,0,0,2
No Detections,RE06,No Detections,No Detections,No Detections,2026-04-23,NA,NA,0,0,2
No Detections,RE06,No Detections,No Detections,No Detections,2026-04-24,NA,NA,0,0,2
Plain-bellied Watersnake,RE06,Reptilia,Nerodia,erythrogaster,2026-04-25,2026-04-25T09:56:02Z,2026-04-25T09:56:02Z,0,0,2
Eastern Racer,RE06,Reptilia,Coluber,constrictor,2026-04-25,2026-04-25T12:44:31Z,2026-04-25T12:44:32Z,0,0,2
No Detections,RE06,No Detections,No Detections,No Detections,2026-04-26,NA,NA,0,0,2
No Detections,RE06,No Detections,No Detections,No Detections,2026-04-27,NA,NA,0,0,2
No Detections,RE06,No Detections,No Detections,No Detections,2026-04-28,NA,NA,0,0,2
No Detections,RE06,No Detections,No Detections,No Detections,2026-04-29,NA,NA,0,0,2
No Detections,RE06,No Detections,No Detections,No Detections,2026-04-30,NA,NA,0,0,2
No Detections,RE06,No Detections,No Detections,No Detections,2026-05-01,NA,NA,0,0,2
No Detections,RE06,No Detections,No Detections,No Detections,2026-05-02,NA,NA,0,0,2
No Detections,RE06,No Detections,No Detections,No Detections,2026-05-03,NA,NA,0,0,2
No Detections,RE06,No Detections,No Detections,No Detections,2026-05-04,NA,NA,0,0,2
Southeastern Shrew,RE06,Mammalia,Sorex,longirostris,2026-05-05,2026-05-05T22:37:21Z,2026-05-05T22:37:22Z,0,0,2
Southeastern Shrew,RE06,Mammalia,Sorex,longirostris,2026-05-06,2026-05-06T04:32:07Z,2026-05-06T04:32:07Z,0,0,2
Southeastern Shrew,RE06,Mammalia,Sorex,longirostris,2026-05-06,2026-05-06T05:33:27Z,2026-05-06T05:33:27Z,0,0,2
Southeastern Shrew,RE06,Mammalia,Sorex,longirostris,2026-05-07,2026-05-07T02:54:23Z,2026-05-07T02:54:23Z,0,0,2
No Detections,RE06,No Detections,No Detections,No Detections,2026-05-08,NA,NA,0,0,2
No Detections,RE06,No Detections,No Detections,No Detections,2026-05-09,NA,NA,0,0,2
No Detections,RE06,No Detections,No Detections,No Detections,2026-05-10,NA,NA,0,0,2
No Detections,RE06,No Detections,No Detections,No Detections,2026-05-11,NA,NA,0,0,2
No Detections,RE06,No Detections,No Detections,No Detections,2026-05-12,NA,NA,0,0,2
No Detections,RE06,No Detections,No Detections,No Detections,2026-05-13,NA,NA,0,0,2
No Detections,RE06,No Detections,No Detections,No Detections,2026-05-14,NA,NA,0,0,2
No Detections,RE06,No Detections,No Detections,No Detections,2026-05-15,NA,NA,0,0,2
North American Least Shrew,RE06,Mammalia,Cryptotis,parvus,2026-05-16,2026-05-16T23:14:41Z,2026-05-16T23:14:41Z,0,0,2
Southeastern Shrew,RE06,Mammalia,Sorex,longirostris,2026-05-17,2026-05-17T21:33:49Z,2026-05-17T21:33:50Z,0,0,2
No Detections,RE06,No Detections,No Detections,No Detections,2026-05-18,NA,NA,0,0,2
Eastern Narrowmouth Toad,RE06,Amphibia,Gastrophryne,carolinensis,2026-05-19,2026-05-19T00:18:58Z,2026-05-19T00:18:59Z,0,0,2
No Detections,RE06,No Detections,No Detections,No Detections,2026-05-20,NA,NA,0,0,2
No Detections,RE06,No Detections,No Detections,No Detections,2026-05-21,NA,NA,0,0,2
No Detections,RE06,No Detections,No Detections,No Detections,2026-05-22,NA,NA,0,0,2
No Detections,RE06,No Detections,No Detections,No Detections,2026-05-23,NA,NA,0,0,2
No Detections,RE06,No Detections,No Detections,No Detections,2026-05-24,NA,NA,0,0,2
No Detections,RE06,No Detections,No Detections,No Detections,2026-05-25,NA,NA,0,0,1
No Detections,RE06,No Detections,No Detections,No Detections,2026-05-26,NA,NA,0,0,1
Southern Toad,RE06,Amphibia,Anaxyrus,terrestris,2026-05-27,2026-05-27T04:17:42Z,2026-05-27T04:17:43Z,0,0,1
No Detections,RE06,No Detections,No Detections,No Detections,2026-05-28,NA,NA,0,0,1
No Detections,RE06,No Detections,No Detections,No Detections,2026-05-29,NA,NA,0,0,1
No Detections,RE06,No Detections,No Detections,No Detections,2026-05-30,NA,NA,0,0,1
No Detections,RE06,No Detections,No Detections,No Detections,2026-05-31,NA,NA,0,0,1
No Detections,RE06,No Detections,No Detections,No Detections,2026-06-01,NA,NA,0,0,1
No Detections,RE06,No Detections,No Detections,No Detections,2026-06-02,NA,NA,0,0,1
No Detections,RE06,No Detections,No Detections,No Detections,2026-06-03,NA,NA,0,0,1
No Detections,RE06,No Detections,No Detections,No Detections,2026-06-04,NA,NA,0,0,1
No Detections,RE06,No Detections,No Detections,No Detections,2026-06-05,NA,NA,0,0,1
No Detections,RE06,No Detections,No Detections,No Detections,2026-06-06,NA,NA,0,0,1
No Detections,RE06,No Detections,No Detections,No Detections,2026-06-07,NA,NA,0,0,1
Southern Short-tailed Shrew,RE06,Mammalia,Blarina,carolinensis,2026-06-08,2026-06-08T22:44:21Z,2026-06-08T22:44:22Z,0,0,1
No Detections,RE06,No Detections,No Detections,No Detections,2026-06-09,NA,NA,0,0,1
No Detections,RE06,No Detections,No Detections,No Detections,2026-06-10,NA,NA,0,0,1
No Detections,RE06,No Detections,No Detections,No Detections,2026-06-11,NA,NA,0,0,1
No Detections,RE06,No Detections,No Detections,No Detections,2026-06-12,NA,NA,0,0,1
No Detections,RE06,No Detections,No Detections,No Detections,2026-06-13,NA,NA,0,0,1
No Detections,RE06,No Detections,No Detections,No Detections,2026-06-14,NA,NA,0,0,1
No Detections,RE06,No Detections,No Detections,No Detections,2026-06-15,NA,NA,0,0,1
No Detections,RE06,No Detections,No Detections,No Detections,2026-06-16,NA,NA,0,0,1
No Detections,RE06,No Detections,No Detections,No Detections,2026-06-17,NA,NA,0,0,1
No Detections,RE06,No Detections,No Detections,No Detections,2026-06-18,NA,NA,0,0,1
No Detections,RE06,No Detections,No Detections,No Detections,2026-06-19,NA,NA,0,0,1
No Detections,RE06,No Detections,No Detections,No Detections,2026-06-20,NA,NA,0,0,1
Southern Short-tailed Shrew,RE06,Mammalia,Blarina,carolinensis,2026-06-21,2026-06-21T23:18:50Z,2026-06-21T23:31:54Z,0,0,1
Southern Toad,RE06,Amphibia,Anaxyrus,terrestris,2026-06-21,2026-06-21T23:22:23Z,2026-06-21T23:22:56Z,0,0,1
Hispid Cotton Rat,RE06,Mammalia,Sigmodon,hispidus,2026-06-22,2026-06-22T21:53:06Z,2026-06-22T21:53:40Z,0,0,1
Hispid Cotton Rat,RE06,Mammalia,Sigmodon,hispidus,2026-06-23,2026-06-23T06:21:13Z,2026-06-23T06:23:32Z,0,0,1
No Detections,RE06,No Detections,No Detections,No Detections,2026-06-24,NA,NA,0,0,1
No Detections,RE06,No Detections,No Detections,No Detections,2026-06-25,NA,NA,0,0,2
No Detections,RE06,No Detections,No Detections,No Detections,2026-06-26,NA,NA,0,0,2
No Detections,RE06,No Detections,No Detections,No Detections,2026-06-27,NA,NA,0,0,2
No Detections,RE06,No Detections,No Detections,No Detections,2026-06-28,NA,NA,0,0,2
No Detections,RE06,No Detections,No Detections,No Detections,2026-06-29,NA,NA,0,0,2
No Detections,RE06,No Detections,No Detections,No Detections,2026-06-30,NA,NA,0,0,2
No Detections,RE06,No Detections,No Detections,No Detections,2026-07-01,NA,NA,0,0,2
No Detections,RE06,No Detections,No Detections,No Detections,2026-07-02,NA,NA,0,0,2
No Detections,RE06,No Detections,No Detections,No Detections,2026-07-03,NA,NA,0,0,2
Southern Toad,RE06,Amphibia,Anaxyrus,terrestris,2026-07-04,2026-07-04T05:47:04Z,2026-07-04T06:12:26Z,0,0,2
Southern Toad,RE06,Amphibia,Anaxyrus,terrestris,2026-07-04,2026-07-04T07:16:35Z,2026-07-04T07:27:49Z,0,0,2
Southern Toad,RE06,Amphibia,Anaxyrus,terrestris,2026-07-05,2026-07-05T05:23:27Z,2026-07-05T05:43:47Z,0,0,2
No Detections,RE06,No Detections,No Detections,No Detections,2026-07-06,NA,NA,0,0,2
Plestiodon Species,RE06,Reptilia,Plestiodon,NA,2026-07-07,2026-07-07T09:59:26Z,2026-07-07T09:59:26Z,0,0,2
No Detections,RE06,No Detections,No Detections,No Detections,2026-07-08,NA,NA,0,0,2
No Detections,RE06,No Detections,No Detections,No Detections,2026-07-09,NA,NA,0,0,2
No Detections,RE06,No Detections,No Detections,No Detections,2026-07-10,NA,NA,0,0,2
No Detections,RE06,No Detections,No Detections,No Detections,2026-07-11,NA,NA,0,0,2
No Detections,RE06,No Detections,No Detections,No Detections,2026-07-12,NA,NA,0,0,2
No Detections,RE06,No Detections,No Detections,No Detections,2026-07-13,NA,NA,0,0,2
No Detections,RE06,No Detections,No Detections,No Detections,2026-07-14,NA,NA,0,0,2
No Detections,RE06,No Detections,No Detections,No Detections,2026-07-15,NA,NA,0,0,2
No Detections,RE06,No Detections,No Detections,No Detections,2026-07-16,NA,NA,0,0,2
No Detections,RE06,No Detections,No Detections,No Detections,2026-07-17,NA,NA,0,0,2
No Detections,RE06,No Detections,No Detections,No Detections,2026-07-18,NA,NA,0,0,2
No Detections,RE06,No Detections,No Detections,No Detections,2026-07-19,NA,NA,0,0,2
House Mouse,RE06,Mammalia,Mus,musculus,2026-07-20,2026-07-20T01:18:49Z,2026-07-20T01:18:49Z,0,0,2
Southeastern Shrew,RE06,Mammalia,Sorex,longirostris,2026-07-20,2026-07-20T01:56:36Z,2026-07-20T01:56:37Z,0,0,2
No Detections,RE06,No Detections,No Detections,No Detections,2026-07-21,NA,NA,0,0,2
No Detections,RE06,No Detections,No Detections,No Detections,2026-07-22,NA,NA,0,0,2
No Detections,RE06,No Detections,No Detections,No Detections,2026-07-23,NA,NA,0,0,2
Southeastern Shrew,RE06,Mammalia,Sorex,longirostris,2026-07-24,2026-07-24T03:22:09Z,2026-07-24T03:22:09Z,0,0,2
Plain-bellied Watersnake,RE06,Reptilia,Nerodia,erythrogaster,2026-07-24,2026-07-24T12:47:14Z,2026-07-24T12:47:14Z,0,0,2
No Detections,RE06,No Detections,No Detections,No Detections,2026-07-25,NA,NA,0,0,2
No Detections,RE06,No Detections,No Detections,No Detections,2026-07-26,NA,NA,0,0,2
No Detections,RE06,No Detections,No Detections,No Detections,2026-07-27,NA,NA,0,0,2
No Detections,RE06,No Detections,No Detections,No Detections,2026-07-28,NA,NA,0,0,2
No Detections,RE06,No Detections,No Detections,No Detections,2026-07-29,NA,NA,0,0,2
No Detections,RE06,No Detections,No Detections,No Detections,2026-07-30,NA,NA,0,0,2
No Detections,RE07,No Detections,No Detections,No Detections,2026-04-12,NA,NA,0,0,1
No Detections,RE07,No Detections,No Detections,No Detections,2026-04-13,NA,NA,0,0,1
No Detections,RE07,No Detections,No Detections,No Detections,2026-04-14,NA,NA,0,0,1
No Detections,RE07,No Detections,No Detections,No Detections,2026-04-15,NA,NA,0,0,1
No Detections,RE07,No Detections,No Detections,No Detections,2026-04-16,NA,NA,0,0,1
No Detections,RE07,No Detections,No Detections,No Detections,2026-04-17,NA,NA,0,0,1
Peromyscus or Ochrotomys Species,RE07,Mammalia,Peromyscus,NA,2026-04-18,2026-04-18T03:41:19Z,2026-04-18T03:41:19Z,0,0,1
No Detections,RE07,No Detections,No Detections,No Detections,2026-04-19,NA,NA,0,0,1
No Detections,RE07,No Detections,No Detections,No Detections,2026-04-20,NA,NA,0,0,1
No Detections,RE07,No Detections,No Detections,No Detections,2026-04-21,NA,NA,0,0,1
Southeastern Shrew,RE07,Mammalia,Sorex,longirostris,2026-04-22,2026-04-22T22:42:21Z,2026-04-22T22:42:24Z,0,0,1
No Detections,RE07,No Detections,No Detections,No Detections,2026-04-23,NA,NA,0,0,1
No Detections,RE07,No Detections,No Detections,No Detections,2026-04-24,NA,NA,0,0,1
No Detections,RE07,No Detections,No Detections,No Detections,2026-04-25,NA,NA,0,0,1
No Detections,RE07,No Detections,No Detections,No Detections,2026-04-26,NA,NA,0,0,1
No Detections,RE07,No Detections,No Detections,No Detections,2026-04-27,NA,NA,0,0,1
No Detections,RE07,No Detections,No Detections,No Detections,2026-04-28,NA,NA,0,0,1
No Detections,RE07,No Detections,No Detections,No Detections,2026-04-29,NA,NA,0,0,1
No Detections,RE07,No Detections,No Detections,No Detections,2026-04-30,NA,NA,0,0,1
Little Brown Skink,RE07,Reptilia,Scincella,lateralis,2026-05-01,2026-05-01T15:40:40Z,2026-05-01T15:40:40Z,0,0,1
No Detections,RE07,No Detections,No Detections,No Detections,2026-05-02,NA,NA,0,0,1
No Detections,RE07,No Detections,No Detections,No Detections,2026-05-03,NA,NA,0,0,1
Peromyscus or Ochrotomys Species,RE07,Mammalia,Peromyscus,NA,2026-05-04,2026-05-04T21:49:19Z,2026-05-04T21:49:26Z,0,0,1
Peromyscus or Ochrotomys Species,RE07,Mammalia,Peromyscus,NA,2026-05-04,2026-05-04T23:47:13Z,2026-05-04T23:50:08Z,0,0,1
No Detections,RE07,No Detections,No Detections,No Detections,2026-05-05,NA,NA,0,0,1
No Detections,RE07,No Detections,No Detections,No Detections,2026-05-06,NA,NA,0,0,2
Southern Short-tailed Shrew,RE07,Mammalia,Blarina,carolinensis,2026-05-07,2026-05-07T03:38:58Z,2026-05-07T03:38:58Z,0,0,2
No Detections,RE07,No Detections,No Detections,No Detections,2026-05-08,NA,NA,0,0,2
No Detections,RE07,No Detections,No Detections,No Detections,2026-05-09,NA,NA,0,0,2
Little Brown Skink,RE07,Reptilia,Scincella,lateralis,2026-05-10,2026-05-10T09:41:52Z,2026-05-10T09:41:52Z,0,0,2
Peromyscus or Ochrotomys Species,RE07,Mammalia,Peromyscus,NA,2026-05-10,2026-05-10T23:55:21Z,2026-05-10T23:55:37Z,0,0,2
No Detections,RE07,No Detections,No Detections,No Detections,2026-05-11,NA,NA,0,0,2
No Detections,RE07,No Detections,No Detections,No Detections,2026-05-12,NA,NA,0,0,2
Plestiodon Species,RE07,Reptilia,Plestiodon,NA,2026-05-13,2026-05-13T10:30:42Z,2026-05-13T10:30:45Z,0,0,2
No Detections,RE07,No Detections,No Detections,No Detections,2026-05-14,NA,NA,0,0,2
No Detections,RE07,No Detections,No Detections,No Detections,2026-05-15,NA,NA,0,0,2
Little Brown Skink,RE07,Reptilia,Scincella,lateralis,2026-05-16,2026-05-16T10:02:04Z,2026-05-16T10:02:04Z,0,0,2
No Detections,RE07,No Detections,No Detections,No Detections,2026-05-17,NA,NA,0,0,2
No Detections,RE07,No Detections,No Detections,No Detections,2026-05-18,NA,NA,0,0,2
No Detections,RE07,No Detections,No Detections,No Detections,2026-05-19,NA,NA,0,0,2
Eastern Rat Snake,RE07,Reptilia,Pantherophis,alleghaniensis,2026-05-20,2026-05-20T09:47:26Z,2026-05-20T09:47:26Z,0,0,2
Marsh Rabbit,RE07,Mammalia,Sylvilagus,palustris,2026-05-21,2026-05-21T07:14:49Z,2026-05-21T07:15:37Z,0,0,2
Southeastern Shrew,RE07,Mammalia,Sorex,longirostris,2026-05-21,2026-05-21T21:15:52Z,2026-05-21T21:15:52Z,0,0,2
Southeastern Shrew,RE07,Mammalia,Sorex,longirostris,2026-05-21,2026-05-21T23:48:15Z,2026-05-21T23:48:15Z,0,0,2
No Detections,RE07,No Detections,No Detections,No Detections,2026-05-22,NA,NA,0,0,2
Southeastern Shrew,RE07,Mammalia,Sorex,longirostris,2026-05-23,2026-05-23T02:32:13Z,2026-05-23T02:32:13Z,0,0,2
Eastern Harvest Mouse,RE07,Mammalia,Reithrodontomys,humulis,2026-05-23,2026-05-23T02:35:32Z,2026-05-23T02:35:32Z,0,0,2
No Detections,RE07,No Detections,No Detections,No Detections,2026-05-24,NA,NA,0,0,2
No Detections,RE07,No Detections,No Detections,No Detections,2026-05-25,NA,NA,0,0,2
No Detections,RE07,No Detections,No Detections,No Detections,2026-05-26,NA,NA,0,0,2
No Detections,RE07,No Detections,No Detections,No Detections,2026-05-27,NA,NA,0,0,2
No Detections,RE07,No Detections,No Detections,No Detections,2026-05-28,NA,NA,0,0,2
No Detections,RE07,No Detections,No Detections,No Detections,2026-05-29,NA,NA,0,0,2
No Detections,RE07,No Detections,No Detections,No Detections,2026-05-30,NA,NA,0,0,2
Southeastern Shrew,RE07,Mammalia,Sorex,longirostris,2026-05-31,2026-05-31T05:39:21Z,2026-05-31T05:48:55Z,0,0,2
No Detections,RE07,No Detections,No Detections,No Detections,2026-06-01,NA,NA,0,0,2
No Detections,RE07,No Detections,No Detections,No Detections,2026-06-02,NA,NA,0,0,2
No Detections,RE07,No Detections,No Detections,No Detections,2026-06-03,NA,NA,0,0,2
No Detections,RE07,No Detections,No Detections,No Detections,2026-06-04,NA,NA,0,0,2
No Detections,RE07,No Detections,No Detections,No Detections,2026-06-05,NA,NA,0,0,2
No Detections,RE07,No Detections,No Detections,No Detections,2026-06-06,NA,NA,0,0,2
No Detections,RE07,No Detections,No Detections,No Detections,2026-06-07,NA,NA,0,0,2
No Detections,RE07,No Detections,No Detections,No Detections,2026-06-08,NA,NA,0,0,2
No Detections,RE07,No Detections,No Detections,No Detections,2026-06-09,NA,NA,0,0,2
No Detections,RE07,No Detections,No Detections,No Detections,2026-06-10,NA,NA,0,0,2
No Detections,RE07,No Detections,No Detections,No Detections,2026-06-11,NA,NA,0,0,2
No Detections,RE07,No Detections,No Detections,No Detections,2026-06-12,NA,NA,0,0,2
No Detections,RE07,No Detections,No Detections,No Detections,2026-06-13,NA,NA,0,0,2
No Detections,RE07,No Detections,No Detections,No Detections,2026-06-14,NA,NA,0,0,2
No Detections,RE07,No Detections,No Detections,No Detections,2026-06-15,NA,NA,0,0,2
No Detections,RE07,No Detections,No Detections,No Detections,2026-06-16,NA,NA,0,0,2
No Detections,RE07,No Detections,No Detections,No Detections,2026-06-25,NA,NA,0,0,1
No Detections,RE07,No Detections,No Detections,No Detections,2026-06-26,NA,NA,0,0,1
No Detections,RE07,No Detections,No Detections,No Detections,2026-06-27,NA,NA,0,0,1
No Detections,RE07,No Detections,No Detections,No Detections,2026-06-28,NA,NA,0,0,1
No Detections,RE07,No Detections,No Detections,No Detections,2026-06-29,NA,NA,0,0,1
No Detections,RE07,No Detections,No Detections,No Detections,2026-06-30,NA,NA,0,0,1
No Detections,RE07,No Detections,No Detections,No Detections,2026-07-01,NA,NA,0,0,1
No Detections,RE07,No Detections,No Detections,No Detections,2026-07-02,NA,NA,0,0,1
No Detections,RE07,No Detections,No Detections,No Detections,2026-07-03,NA,NA,0,0,1
Eastern Racer,RE07,Reptilia,Coluber,constrictor,2026-07-04,2026-07-04T13:16:58Z,2026-07-04T13:17:09Z,0,0,1
Peromyscus or Ochrotomys Species,RE07,Mammalia,Peromyscus,NA,2026-07-05,2026-07-05T22:14:15Z,2026-07-05T22:14:18Z,0,0,1
No Detections,RE07,No Detections,No Detections,No Detections,2026-07-06,NA,NA,0,0,1
No Detections,RE07,No Detections,No Detections,No Detections,2026-07-07,NA,NA,0,0,1
No Detections,RE07,No Detections,No Detections,No Detections,2026-07-08,NA,NA,0,0,1
No Detections,RE07,No Detections,No Detections,No Detections,2026-07-09,NA,NA,0,0,1
No Detections,RE07,No Detections,No Detections,No Detections,2026-07-10,NA,NA,0,0,1
No Detections,RE07,No Detections,No Detections,No Detections,2026-07-11,NA,NA,0,0,1
No Detections,RE07,No Detections,No Detections,No Detections,2026-07-12,NA,NA,0,0,1
No Detections,RE07,No Detections,No Detections,No Detections,2026-07-13,NA,NA,0,0,1
No Detections,RE07,No Detections,No Detections,No Detections,2026-07-14,NA,NA,0,0,1
No Detections,RE07,No Detections,No Detections,No Detections,2026-07-15,NA,NA,0,0,1
No Detections,RE07,No Detections,No Detections,No Detections,2026-07-16,NA,NA,0,0,1
No Detections,RE07,No Detections,No Detections,No Detections,2026-07-17,NA,NA,0,0,1
No Detections,RE07,No Detections,No Detections,No Detections,2026-07-18,NA,NA,0,0,1
No Detections,RE07,No Detections,No Detections,No Detections,2026-07-19,NA,NA,0,0,1
No Detections,RE07,No Detections,No Detections,No Detections,2026-07-20,NA,NA,0,0,1
No Detections,RE07,No Detections,No Detections,No Detections,2026-07-21,NA,NA,0,0,1
No Detections,RE07,No Detections,No Detections,No Detections,2026-07-22,NA,NA,0,0,1
No Detections,RE07,No Detections,No Detections,No Detections,2026-07-23,NA,NA,0,0,1
No Detections,RE07,No Detections,No Detections,No Detections,2026-07-24,NA,NA,0,0,1
No Detections,RE07,No Detections,No Detections,No Detections,2026-07-25,NA,NA,0,0,1
No Detections,RE07,No Detections,No Detections,No Detections,2026-07-26,NA,NA,0,0,1
No Detections,RE07,No Detections,No Detections,No Detections,2026-07-27,NA,NA,0,0,1
No Detections,RE07,No Detections,No Detections,No Detections,2026-07-28,NA,NA,0,0,1
No Detections,RE07,No Detections,No Detections,No Detections,2026-07-29,NA,NA,0,0,1
No Detections,RE07,No Detections,No Detections,No Detections,2026-07-30,NA,NA,0,0,1
No Detections,RE08,No Detections,No Detections,No Detections,2026-04-12,NA,NA,0,0,1
Peromyscus or Ochrotomys Species,RE08,Mammalia,Peromyscus,NA,2026-04-13,2026-04-13T01:00:58Z,2026-04-13T01:07:00Z,0,0,1
House Mouse,RE08,Mammalia,Mus,musculus,2026-04-13,2026-04-13T01:02:24Z,2026-04-13T01:02:24Z,0,0,1
Peromyscus or Ochrotomys Species,RE08,Mammalia,Peromyscus,NA,2026-04-13,2026-04-13T03:00:37Z,2026-04-13T03:00:37Z,0,0,1
Little Brown Skink,RE08,Reptilia,Scincella,lateralis,2026-04-13,2026-04-13T08:29:33Z,2026-04-13T08:29:33Z,0,0,1
Little Brown Skink,RE08,Reptilia,Scincella,lateralis,2026-04-13,2026-04-13T09:38:07Z,2026-04-13T09:38:07Z,0,0,1
Common Kingsnake,RE08,Reptilia,Lampropeltis,getula,2026-04-13,2026-04-13T13:38:07Z,2026-04-13T13:38:18Z,0,0,1
House Mouse,RE08,Mammalia,Mus,musculus,2026-04-13,2026-04-13T22:50:05Z,2026-04-13T22:50:06Z,0,0,1
Eastern Racer,RE08,Reptilia,Coluber,constrictor,2026-04-14,2026-04-14T11:06:26Z,2026-04-14T11:06:45Z,0,0,1
No Detections,RE08,No Detections,No Detections,No Detections,2026-04-15,NA,NA,0,0,1
Little Brown Skink,RE08,Reptilia,Scincella,lateralis,2026-04-16,2026-04-16T09:35:02Z,2026-04-16T09:35:02Z,0,0,1
No Detections,RE08,No Detections,No Detections,No Detections,2026-04-17,NA,NA,0,0,1
Eastern Rat Snake,RE08,Reptilia,Pantherophis,alleghaniensis,2026-04-18,2026-04-18T17:01:37Z,2026-04-18T17:02:16Z,0,0,1
No Detections,RE08,No Detections,No Detections,No Detections,2026-04-19,NA,NA,0,0,1
No Detections,RE08,No Detections,No Detections,No Detections,2026-04-20,NA,NA,0,0,1
No Detections,RE08,No Detections,No Detections,No Detections,2026-04-21,NA,NA,0,0,1
Eastern Racer,RE08,Reptilia,Coluber,constrictor,2026-04-22,2026-04-22T17:46:24Z,2026-04-22T17:46:24Z,0,0,1
No Detections,RE08,No Detections,No Detections,No Detections,2026-04-23,NA,NA,0,0,1
Plestiodon Species,RE08,Reptilia,Plestiodon,NA,2026-04-24,2026-04-24T15:12:37Z,2026-04-24T15:13:18Z,0,0,1
No Detections,RE08,No Detections,No Detections,No Detections,2026-04-25,NA,NA,0,0,1
Eastern Harvest Mouse,RE08,Mammalia,Reithrodontomys,humulis,2026-04-26,2026-04-26T06:22:13Z,2026-04-26T06:22:13Z,0,0,1
No Detections,RE08,No Detections,No Detections,No Detections,2026-04-27,NA,NA,0,0,1
No Detections,RE08,No Detections,No Detections,No Detections,2026-04-28,NA,NA,0,0,1
No Detections,RE08,No Detections,No Detections,No Detections,2026-04-29,NA,NA,0,0,1
No Detections,RE08,No Detections,No Detections,No Detections,2026-04-30,NA,NA,0,0,1
No Detections,RE08,No Detections,No Detections,No Detections,2026-05-01,NA,NA,0,0,1
Southeastern Shrew,RE08,Mammalia,Sorex,longirostris,2026-05-02,2026-05-02T22:36:31Z,2026-05-02T22:36:31Z,0,0,1
Southeastern Shrew,RE08,Mammalia,Sorex,longirostris,2026-05-03,2026-05-03T00:29:06Z,2026-05-03T00:34:13Z,0,0,1
No Detections,RE08,No Detections,No Detections,No Detections,2026-05-04,NA,NA,0,0,1
No Detections,RE08,No Detections,No Detections,No Detections,2026-05-05,NA,NA,0,0,1
No Detections,RE08,No Detections,No Detections,No Detections,2026-05-06,NA,NA,0,0,1
No Detections,RE08,No Detections,No Detections,No Detections,2026-05-07,NA,NA,0,0,2
House Mouse,RE08,Mammalia,Mus,musculus,2026-05-08,2026-05-08T05:22:02Z,2026-05-08T05:22:02Z,0,0,2
Southeastern Shrew,RE08,Mammalia,Sorex,longirostris,2026-05-09,2026-05-09T20:56:23Z,2026-05-09T20:56:24Z,0,0,2
No Detections,RE08,No Detections,No Detections,No Detections,2026-05-10,NA,NA,0,0,2
Southeastern Shrew,RE08,Mammalia,Sorex,longirostris,2026-05-11,2026-05-11T04:01:06Z,2026-05-11T04:01:06Z,0,0,2
No Detections,RE08,No Detections,No Detections,No Detections,2026-05-12,NA,NA,0,0,2
No Detections,RE08,No Detections,No Detections,No Detections,2026-05-13,NA,NA,0,0,2
No Detections,RE08,No Detections,No Detections,No Detections,2026-05-14,NA,NA,0,0,2
No Detections,RE08,No Detections,No Detections,No Detections,2026-05-15,NA,NA,0,0,2
No Detections,RE08,No Detections,No Detections,No Detections,2026-05-16,NA,NA,0,0,2
No Detections,RE08,No Detections,No Detections,No Detections,2026-05-17,NA,NA,0,0,2
No Detections,RE08,No Detections,No Detections,No Detections,2026-05-18,NA,NA,0,0,2
No Detections,RE08,No Detections,No Detections,No Detections,2026-05-19,NA,NA,0,0,2
No Detections,RE08,No Detections,No Detections,No Detections,2026-05-20,NA,NA,0,0,2
No Detections,RE08,No Detections,No Detections,No Detections,2026-05-21,NA,NA,0,0,2
Southeastern Shrew,RE08,Mammalia,Sorex,longirostris,2026-05-22,2026-05-22T04:21:08Z,2026-05-22T04:21:08Z,0,0,2
No Detections,RE08,No Detections,No Detections,No Detections,2026-05-23,NA,NA,0,0,2
No Detections,RE08,No Detections,No Detections,No Detections,2026-05-24,NA,NA,0,0,2
No Detections,RE08,No Detections,No Detections,No Detections,2026-05-25,NA,NA,0,0,2
No Detections,RE08,No Detections,No Detections,No Detections,2026-05-26,NA,NA,0,0,2
No Detections,RE08,No Detections,No Detections,No Detections,2026-05-27,NA,NA,0,0,2
No Detections,RE08,No Detections,No Detections,No Detections,2026-05-28,NA,NA,0,0,2
No Detections,RE08,No Detections,No Detections,No Detections,2026-05-29,NA,NA,0,0,2
No Detections,RE08,No Detections,No Detections,No Detections,2026-05-30,NA,NA,0,0,2
No Detections,RE08,No Detections,No Detections,No Detections,2026-05-31,NA,NA,0,0,2
No Detections,RE08,No Detections,No Detections,No Detections,2026-06-01,NA,NA,0,0,2
No Detections,RE08,No Detections,No Detections,No Detections,2026-06-02,NA,NA,0,0,2
Southeastern Shrew,RE08,Mammalia,Sorex,longirostris,2026-06-03,2026-06-03T21:58:25Z,2026-06-03T21:58:30Z,0,0,2
Southeastern Shrew,RE08,Mammalia,Sorex,longirostris,2026-06-04,2026-06-04T02:51:56Z,2026-06-04T02:51:56Z,0,0,2
Southeastern Shrew,RE08,Mammalia,Sorex,longirostris,2026-06-05,2026-06-05T00:24:53Z,2026-06-05T00:24:54Z,0,0,2
Tree Frog Species,RE08,Amphibia,Dryophytes,squirellus,2026-06-06,2026-06-06T20:27:40Z,2026-06-06T20:27:40Z,0,0,2
No Detections,RE08,No Detections,No Detections,No Detections,2026-06-07,NA,NA,0,0,2
Southeastern Shrew,RE08,Mammalia,Sorex,longirostris,2026-06-08,2026-06-08T02:56:57Z,2026-06-08T02:56:58Z,0,0,2
Peromyscus or Ochrotomys Species,RE08,Mammalia,Peromyscus,NA,2026-06-09,2026-06-09T04:02:05Z,2026-06-09T04:02:08Z,0,0,2
Peromyscus or Ochrotomys Species,RE08,Mammalia,Peromyscus,NA,2026-06-10,2026-06-10T21:32:17Z,2026-06-10T21:33:47Z,0,0,2
No Detections,RE08,No Detections,No Detections,No Detections,2026-06-11,NA,NA,0,0,2
No Detections,RE08,No Detections,No Detections,No Detections,2026-06-12,NA,NA,0,0,2
No Detections,RE08,No Detections,No Detections,No Detections,2026-06-13,NA,NA,0,0,2
No Detections,RE08,No Detections,No Detections,No Detections,2026-06-14,NA,NA,0,0,2
Southeastern Shrew,RE08,Mammalia,Sorex,longirostris,2026-06-15,2026-06-15T03:13:51Z,2026-06-15T03:13:51Z,0,0,2
Eastern Narrowmouth Toad,RE08,Amphibia,Gastrophryne,carolinensis,2026-06-15,2026-06-15T20:45:08Z,2026-06-15T21:12:55Z,0,0,2
No Detections,RE08,No Detections,No Detections,No Detections,2026-06-16,NA,NA,0,0,2
No Detections,RE08,No Detections,No Detections,No Detections,2026-06-17,NA,NA,0,0,2
No Detections,RE08,No Detections,No Detections,No Detections,2026-06-18,NA,NA,0,0,2
No Detections,RE08,No Detections,No Detections,No Detections,2026-06-19,NA,NA,0,0,2
No Detections,RE08,No Detections,No Detections,No Detections,2026-06-20,NA,NA,0,0,2
No Detections,RE08,No Detections,No Detections,No Detections,2026-06-21,NA,NA,0,0,2
No Detections,RE08,No Detections,No Detections,No Detections,2026-06-22,NA,NA,0,0,2
No Detections,RE08,No Detections,No Detections,No Detections,2026-06-23,NA,NA,0,0,2
Peromyscus or Ochrotomys Species,RE08,Mammalia,Peromyscus,NA,2026-06-24,2026-06-24T22:41:33Z,2026-06-24T22:41:42Z,0,0,2
Peromyscus or Ochrotomys Species,RE08,Mammalia,Peromyscus,NA,2026-06-25,2026-06-25T21:22:55Z,2026-06-25T21:23:06Z,0,0,2
Peromyscus or Ochrotomys Species,RE08,Mammalia,Peromyscus,NA,2026-06-26,2026-06-26T03:46:53Z,2026-06-26T03:46:53Z,0,0,2
No Detections,RE08,No Detections,No Detections,No Detections,2026-06-27,NA,NA,0,0,2
No Detections,RE08,No Detections,No Detections,No Detections,2026-06-28,NA,NA,0,0,2
No Detections,RE08,No Detections,No Detections,No Detections,2026-06-29,NA,NA,0,0,2
No Detections,RE08,No Detections,No Detections,No Detections,2026-06-30,NA,NA,0,0,2
No Detections,RE08,No Detections,No Detections,No Detections,2026-07-01,NA,NA,0,0,2
Peromyscus or Ochrotomys Species,RE08,Mammalia,Peromyscus,NA,2026-07-02,2026-07-02T21:26:56Z,2026-07-02T21:27:06Z,0,0,2
No Detections,RE08,No Detections,No Detections,No Detections,2026-07-03,NA,NA,0,0,2
No Detections,RE08,No Detections,No Detections,No Detections,2026-07-04,NA,NA,0,0,2
No Detections,RE08,No Detections,No Detections,No Detections,2026-07-05,NA,NA,0,0,2
No Detections,RE08,No Detections,No Detections,No Detections,2026-07-06,NA,NA,0,0,2
No Detections,RE08,No Detections,No Detections,No Detections,2026-07-07,NA,NA,0,0,2
No Detections,RE08,No Detections,No Detections,No Detections,2026-07-08,NA,NA,0,0,2
No Detections,RE08,No Detections,No Detections,No Detections,2026-07-09,NA,NA,0,0,2
No Detections,RE08,No Detections,No Detections,No Detections,2026-07-10,NA,NA,0,0,2
No Detections,RE08,No Detections,No Detections,No Detections,2026-07-11,NA,NA,0,0,2
No Detections,RE08,No Detections,No Detections,No Detections,2026-07-12,NA,NA,0,0,2
No Detections,RE08,No Detections,No Detections,No Detections,2026-07-13,NA,NA,0,0,2
No Detections,RE08,No Detections,No Detections,No Detections,2026-07-14,NA,NA,0,0,2
No Detections,RE08,No Detections,No Detections,No Detections,2026-07-15,NA,NA,0,0,2
Southern Short-tailed Shrew,RE08,Mammalia,Blarina,carolinensis,2026-07-16,2026-07-16T22:22:17Z,2026-07-16T22:22:20Z,0,0,2
Peromyscus or Ochrotomys Species,RE08,Mammalia,Peromyscus,NA,2026-07-17,2026-07-17T01:32:06Z,2026-07-17T01:32:16Z,0,0,2
No Detections,RE08,No Detections,No Detections,No Detections,2026-07-18,NA,NA,0,0,2
Hispid Cotton Rat,RE08,Mammalia,Sigmodon,hispidus,2026-07-19,2026-07-19T22:48:30Z,2026-07-19T22:48:31Z,0,0,2
No Detections,RE08,No Detections,No Detections,No Detections,2026-07-20,NA,NA,0,0,2
No Detections,RE08,No Detections,No Detections,No Detections,2026-07-21,NA,NA,0,0,2
No Detections,RE08,No Detections,No Detections,No Detections,2026-07-22,NA,NA,0,0,2
No Detections,RE08,No Detections,No Detections,No Detections,2026-07-23,NA,NA,0,0,2
No Detections,RE08,No Detections,No Detections,No Detections,2026-07-24,NA,NA,0,0,1
No Detections,RE08,No Detections,No Detections,No Detections,2026-07-25,NA,NA,0,0,1
Peromyscus or Ochrotomys Species,RE08,Mammalia,Peromyscus,NA,2026-07-26,2026-07-26T21:39:30Z,2026-07-26T21:39:52Z,0,0,1
No Detections,RE08,No Detections,No Detections,No Detections,2026-07-27,NA,NA,0,0,1
Southeastern Shrew,RE08,Mammalia,Sorex,longirostris,2026-07-28,2026-07-28T04:31:26Z,2026-07-28T04:31:26Z,0,0,1
No Detections,RE08,No Detections,No Detections,No Detections,2026-07-29,NA,NA,0,0,1
No Detections,RE08,No Detections,No Detections,No Detections,2026-07-30,NA,NA,0,0,1
Peromyscus or Ochrotomys Species,RE09,Mammalia,Peromyscus,NA,2026-04-08,2026-04-08T21:08:08Z,2026-04-08T21:08:50Z,0,0,1
No Detections,RE09,No Detections,No Detections,No Detections,2026-04-09,NA,NA,0,0,1
No Detections,RE09,No Detections,No Detections,No Detections,2026-04-10,NA,NA,0,0,1
No Detections,RE09,No Detections,No Detections,No Detections,2026-04-11,NA,NA,0,0,1
No Detections,RE09,No Detections,No Detections,No Detections,2026-04-12,NA,NA,0,0,1
No Detections,RE09,No Detections,No Detections,No Detections,2026-04-13,NA,NA,0,0,1
Eastern Rat Snake,RE09,Reptilia,Pantherophis,alleghaniensis,2026-04-14,2026-04-14T16:42:28Z,2026-04-14T16:42:38Z,0,0,1
No Detections,RE09,No Detections,No Detections,No Detections,2026-04-15,NA,NA,0,0,1
No Detections,RE09,No Detections,No Detections,No Detections,2026-04-16,NA,NA,0,0,1
No Detections,RE09,No Detections,No Detections,No Detections,2026-04-17,NA,NA,0,0,1
No Detections,RE09,No Detections,No Detections,No Detections,2026-04-18,NA,NA,0,0,1
No Detections,RE09,No Detections,No Detections,No Detections,2026-04-19,NA,NA,0,0,1
No Detections,RE09,No Detections,No Detections,No Detections,2026-04-20,NA,NA,0,0,1
No Detections,RE09,No Detections,No Detections,No Detections,2026-04-21,NA,NA,0,0,1
No Detections,RE09,No Detections,No Detections,No Detections,2026-04-22,NA,NA,0,0,1
No Detections,RE09,No Detections,No Detections,No Detections,2026-04-23,NA,NA,0,0,1
No Detections,RE09,No Detections,No Detections,No Detections,2026-04-24,NA,NA,0,0,1
No Detections,RE09,No Detections,No Detections,No Detections,2026-04-25,NA,NA,0,0,1
No Detections,RE09,No Detections,No Detections,No Detections,2026-04-26,NA,NA,0,0,1
No Detections,RE09,No Detections,No Detections,No Detections,2026-04-27,NA,NA,0,0,1
Eastern Rat Snake,RE09,Reptilia,Pantherophis,alleghaniensis,2026-04-28,2026-04-28T15:53:52Z,2026-04-28T15:53:58Z,0,0,1
No Detections,RE09,No Detections,No Detections,No Detections,2026-04-29,NA,NA,0,0,1
Southeastern Shrew,RE09,Mammalia,Sorex,longirostris,2026-04-30,2026-04-30T01:28:51Z,2026-04-30T01:28:54Z,0,0,1
No Detections,RE09,No Detections,No Detections,No Detections,2026-05-01,NA,NA,0,0,1
No Detections,RE09,No Detections,No Detections,No Detections,2026-05-02,NA,NA,0,0,1
No Detections,RE09,No Detections,No Detections,No Detections,2026-05-03,NA,NA,0,0,1
No Detections,RE09,No Detections,No Detections,No Detections,2026-05-04,NA,NA,0,0,1
No Detections,RE09,No Detections,No Detections,No Detections,2026-05-05,NA,NA,0,0,1
No Detections,RE09,No Detections,No Detections,No Detections,2026-05-06,NA,NA,0,0,2
No Detections,RE09,No Detections,No Detections,No Detections,2026-05-07,NA,NA,0,0,2
No Detections,RE09,No Detections,No Detections,No Detections,2026-05-08,NA,NA,0,0,2
No Detections,RE09,No Detections,No Detections,No Detections,2026-05-09,NA,NA,0,0,2
Peromyscus or Ochrotomys Species,RE09,Mammalia,Peromyscus,NA,2026-05-10,2026-05-10T01:34:28Z,2026-05-10T01:34:38Z,0,0,2
Peromyscus or Ochrotomys Species,RE09,Mammalia,Peromyscus,NA,2026-05-10,2026-05-10T04:07:12Z,2026-05-10T04:07:29Z,0,0,2
Southeastern Shrew,RE09,Mammalia,Sorex,longirostris,2026-05-11,2026-05-11T00:59:20Z,2026-05-11T00:59:26Z,0,0,2
No Detections,RE09,No Detections,No Detections,No Detections,2026-05-12,NA,NA,0,0,2
Southern Short-tailed Shrew,RE09,Mammalia,Blarina,carolinensis,2026-05-13,2026-05-13T06:37:09Z,2026-05-13T06:37:10Z,0,0,2
Common Box Turtle,RE09,Reptilia,Terrapene,carolina,2026-05-14,2026-05-14T15:12:00Z,2026-05-14T15:12:00Z,0,0,2
Southeastern Shrew,RE09,Mammalia,Sorex,longirostris,2026-05-15,2026-05-15T01:42:21Z,2026-05-15T01:42:25Z,0,0,2
Southeastern Shrew,RE09,Mammalia,Sorex,longirostris,2026-05-15,2026-05-15T03:58:12Z,2026-05-15T03:58:12Z,0,0,2
Southeastern Shrew,RE09,Mammalia,Sorex,longirostris,2026-05-15,2026-05-15T22:21:20Z,2026-05-15T22:21:46Z,0,0,2
Southeastern Shrew,RE09,Mammalia,Sorex,longirostris,2026-05-16,2026-05-16T01:59:38Z,2026-05-16T01:59:40Z,0,0,2
Plestiodon Species,RE09,Reptilia,Plestiodon,NA,2026-05-17,2026-05-17T11:12:02Z,2026-05-17T11:12:02Z,0,0,2
No Detections,RE09,No Detections,No Detections,No Detections,2026-05-18,NA,NA,0,0,2
No Detections,RE09,No Detections,No Detections,No Detections,2026-05-19,NA,NA,0,0,2
No Detections,RE09,No Detections,No Detections,No Detections,2026-05-20,NA,NA,0,0,2
Peromyscus or Ochrotomys Species,RE09,Mammalia,Peromyscus,NA,2026-05-21,2026-05-21T21:56:47Z,2026-05-21T21:56:47Z,0,0,2
Southern Short-tailed Shrew,RE09,Mammalia,Blarina,carolinensis,2026-05-21,2026-05-21T22:36:55Z,2026-05-21T22:36:56Z,0,0,2
No Detections,RE09,No Detections,No Detections,No Detections,2026-05-22,NA,NA,0,0,2
No Detections,RE09,No Detections,No Detections,No Detections,2026-05-23,NA,NA,0,0,2
Plestiodon Species,RE09,Reptilia,Plestiodon,NA,2026-05-24,2026-05-24T12:42:00Z,2026-05-24T12:42:00Z,0,0,2
No Detections,RE09,No Detections,No Detections,No Detections,2026-05-25,NA,NA,0,0,2
No Detections,RE09,No Detections,No Detections,No Detections,2026-05-26,NA,NA,0,0,2
No Detections,RE09,No Detections,No Detections,No Detections,2026-05-27,NA,NA,0,0,2
No Detections,RE09,No Detections,No Detections,No Detections,2026-05-28,NA,NA,0,0,2
No Detections,RE09,No Detections,No Detections,No Detections,2026-05-29,NA,NA,0,0,2
Common Kingsnake,RE09,Reptilia,Lampropeltis,getula,2026-05-30,2026-05-30T10:17:27Z,2026-05-30T10:17:38Z,0,0,2
Peromyscus or Ochrotomys Species,RE09,Mammalia,Peromyscus,NA,2026-05-31,2026-05-31T00:59:58Z,2026-05-31T01:00:28Z,0,0,2
Eastern Racer,RE09,Reptilia,Coluber,constrictor,2026-05-31,2026-05-31T12:12:38Z,2026-05-31T12:12:52Z,0,0,2
Marsh Rabbit,RE09,Mammalia,Sylvilagus,palustris,2026-06-01,2026-06-01T23:52:49Z,2026-06-02T00:14:04Z,0,0,2
Marsh Rabbit,RE09,Mammalia,Sylvilagus,palustris,2026-06-02,2026-06-02T02:44:29Z,2026-06-02T03:48:17Z,0,0,2
Marsh Rabbit,RE09,Mammalia,Sylvilagus,palustris,2026-06-02,2026-06-02T21:33:35Z,2026-06-02T21:33:40Z,0,0,2
Marsh Rabbit,RE09,Mammalia,Sylvilagus,palustris,2026-06-02,2026-06-02T23:01:10Z,2026-06-02T23:01:12Z,0,0,2
House Mouse,RE09,Mammalia,Mus,musculus,2026-06-03,2026-06-03T03:01:15Z,2026-06-03T03:01:15Z,0,0,2
No Detections,RE09,No Detections,No Detections,No Detections,2026-06-04,NA,NA,0,0,2
No Detections,RE09,No Detections,No Detections,No Detections,2026-06-05,NA,NA,0,0,2
No Detections,RE09,No Detections,No Detections,No Detections,2026-06-06,NA,NA,0,0,2
No Detections,RE09,No Detections,No Detections,No Detections,2026-06-07,NA,NA,0,0,2
No Detections,RE09,No Detections,No Detections,No Detections,2026-06-08,NA,NA,0,0,2
Peromyscus or Ochrotomys Species,RE09,Mammalia,Peromyscus,NA,2026-06-09,2026-06-09T22:00:08Z,2026-06-09T22:00:14Z,0,0,2
No Detections,RE09,No Detections,No Detections,No Detections,2026-06-10,NA,NA,0,0,2
No Detections,RE09,No Detections,No Detections,No Detections,2026-06-11,NA,NA,0,0,2
No Detections,RE09,No Detections,No Detections,No Detections,2026-06-12,NA,NA,0,0,2
No Detections,RE09,No Detections,No Detections,No Detections,2026-06-13,NA,NA,0,0,2
No Detections,RE09,No Detections,No Detections,No Detections,2026-06-14,NA,NA,0,0,2
Southeastern Shrew,RE09,Mammalia,Sorex,longirostris,2026-06-15,2026-06-15T22:39:00Z,2026-06-15T22:39:06Z,0,0,2
Southeastern Shrew,RE09,Mammalia,Sorex,longirostris,2026-06-16,2026-06-16T00:39:21Z,2026-06-16T00:39:26Z,0,0,2
No Detections,RE09,No Detections,No Detections,No Detections,2026-06-17,NA,NA,0,0,2
No Detections,RE09,No Detections,No Detections,No Detections,2026-06-18,NA,NA,0,0,2
No Detections,RE09,No Detections,No Detections,No Detections,2026-06-19,NA,NA,0,0,2
No Detections,RE09,No Detections,No Detections,No Detections,2026-06-20,NA,NA,0,0,2
No Detections,RE09,No Detections,No Detections,No Detections,2026-06-21,NA,NA,0,0,2
No Detections,RE09,No Detections,No Detections,No Detections,2026-06-22,NA,NA,0,0,2
No Detections,RE09,No Detections,No Detections,No Detections,2026-06-23,NA,NA,0,0,2
No Detections,RE09,No Detections,No Detections,No Detections,2026-06-24,NA,NA,0,0,1
No Detections,RE09,No Detections,No Detections,No Detections,2026-06-25,NA,NA,0,0,1
No Detections,RE09,No Detections,No Detections,No Detections,2026-06-26,NA,NA,0,0,1
No Detections,RE09,No Detections,No Detections,No Detections,2026-06-27,NA,NA,0,0,1
No Detections,RE09,No Detections,No Detections,No Detections,2026-06-28,NA,NA,0,0,1
No Detections,RE09,No Detections,No Detections,No Detections,2026-06-29,NA,NA,0,0,1
No Detections,RE09,No Detections,No Detections,No Detections,2026-06-30,NA,NA,0,0,1
No Detections,RE09,No Detections,No Detections,No Detections,2026-07-01,NA,NA,0,0,1
No Detections,RE09,No Detections,No Detections,No Detections,2026-07-02,NA,NA,0,0,1
No Detections,RE09,No Detections,No Detections,No Detections,2026-07-03,NA,NA,0,0,1
No Detections,RE09,No Detections,No Detections,No Detections,2026-07-04,NA,NA,0,0,1
No Detections,RE09,No Detections,No Detections,No Detections,2026-07-05,NA,NA,0,0,1
No Detections,RE09,No Detections,No Detections,No Detections,2026-07-06,NA,NA,0,0,1
Marsh Rabbit,RE09,Mammalia,Sylvilagus,palustris,2026-07-07,2026-07-07T20:59:31Z,2026-07-07T20:59:40Z,0,0,1
No Detections,RE09,No Detections,No Detections,No Detections,2026-07-08,NA,NA,0,0,1
No Detections,RE09,No Detections,No Detections,No Detections,2026-07-09,NA,NA,0,0,1
No Detections,RE09,No Detections,No Detections,No Detections,2026-07-10,NA,NA,0,0,1
No Detections,RE09,No Detections,No Detections,No Detections,2026-07-11,NA,NA,0,0,1
No Detections,RE09,No Detections,No Detections,No Detections,2026-07-12,NA,NA,0,0,1
No Detections,RE09,No Detections,No Detections,No Detections,2026-07-13,NA,NA,0,0,1
No Detections,RE09,No Detections,No Detections,No Detections,2026-07-14,NA,NA,0,0,2
Peromyscus or Ochrotomys Species,RE09,Mammalia,Peromyscus,NA,2026-07-15,2026-07-15T23:41:23Z,2026-07-15T23:41:59Z,0,0,1
No Detections,RE09,No Detections,No Detections,No Detections,2026-07-16,NA,NA,0,0,1
Eastern Racer,RE09,Reptilia,Coluber,constrictor,2026-07-17,2026-07-17T18:10:10Z,2026-07-17T18:10:12Z,0,0,1
North American Least Shrew,RE09,Mammalia,Cryptotis,parvus,2026-07-18,2026-07-18T04:51:18Z,2026-07-18T04:51:18Z,0,0,1
No Detections,RE09,No Detections,No Detections,No Detections,2026-07-19,NA,NA,0,0,1
No Detections,RE09,No Detections,No Detections,No Detections,2026-07-20,NA,NA,0,0,1
No Detections,RE09,No Detections,No Detections,No Detections,2026-07-21,NA,NA,0,0,1
No Detections,RE09,No Detections,No Detections,No Detections,2026-07-22,NA,NA,0,0,1
No Detections,RE09,No Detections,No Detections,No Detections,2026-07-23,NA,NA,0,0,1
No Detections,RE09,No Detections,No Detections,No Detections,2026-07-24,NA,NA,0,0,1
No Detections,RE09,No Detections,No Detections,No Detections,2026-07-25,NA,NA,0,0,1
No Detections,RE09,No Detections,No Detections,No Detections,2026-07-26,NA,NA,0,0,1
No Detections,RE09,No Detections,No Detections,No Detections,2026-07-27,NA,NA,0,0,1
No Detections,TE01,No Detections,No Detections,No Detections,2026-04-10,NA,NA,0,0,1
No Detections,TE01,No Detections,No Detections,No Detections,2026-04-11,NA,NA,0,0,1
No Detections,TE01,No Detections,No Detections,No Detections,2026-04-12,NA,NA,0,0,1
No Detections,TE01,No Detections,No Detections,No Detections,2026-04-13,NA,NA,0,0,1
Little Brown Skink,TE01,Reptilia,Scincella,lateralis,2026-04-14,2026-04-14T14:05:42Z,2026-04-14T14:05:42Z,0,0,1
No Detections,TE01,No Detections,No Detections,No Detections,2026-04-15,NA,NA,0,0,1
No Detections,TE01,No Detections,No Detections,No Detections,2026-04-16,NA,NA,0,0,1
No Detections,TE01,No Detections,No Detections,No Detections,2026-04-17,NA,NA,0,0,1
No Detections,TE01,No Detections,No Detections,No Detections,2026-04-18,NA,NA,0,0,1
Common Box Turtle,TE01,Reptilia,Terrapene,carolina,2026-04-19,2026-04-19T16:05:24Z,2026-04-19T16:06:35Z,0,0,1
No Detections,TE01,No Detections,No Detections,No Detections,2026-04-20,NA,NA,0,0,1
No Detections,TE01,No Detections,No Detections,No Detections,2026-04-21,NA,NA,0,0,1
Plestiodon Species,TE01,Reptilia,Plestiodon,NA,2026-04-22,2026-04-22T14:27:25Z,2026-04-22T14:27:29Z,0,0,1
No Detections,TE01,No Detections,No Detections,No Detections,2026-04-23,NA,NA,0,0,1
No Detections,TE01,No Detections,No Detections,No Detections,2026-04-24,NA,NA,0,0,1
No Detections,TE01,No Detections,No Detections,No Detections,2026-04-25,NA,NA,0,0,1
No Detections,TE01,No Detections,No Detections,No Detections,2026-04-26,NA,NA,0,0,1
No Detections,TE01,No Detections,No Detections,No Detections,2026-04-27,NA,NA,0,0,1
No Detections,TE01,No Detections,No Detections,No Detections,2026-04-28,NA,NA,0,0,1
Southeastern Shrew,TE01,Mammalia,Sorex,longirostris,2026-04-29,2026-04-29T03:51:27Z,2026-04-29T03:51:27Z,0,0,1
Hispid Cotton Rat,TE01,Mammalia,Sigmodon,hispidus,2026-04-30,2026-04-30T07:34:36Z,2026-04-30T07:34:41Z,0,0,1
Common Box Turtle,TE01,Reptilia,Terrapene,carolina,2026-05-01,2026-05-01T11:10:01Z,2026-05-01T11:10:10Z,0,0,1
Hispid Cotton Rat,TE01,Mammalia,Sigmodon,hispidus,2026-05-01,2026-05-01T13:04:50Z,2026-05-01T13:04:50Z,0,0,1
No Detections,TE01,No Detections,No Detections,No Detections,2026-05-02,NA,NA,0,0,1
No Detections,TE01,No Detections,No Detections,No Detections,2026-05-03,NA,NA,0,0,1
Eastern Rat Snake,TE01,Reptilia,Pantherophis,alleghaniensis,2026-05-04,2026-05-04T13:55:36Z,2026-05-04T14:38:55Z,0,0,1
No Detections,TE01,No Detections,No Detections,No Detections,2026-05-05,NA,NA,0,0,1
No Detections,TE01,No Detections,No Detections,No Detections,2026-05-06,NA,NA,0,0,1
No Detections,TE01,No Detections,No Detections,No Detections,2026-05-07,NA,NA,0,0,1
Hispid Cotton Rat,TE01,Mammalia,Sigmodon,hispidus,2026-05-08,2026-05-08T11:16:03Z,2026-05-08T11:16:04Z,0,0,1
No Detections,TE01,No Detections,No Detections,No Detections,2026-05-09,NA,NA,0,0,1
No Detections,TE01,No Detections,No Detections,No Detections,2026-05-10,NA,NA,0,0,1
Southeastern Shrew,TE01,Mammalia,Sorex,longirostris,2026-05-11,2026-05-11T14:16:29Z,2026-05-11T14:16:36Z,0,0,1
Microtus Species,TE01,Mammalia,Microtus,NA,2026-05-12,2026-05-12T00:39:23Z,2026-05-12T00:39:24Z,0,0,1
Hispid Cotton Rat,TE01,Mammalia,Sigmodon,hispidus,2026-05-12,2026-05-12T07:13:32Z,2026-05-12T07:13:33Z,0,0,1
No Detections,TE01,No Detections,No Detections,No Detections,2026-05-13,NA,NA,0,0,1
No Detections,TE01,No Detections,No Detections,No Detections,2026-05-14,NA,NA,0,0,1
Southeastern Shrew,TE01,Mammalia,Sorex,longirostris,2026-05-15,2026-05-15T03:53:54Z,2026-05-15T03:53:59Z,0,0,1
Southeastern Shrew,TE01,Mammalia,Sorex,longirostris,2026-05-15,2026-05-15T20:02:39Z,2026-05-15T20:02:40Z,0,0,1
Southeastern Shrew,TE01,Mammalia,Sorex,longirostris,2026-05-16,2026-05-16T02:29:23Z,2026-05-16T02:29:24Z,0,0,1
No Detections,TE01,No Detections,No Detections,No Detections,2026-05-17,NA,NA,0,0,1
Southeastern Shrew,TE01,Mammalia,Sorex,longirostris,2026-05-18,2026-05-18T23:59:03Z,2026-05-18T23:59:03Z,0,0,1
No Detections,TE01,No Detections,No Detections,No Detections,2026-05-19,NA,NA,0,0,1
Common Box Turtle,TE01,Reptilia,Terrapene,carolina,2026-05-20,2026-05-20T19:05:39Z,2026-05-20T19:06:13Z,0,0,1
Southeastern Shrew,TE01,Mammalia,Sorex,longirostris,2026-05-21,2026-05-21T08:54:04Z,2026-05-21T08:54:04Z,0,0,1
No Detections,TE01,No Detections,No Detections,No Detections,2026-05-22,NA,NA,0,0,1
No Detections,TE01,No Detections,No Detections,No Detections,2026-05-23,NA,NA,0,0,2
Hispid Cotton Rat,TE01,Mammalia,Sigmodon,hispidus,2026-05-24,2026-05-24T10:07:32Z,2026-05-24T10:07:33Z,0,0,2
No Detections,TE01,No Detections,No Detections,No Detections,2026-05-25,NA,NA,0,0,2
No Detections,TE01,No Detections,No Detections,No Detections,2026-05-26,NA,NA,0,0,2
No Detections,TE01,No Detections,No Detections,No Detections,2026-05-27,NA,NA,0,0,2
Southeastern Shrew,TE01,Mammalia,Sorex,longirostris,2026-05-28,2026-05-28T01:11:38Z,2026-05-28T01:11:40Z,0,0,2
Southeastern Shrew,TE01,Mammalia,Sorex,longirostris,2026-05-28,2026-05-28T19:10:21Z,2026-05-28T20:00:49Z,0,0,2
No Detections,TE01,No Detections,No Detections,No Detections,2026-05-29,NA,NA,0,0,2
No Detections,TE01,No Detections,No Detections,No Detections,2026-05-30,NA,NA,0,0,2
No Detections,TE01,No Detections,No Detections,No Detections,2026-05-31,NA,NA,0,0,2
No Detections,TE01,No Detections,No Detections,No Detections,2026-06-01,NA,NA,0,0,2
North American Least Shrew,TE01,Mammalia,Cryptotis,parvus,2026-06-02,2026-06-02T04:42:19Z,2026-06-02T04:42:19Z,0,0,2
Southeastern Shrew,TE01,Mammalia,Sorex,longirostris,2026-06-02,2026-06-02T23:55:45Z,2026-06-03T00:53:19Z,0,0,2
Hispid Cotton Rat,TE01,Mammalia,Sigmodon,hispidus,2026-06-03,2026-06-03T06:50:23Z,2026-06-03T06:50:42Z,0,0,2
No Detections,TE01,No Detections,No Detections,No Detections,2026-06-04,NA,NA,0,0,2
No Detections,TE01,No Detections,No Detections,No Detections,2026-06-05,NA,NA,0,0,2
No Detections,TE01,No Detections,No Detections,No Detections,2026-06-06,NA,NA,0,0,2
No Detections,TE01,No Detections,No Detections,No Detections,2026-06-07,NA,NA,0,0,2
No Detections,TE01,No Detections,No Detections,No Detections,2026-06-08,NA,NA,0,0,2
No Detections,TE01,No Detections,No Detections,No Detections,2026-06-09,NA,NA,0,0,2
No Detections,TE01,No Detections,No Detections,No Detections,2026-06-10,NA,NA,0,0,2
No Detections,TE01,No Detections,No Detections,No Detections,2026-06-11,NA,NA,0,0,2
No Detections,TE01,No Detections,No Detections,No Detections,2026-06-12,NA,NA,0,0,2
Southern Short-tailed Shrew,TE01,Mammalia,Blarina,carolinensis,2026-06-13,2026-06-13T04:30:24Z,2026-06-13T04:30:25Z,0,0,2
No Detections,TE01,No Detections,No Detections,No Detections,2026-06-14,NA,NA,0,0,2
No Detections,TE01,No Detections,No Detections,No Detections,2026-06-15,NA,NA,0,0,2
No Detections,TE01,No Detections,No Detections,No Detections,2026-06-16,NA,NA,0,0,2
No Detections,TE01,No Detections,No Detections,No Detections,2026-06-17,NA,NA,0,0,2
No Detections,TE01,No Detections,No Detections,No Detections,2026-06-18,NA,NA,0,0,1
No Detections,TE01,No Detections,No Detections,No Detections,2026-06-19,NA,NA,0,0,1
No Detections,TE01,No Detections,No Detections,No Detections,2026-06-20,NA,NA,0,0,1
Southeastern Shrew,TE01,Mammalia,Sorex,longirostris,2026-06-21,2026-06-21T00:52:51Z,2026-06-21T00:52:51Z,0,0,1
No Detections,TE01,No Detections,No Detections,No Detections,2026-06-22,NA,NA,0,0,1
No Detections,TE01,No Detections,No Detections,No Detections,2026-06-23,NA,NA,0,0,1
No Detections,TE01,No Detections,No Detections,No Detections,2026-06-24,NA,NA,0,0,1
No Detections,TE01,No Detections,No Detections,No Detections,2026-06-25,NA,NA,0,0,1
No Detections,TE01,No Detections,No Detections,No Detections,2026-06-26,NA,NA,0,0,1
No Detections,TE01,No Detections,No Detections,No Detections,2026-06-27,NA,NA,0,0,1
No Detections,TE01,No Detections,No Detections,No Detections,2026-06-28,NA,NA,0,0,1
No Detections,TE01,No Detections,No Detections,No Detections,2026-06-29,NA,NA,0,0,1
No Detections,TE01,No Detections,No Detections,No Detections,2026-06-30,NA,NA,0,0,1
No Detections,TE01,No Detections,No Detections,No Detections,2026-07-01,NA,NA,0,0,1
No Detections,TE01,No Detections,No Detections,No Detections,2026-07-02,NA,NA,0,0,1
No Detections,TE01,No Detections,No Detections,No Detections,2026-07-03,NA,NA,0,0,1
No Detections,TE01,No Detections,No Detections,No Detections,2026-07-04,NA,NA,0,0,1
No Detections,TE01,No Detections,No Detections,No Detections,2026-07-05,NA,NA,0,0,1
No Detections,TE01,No Detections,No Detections,No Detections,2026-07-06,NA,NA,0,0,1
No Detections,TE01,No Detections,No Detections,No Detections,2026-07-07,NA,NA,0,0,1
No Detections,TE01,No Detections,No Detections,No Detections,2026-07-08,NA,NA,0,0,1
Hispid Cotton Rat,TE01,Mammalia,Sigmodon,hispidus,2026-07-09,2026-07-09T00:52:10Z,2026-07-09T00:52:39Z,0,0,1
No Detections,TE01,No Detections,No Detections,No Detections,2026-07-10,NA,NA,0,0,1
No Detections,TE01,No Detections,No Detections,No Detections,2026-07-11,NA,NA,0,0,1
No Detections,TE01,No Detections,No Detections,No Detections,2026-07-12,NA,NA,0,0,1
No Detections,TE01,No Detections,No Detections,No Detections,2026-07-13,NA,NA,0,0,1
No Detections,TE01,No Detections,No Detections,No Detections,2026-07-14,NA,NA,0,0,1
Hispid Cotton Rat,TE01,Mammalia,Sigmodon,hispidus,2026-07-15,2026-07-15T05:29:18Z,2026-07-15T05:29:19Z,0,0,1
No Detections,TE01,No Detections,No Detections,No Detections,2026-07-16,NA,NA,0,0,1
No Detections,TE01,No Detections,No Detections,No Detections,2026-07-17,NA,NA,0,0,1
No Detections,TE01,No Detections,No Detections,No Detections,2026-07-18,NA,NA,0,0,1
No Detections,TE01,No Detections,No Detections,No Detections,2026-07-19,NA,NA,0,0,1
No Detections,TE01,No Detections,No Detections,No Detections,2026-07-20,NA,NA,0,0,1
No Detections,TE01,No Detections,No Detections,No Detections,2026-07-21,NA,NA,0,0,1
No Detections,TE01,No Detections,No Detections,No Detections,2026-07-22,NA,NA,0,0,1
No Detections,TE01,No Detections,No Detections,No Detections,2026-07-23,NA,NA,0,0,1
No Detections,TE01,No Detections,No Detections,No Detections,2026-07-24,NA,NA,0,0,1
No Detections,TE01,No Detections,No Detections,No Detections,2026-07-25,NA,NA,0,0,1
No Detections,TE01,No Detections,No Detections,No Detections,2026-07-26,NA,NA,0,0,1
No Detections,TE01,No Detections,No Detections,No Detections,2026-07-27,NA,NA,0,0,1
No Detections,TE01,No Detections,No Detections,No Detections,2026-07-28,NA,NA,0,0,1
Peromyscus or Ochrotomys Species,TE02,Mammalia,Peromyscus,NA,2026-04-10,2026-04-10T15:22:42Z,2026-04-10T15:22:43Z,0,0,2
Peromyscus or Ochrotomys Species,TE02,Mammalia,Peromyscus,NA,2026-04-11,2026-04-11T16:26:37Z,2026-04-11T16:26:37Z,0,0,2
Peromyscus or Ochrotomys Species,TE02,Mammalia,Peromyscus,NA,2026-04-11,2026-04-11T21:56:37Z,2026-04-11T22:37:13Z,0,0,2
Peromyscus or Ochrotomys Species,TE02,Mammalia,Peromyscus,NA,2026-04-12,2026-04-12T18:24:02Z,2026-04-12T18:24:03Z,0,0,2
Peromyscus or Ochrotomys Species,TE02,Mammalia,Peromyscus,NA,2026-04-13,2026-04-13T18:21:50Z,2026-04-13T19:11:18Z,0,0,2
Peromyscus or Ochrotomys Species,TE02,Mammalia,Peromyscus,NA,2026-04-14,2026-04-14T00:32:35Z,2026-04-14T00:56:26Z,0,0,2
Southeastern Shrew,TE02,Mammalia,Sorex,longirostris,2026-04-14,2026-04-14T15:15:12Z,2026-04-14T15:15:12Z,0,0,2
Peromyscus or Ochrotomys Species,TE02,Mammalia,Peromyscus,NA,2026-04-14,2026-04-14T17:17:15Z,2026-04-14T17:17:15Z,0,0,2
Peromyscus or Ochrotomys Species,TE02,Mammalia,Peromyscus,NA,2026-04-14,2026-04-14T23:46:58Z,2026-04-14T23:46:58Z,0,0,2
Peromyscus or Ochrotomys Species,TE02,Mammalia,Peromyscus,NA,2026-04-15,2026-04-15T05:06:40Z,2026-04-15T05:06:41Z,0,0,2
No Detections,TE02,No Detections,No Detections,No Detections,2026-04-16,NA,NA,0,0,2
No Detections,TE02,No Detections,No Detections,No Detections,2026-04-17,NA,NA,0,0,2
Eastern Harvest Mouse,TE02,Mammalia,Reithrodontomys,humulis,2026-04-18,2026-04-18T02:03:19Z,2026-04-18T02:03:29Z,0,0,2
Peromyscus or Ochrotomys Species,TE02,Mammalia,Peromyscus,NA,2026-04-18,2026-04-18T02:21:28Z,2026-04-18T03:04:03Z,0,0,2
Eastern Racer,TE02,Reptilia,Coluber,constrictor,2026-04-18,2026-04-18T13:58:49Z,2026-04-18T13:58:55Z,0,0,2
Peromyscus or Ochrotomys Species,TE02,Mammalia,Peromyscus,NA,2026-04-19,2026-04-19T01:06:02Z,2026-04-19T01:06:03Z,0,0,2
Peromyscus or Ochrotomys Species,TE02,Mammalia,Peromyscus,NA,2026-04-19,2026-04-19T02:06:03Z,2026-04-19T02:06:07Z,0,0,2
No Detections,TE02,No Detections,No Detections,No Detections,2026-04-20,NA,NA,0,0,2
Eastern Harvest Mouse,TE02,Mammalia,Reithrodontomys,humulis,2026-04-21,2026-04-21T22:47:27Z,2026-04-21T22:47:30Z,0,0,2
No Detections,TE02,No Detections,No Detections,No Detections,2026-04-22,NA,NA,0,0,2
No Detections,TE02,No Detections,No Detections,No Detections,2026-04-23,NA,NA,0,0,2
No Detections,TE02,No Detections,No Detections,No Detections,2026-04-24,NA,NA,0,0,2
Peromyscus or Ochrotomys Species,TE02,Mammalia,Peromyscus,NA,2026-04-25,2026-04-25T01:24:09Z,2026-04-25T01:24:13Z,0,0,2
Peromyscus or Ochrotomys Species,TE02,Mammalia,Peromyscus,NA,2026-04-26,2026-04-26T04:52:43Z,2026-04-26T04:52:44Z,0,0,2
Peromyscus or Ochrotomys Species,TE02,Mammalia,Peromyscus,NA,2026-04-26,2026-04-26T10:31:12Z,2026-04-26T10:31:13Z,0,0,2
Peromyscus or Ochrotomys Species,TE02,Mammalia,Peromyscus,NA,2026-04-26,2026-04-26T22:14:26Z,2026-04-26T22:14:27Z,0,0,2
Peromyscus or Ochrotomys Species,TE02,Mammalia,Peromyscus,NA,2026-04-27,2026-04-27T00:08:32Z,2026-04-27T00:08:33Z,0,0,2
House Mouse,TE02,Mammalia,Mus,musculus,2026-04-27,2026-04-27T02:59:46Z,2026-04-27T02:59:47Z,0,0,2
Peromyscus or Ochrotomys Species,TE02,Mammalia,Peromyscus,NA,2026-04-27,2026-04-27T04:08:37Z,2026-04-27T04:08:38Z,0,0,2
Peromyscus or Ochrotomys Species,TE02,Mammalia,Peromyscus,NA,2026-04-28,2026-04-28T01:03:10Z,2026-04-28T01:03:12Z,0,0,2
House Mouse,TE02,Mammalia,Mus,musculus,2026-04-29,2026-04-29T03:51:25Z,2026-04-29T03:51:26Z,0,0,2
House Mouse,TE02,Mammalia,Mus,musculus,2026-04-29,2026-04-29T13:39:37Z,2026-04-29T13:39:37Z,0,0,2
House Mouse,TE02,Mammalia,Mus,musculus,2026-04-30,2026-04-30T06:09:36Z,2026-04-30T06:09:38Z,0,0,2
House Mouse,TE02,Mammalia,Mus,musculus,2026-04-30,2026-04-30T23:44:11Z,2026-04-30T23:44:18Z,0,0,2
No Detections,TE02,No Detections,No Detections,No Detections,2026-05-01,NA,NA,0,0,2
No Detections,TE02,No Detections,No Detections,No Detections,2026-05-02,NA,NA,0,0,2
Peromyscus or Ochrotomys Species,TE02,Mammalia,Peromyscus,NA,2026-05-03,2026-05-03T13:35:31Z,2026-05-03T13:35:31Z,0,0,1
No Detections,TE02,No Detections,No Detections,No Detections,2026-05-04,NA,NA,0,0,1
No Detections,TE02,No Detections,No Detections,No Detections,2026-05-05,NA,NA,0,0,1
No Detections,TE02,No Detections,No Detections,No Detections,2026-05-06,NA,NA,0,0,1
No Detections,TE02,No Detections,No Detections,No Detections,2026-05-07,NA,NA,0,0,1
No Detections,TE02,No Detections,No Detections,No Detections,2026-05-08,NA,NA,0,0,1
No Detections,TE02,No Detections,No Detections,No Detections,2026-05-09,NA,NA,0,0,1
No Detections,TE02,No Detections,No Detections,No Detections,2026-05-10,NA,NA,0,0,1
No Detections,TE02,No Detections,No Detections,No Detections,2026-05-11,NA,NA,0,0,1
No Detections,TE02,No Detections,No Detections,No Detections,2026-05-12,NA,NA,0,0,1
No Detections,TE02,No Detections,No Detections,No Detections,2026-05-13,NA,NA,0,0,1
No Detections,TE02,No Detections,No Detections,No Detections,2026-05-14,NA,NA,0,0,1
No Detections,TE02,No Detections,No Detections,No Detections,2026-05-15,NA,NA,0,0,1
Peromyscus or Ochrotomys Species,TE02,Mammalia,Peromyscus,NA,2026-05-16,2026-05-16T15:15:59Z,2026-05-16T15:15:59Z,0,0,1
Peromyscus or Ochrotomys Species,TE02,Mammalia,Peromyscus,NA,2026-05-17,2026-05-17T13:36:09Z,2026-05-17T13:36:09Z,0,0,1
House Mouse,TE02,Mammalia,Mus,musculus,2026-05-17,2026-05-17T14:47:36Z,2026-05-17T14:47:36Z,0,0,1
House Mouse,TE02,Mammalia,Mus,musculus,2026-05-17,2026-05-17T16:48:25Z,2026-05-17T16:48:25Z,0,0,1
Peromyscus or Ochrotomys Species,TE02,Mammalia,Peromyscus,NA,2026-05-18,2026-05-18T12:59:15Z,2026-05-18T12:59:15Z,0,0,1
Peromyscus or Ochrotomys Species,TE02,Mammalia,Peromyscus,NA,2026-05-18,2026-05-18T15:10:12Z,2026-05-18T15:10:13Z,0,0,1
No Detections,TE02,No Detections,No Detections,No Detections,2026-05-19,NA,NA,0,0,2
Peromyscus or Ochrotomys Species,TE02,Mammalia,Peromyscus,NA,2026-05-20,2026-05-20T00:03:30Z,2026-05-20T00:03:31Z,0,0,2
Eastern Harvest Mouse,TE02,Mammalia,Reithrodontomys,humulis,2026-05-20,2026-05-20T05:06:47Z,2026-05-20T05:06:53Z,0,0,2
No Detections,TE02,No Detections,No Detections,No Detections,2026-05-21,NA,NA,0,0,1
No Detections,TE02,No Detections,No Detections,No Detections,2026-05-22,NA,NA,0,0,1
Eastern Racer,TE02,Reptilia,Coluber,constrictor,2026-05-23,2026-05-23T15:22:35Z,2026-05-23T15:22:35Z,0,0,1
No Detections,TE02,No Detections,No Detections,No Detections,2026-05-24,NA,NA,0,0,1
No Detections,TE02,No Detections,No Detections,No Detections,2026-05-25,NA,NA,0,0,1
No Detections,TE02,No Detections,No Detections,No Detections,2026-05-26,NA,NA,0,0,1
No Detections,TE02,No Detections,No Detections,No Detections,2026-05-27,NA,NA,0,0,1
No Detections,TE02,No Detections,No Detections,No Detections,2026-05-28,NA,NA,0,0,1
No Detections,TE02,No Detections,No Detections,No Detections,2026-05-29,NA,NA,0,0,1
No Detections,TE02,No Detections,No Detections,No Detections,2026-05-30,NA,NA,0,0,1
No Detections,TE02,No Detections,No Detections,No Detections,2026-05-31,NA,NA,0,0,1
Southern Short-tailed Shrew,TE02,Mammalia,Blarina,carolinensis,2026-06-01,2026-06-01T21:00:19Z,2026-06-01T21:00:21Z,0,0,1
No Detections,TE02,No Detections,No Detections,No Detections,2026-06-02,NA,NA,0,0,1
No Detections,TE02,No Detections,No Detections,No Detections,2026-06-03,NA,NA,0,0,1
No Detections,TE02,No Detections,No Detections,No Detections,2026-06-04,NA,NA,0,0,1
No Detections,TE02,No Detections,No Detections,No Detections,2026-06-05,NA,NA,0,0,1
No Detections,TE02,No Detections,No Detections,No Detections,2026-06-06,NA,NA,0,0,1
No Detections,TE02,No Detections,No Detections,No Detections,2026-06-07,NA,NA,0,0,1
No Detections,TE02,No Detections,No Detections,No Detections,2026-06-08,NA,NA,0,0,1
No Detections,TE02,No Detections,No Detections,No Detections,2026-06-09,NA,NA,0,0,1
No Detections,TE02,No Detections,No Detections,No Detections,2026-06-10,NA,NA,0,0,1
No Detections,TE02,No Detections,No Detections,No Detections,2026-06-11,NA,NA,0,0,1
No Detections,TE02,No Detections,No Detections,No Detections,2026-06-12,NA,NA,0,0,1
No Detections,TE02,No Detections,No Detections,No Detections,2026-06-13,NA,NA,0,0,1
No Detections,TE02,No Detections,No Detections,No Detections,2026-06-14,NA,NA,0,0,1
No Detections,TE02,No Detections,No Detections,No Detections,2026-06-15,NA,NA,0,0,1
No Detections,TE02,No Detections,No Detections,No Detections,2026-06-16,NA,NA,0,0,1
No Detections,TE02,No Detections,No Detections,No Detections,2026-06-17,NA,NA,0,0,1
No Detections,TE02,No Detections,No Detections,No Detections,2026-06-18,NA,NA,0,0,2
No Detections,TE02,No Detections,No Detections,No Detections,2026-06-19,NA,NA,0,0,2
Southeastern Shrew,TE02,Mammalia,Sorex,longirostris,2026-06-20,2026-06-20T01:04:03Z,2026-06-20T01:04:06Z,0,0,2
Eastern Racer,TE02,Reptilia,Coluber,constrictor,2026-06-21,2026-06-21T10:59:21Z,2026-06-21T10:59:23Z,0,0,2
No Detections,TE02,No Detections,No Detections,No Detections,2026-06-22,NA,NA,0,0,2
No Detections,TE02,No Detections,No Detections,No Detections,2026-06-23,NA,NA,0,0,2
No Detections,TE02,No Detections,No Detections,No Detections,2026-06-24,NA,NA,0,0,2
No Detections,TE02,No Detections,No Detections,No Detections,2026-06-25,NA,NA,0,0,2
No Detections,TE02,No Detections,No Detections,No Detections,2026-06-26,NA,NA,0,0,2
No Detections,TE02,No Detections,No Detections,No Detections,2026-06-27,NA,NA,0,0,2
No Detections,TE02,No Detections,No Detections,No Detections,2026-06-28,NA,NA,0,0,2
Hispid Cotton Rat,TE02,Mammalia,Sigmodon,hispidus,2026-06-29,2026-06-29T00:57:54Z,2026-06-29T00:57:59Z,0,0,2
No Detections,TE02,No Detections,No Detections,No Detections,2026-06-30,NA,NA,0,0,2
No Detections,TE02,No Detections,No Detections,No Detections,2026-07-01,NA,NA,0,0,2
No Detections,TE02,No Detections,No Detections,No Detections,2026-07-02,NA,NA,0,0,2
No Detections,TE02,No Detections,No Detections,No Detections,2026-07-03,NA,NA,0,0,2
No Detections,TE02,No Detections,No Detections,No Detections,2026-07-04,NA,NA,0,0,2
Hispid Cotton Rat,TE02,Mammalia,Sigmodon,hispidus,2026-07-05,2026-07-05T14:10:06Z,2026-07-05T14:10:08Z,0,0,2
Hispid Cotton Rat,TE02,Mammalia,Sigmodon,hispidus,2026-07-06,2026-07-06T18:14:06Z,2026-07-06T18:44:31Z,0,0,2
No Detections,TE02,No Detections,No Detections,No Detections,2026-07-07,NA,NA,0,0,2
No Detections,TE02,No Detections,No Detections,No Detections,2026-07-08,NA,NA,0,0,2
No Detections,TE02,No Detections,No Detections,No Detections,2026-07-09,NA,NA,0,0,2
Hispid Cotton Rat,TE02,Mammalia,Sigmodon,hispidus,2026-07-10,2026-07-10T11:26:39Z,2026-07-10T11:26:44Z,0,0,2
Eastern Racer,TE02,Reptilia,Coluber,constrictor,2026-07-11,2026-07-11T13:47:37Z,2026-07-11T13:47:39Z,0,0,2
Southeastern Shrew,TE02,Mammalia,Sorex,longirostris,2026-07-12,2026-07-12T07:06:38Z,2026-07-12T07:06:39Z,0,0,2
No Detections,TE02,No Detections,No Detections,No Detections,2026-07-13,NA,NA,0,0,2
No Detections,TE02,No Detections,No Detections,No Detections,2026-07-14,NA,NA,0,0,2
No Detections,TE02,No Detections,No Detections,No Detections,2026-07-15,NA,NA,0,0,2
No Detections,TE02,No Detections,No Detections,No Detections,2026-07-16,NA,NA,0,0,2
No Detections,TE02,No Detections,No Detections,No Detections,2026-07-17,NA,NA,0,0,2
No Detections,TE02,No Detections,No Detections,No Detections,2026-07-18,NA,NA,0,0,2
No Detections,TE02,No Detections,No Detections,No Detections,2026-07-19,NA,NA,0,0,2
No Detections,TE02,No Detections,No Detections,No Detections,2026-07-20,NA,NA,0,0,2
No Detections,TE02,No Detections,No Detections,No Detections,2026-07-21,NA,NA,0,0,2
Southeastern Shrew,TE02,Mammalia,Sorex,longirostris,2026-07-22,2026-07-22T08:45:38Z,2026-07-22T08:47:05Z,0,0,2
House Mouse,TE02,Mammalia,Mus,musculus,2026-07-23,2026-07-23T19:50:12Z,2026-07-23T19:50:13Z,0,0,2
No Detections,TE02,No Detections,No Detections,No Detections,2026-07-24,NA,NA,0,0,2
No Detections,TE02,No Detections,No Detections,No Detections,2026-07-25,NA,NA,0,0,2
No Detections,TE02,No Detections,No Detections,No Detections,2026-07-26,NA,NA,0,0,2
No Detections,TE02,No Detections,No Detections,No Detections,2026-07-27,NA,NA,0,0,2
No Detections,TE02,No Detections,No Detections,No Detections,2026-07-28,NA,NA,0,0,2
No Detections,TE03,No Detections,No Detections,No Detections,2026-04-10,NA,NA,0,0,2
No Detections,TE03,No Detections,No Detections,No Detections,2026-04-11,NA,NA,0,0,2
No Detections,TE03,No Detections,No Detections,No Detections,2026-04-12,NA,NA,0,0,2
No Detections,TE03,No Detections,No Detections,No Detections,2026-04-13,NA,NA,0,0,2
No Detections,TE03,No Detections,No Detections,No Detections,2026-04-14,NA,NA,0,0,2
Eastern Racer,TE03,Reptilia,Coluber,constrictor,2026-04-15,2026-04-15T10:43:41Z,2026-04-15T10:43:41Z,0,0,2
No Detections,TE03,No Detections,No Detections,No Detections,2026-04-16,NA,NA,0,0,2
No Detections,TE03,No Detections,No Detections,No Detections,2026-04-17,NA,NA,0,0,2
No Detections,TE03,No Detections,No Detections,No Detections,2026-04-18,NA,NA,0,0,2
No Detections,TE03,No Detections,No Detections,No Detections,2026-04-19,NA,NA,0,0,2
No Detections,TE03,No Detections,No Detections,No Detections,2026-04-20,NA,NA,0,0,2
No Detections,TE03,No Detections,No Detections,No Detections,2026-04-21,NA,NA,0,0,2
Eastern Rat Snake,TE03,Reptilia,Pantherophis,alleghaniensis,2026-04-22,2026-04-22T08:04:36Z,2026-04-22T08:04:39Z,0,0,2
No Detections,TE03,No Detections,No Detections,No Detections,2026-04-23,NA,NA,0,0,2
No Detections,TE03,No Detections,No Detections,No Detections,2026-04-24,NA,NA,0,0,2
No Detections,TE03,No Detections,No Detections,No Detections,2026-04-25,NA,NA,0,0,2
No Detections,TE03,No Detections,No Detections,No Detections,2026-04-26,NA,NA,0,0,2
No Detections,TE03,No Detections,No Detections,No Detections,2026-04-27,NA,NA,0,0,2
No Detections,TE03,No Detections,No Detections,No Detections,2026-04-28,NA,NA,0,0,2
No Detections,TE03,No Detections,No Detections,No Detections,2026-04-29,NA,NA,0,0,2
No Detections,TE03,No Detections,No Detections,No Detections,2026-04-30,NA,NA,0,0,2
Southeastern Shrew,TE03,Mammalia,Sorex,longirostris,2026-05-01,2026-05-01T01:22:39Z,2026-05-01T01:22:40Z,0,0,2
No Detections,TE03,No Detections,No Detections,No Detections,2026-05-02,NA,NA,0,0,2
No Detections,TE03,No Detections,No Detections,No Detections,2026-05-03,NA,NA,0,0,2
No Detections,TE03,No Detections,No Detections,No Detections,2026-05-04,NA,NA,0,0,2
Plestiodon Species,TE03,Reptilia,Plestiodon,NA,2026-05-05,2026-05-05T14:31:14Z,2026-05-05T14:31:14Z,0,0,2
No Detections,TE03,No Detections,No Detections,No Detections,2026-05-06,NA,NA,0,0,2
No Detections,TE03,No Detections,No Detections,No Detections,2026-05-07,NA,NA,0,0,2
No Detections,TE03,No Detections,No Detections,No Detections,2026-05-08,NA,NA,0,0,2
No Detections,TE03,No Detections,No Detections,No Detections,2026-05-09,NA,NA,0,0,2
No Detections,TE03,No Detections,No Detections,No Detections,2026-05-10,NA,NA,0,0,2
No Detections,TE03,No Detections,No Detections,No Detections,2026-05-11,NA,NA,0,0,2
No Detections,TE03,No Detections,No Detections,No Detections,2026-05-12,NA,NA,0,0,2
No Detections,TE03,No Detections,No Detections,No Detections,2026-05-13,NA,NA,0,0,2
No Detections,TE03,No Detections,No Detections,No Detections,2026-05-14,NA,NA,0,0,2
No Detections,TE03,No Detections,No Detections,No Detections,2026-05-15,NA,NA,0,0,2
No Detections,TE03,No Detections,No Detections,No Detections,2026-05-16,NA,NA,0,0,2
No Detections,TE03,No Detections,No Detections,No Detections,2026-05-17,NA,NA,0,0,2
No Detections,TE03,No Detections,No Detections,No Detections,2026-05-18,NA,NA,0,0,2
No Detections,TE03,No Detections,No Detections,No Detections,2026-05-19,NA,NA,0,0,2
No Detections,TE03,No Detections,No Detections,No Detections,2026-05-20,NA,NA,0,0,2
No Detections,TE03,No Detections,No Detections,No Detections,2026-05-21,NA,NA,0,0,2
No Detections,TE03,No Detections,No Detections,No Detections,2026-05-22,NA,NA,0,0,2
No Detections,TE03,No Detections,No Detections,No Detections,2026-05-23,NA,NA,0,0,2
No Detections,TE03,No Detections,No Detections,No Detections,2026-05-24,NA,NA,0,0,2
No Detections,TE03,No Detections,No Detections,No Detections,2026-05-25,NA,NA,0,0,2
No Detections,TE03,No Detections,No Detections,No Detections,2026-05-26,NA,NA,0,0,2
No Detections,TE03,No Detections,No Detections,No Detections,2026-05-27,NA,NA,0,0,2
No Detections,TE03,No Detections,No Detections,No Detections,2026-05-28,NA,NA,0,0,2
No Detections,TE03,No Detections,No Detections,No Detections,2026-05-29,NA,NA,0,0,2
No Detections,TE03,No Detections,No Detections,No Detections,2026-05-30,NA,NA,0,0,2
No Detections,TE03,No Detections,No Detections,No Detections,2026-05-31,NA,NA,0,0,2
No Detections,TE03,No Detections,No Detections,No Detections,2026-06-01,NA,NA,0,0,2
Eastern Racer,TE03,Reptilia,Coluber,constrictor,2026-06-02,2026-06-02T11:38:08Z,2026-06-02T11:38:29Z,0,0,2
Microtus Species,TE03,Mammalia,Microtus,NA,2026-06-03,2026-06-03T03:28:01Z,2026-06-03T03:28:04Z,0,0,2
Plestiodon Species,TE03,Reptilia,Plestiodon,NA,2026-06-04,2026-06-04T07:19:36Z,2026-06-04T07:21:59Z,0,0,2
Southern Leopard Frog,TE03,Amphibia,Lithobates,sphenocephalus,2026-06-05,2026-06-05T19:44:25Z,2026-06-05T19:44:28Z,0,0,2
No Detections,TE03,No Detections,No Detections,No Detections,2026-06-06,NA,NA,0,0,2
No Detections,TE03,No Detections,No Detections,No Detections,2026-06-07,NA,NA,0,0,2
No Detections,TE03,No Detections,No Detections,No Detections,2026-06-08,NA,NA,0,0,2
No Detections,TE03,No Detections,No Detections,No Detections,2026-06-09,NA,NA,0,0,2
Southeastern Shrew,TE03,Mammalia,Sorex,longirostris,2026-06-10,2026-06-10T03:36:06Z,2026-06-10T03:36:06Z,0,0,2
No Detections,TE03,No Detections,No Detections,No Detections,2026-06-11,NA,NA,0,0,2
No Detections,TE03,No Detections,No Detections,No Detections,2026-06-12,NA,NA,0,0,2
Plestiodon Species,TE03,Reptilia,Plestiodon,NA,2026-06-13,2026-06-13T14:59:53Z,2026-06-13T14:59:56Z,0,0,2
No Detections,TE03,No Detections,No Detections,No Detections,2026-06-14,NA,NA,0,0,2
No Detections,TE03,No Detections,No Detections,No Detections,2026-06-15,NA,NA,0,0,2
No Detections,TE03,No Detections,No Detections,No Detections,2026-06-16,NA,NA,0,0,2
Eastern Racer,TE03,Reptilia,Coluber,constrictor,2026-06-17,2026-06-17T11:02:11Z,2026-06-17T11:02:25Z,0,0,2
No Detections,TE03,No Detections,No Detections,No Detections,2026-06-18,NA,NA,0,0,1
No Detections,TE03,No Detections,No Detections,No Detections,2026-06-19,NA,NA,0,0,1
No Detections,TE03,No Detections,No Detections,No Detections,2026-06-20,NA,NA,0,0,1
Southeastern Shrew,TE03,Mammalia,Sorex,longirostris,2026-06-21,2026-06-21T05:51:17Z,2026-06-21T05:51:22Z,0,0,1
Eastern Narrowmouth Toad,TE03,Amphibia,Gastrophryne,carolinensis,2026-06-22,2026-06-22T22:15:41Z,2026-06-22T22:15:42Z,0,0,1
No Detections,TE03,No Detections,No Detections,No Detections,2026-06-23,NA,NA,0,0,1
Hispid Cotton Rat,TE03,Mammalia,Sigmodon,hispidus,2026-06-24,2026-06-24T15:10:37Z,2026-06-24T15:10:47Z,0,0,1
Southeastern Shrew,TE03,Mammalia,Sorex,longirostris,2026-06-25,2026-06-25T01:59:52Z,2026-06-25T01:59:53Z,0,0,1
No Detections,TE03,No Detections,No Detections,No Detections,2026-06-26,NA,NA,0,0,1
No Detections,TE03,No Detections,No Detections,No Detections,2026-06-27,NA,NA,0,0,1
No Detections,TE03,No Detections,No Detections,No Detections,2026-06-28,NA,NA,0,0,1
No Detections,TE03,No Detections,No Detections,No Detections,2026-06-29,NA,NA,0,0,1
No Detections,TE03,No Detections,No Detections,No Detections,2026-06-30,NA,NA,0,0,1
No Detections,TE03,No Detections,No Detections,No Detections,2026-07-01,NA,NA,0,0,1
No Detections,TE03,No Detections,No Detections,No Detections,2026-07-02,NA,NA,0,0,1
No Detections,TE03,No Detections,No Detections,No Detections,2026-07-03,NA,NA,0,0,1
No Detections,TE03,No Detections,No Detections,No Detections,2026-07-04,NA,NA,0,0,1
Southern Short-tailed Shrew,TE03,Mammalia,Blarina,carolinensis,2026-07-05,2026-07-05T22:15:53Z,2026-07-05T22:15:54Z,0,0,1
No Detections,TE03,No Detections,No Detections,No Detections,2026-07-06,NA,NA,0,0,1
No Detections,TE03,No Detections,No Detections,No Detections,2026-07-07,NA,NA,0,0,1
No Detections,TE03,No Detections,No Detections,No Detections,2026-07-08,NA,NA,0,0,1
No Detections,TE03,No Detections,No Detections,No Detections,2026-07-09,NA,NA,0,0,1
No Detections,TE03,No Detections,No Detections,No Detections,2026-07-10,NA,NA,0,0,1
No Detections,TE03,No Detections,No Detections,No Detections,2026-07-11,NA,NA,0,0,1
No Detections,TE03,No Detections,No Detections,No Detections,2026-07-12,NA,NA,0,0,1
Eastern Harvest Mouse,TE03,Mammalia,Reithrodontomys,humulis,2026-07-13,2026-07-13T03:38:44Z,2026-07-13T03:38:45Z,0,0,1
No Detections,TE03,No Detections,No Detections,No Detections,2026-07-14,NA,NA,0,0,1
No Detections,TE03,No Detections,No Detections,No Detections,2026-07-15,NA,NA,0,0,1
No Detections,TE03,No Detections,No Detections,No Detections,2026-07-16,NA,NA,0,0,1
No Detections,TE03,No Detections,No Detections,No Detections,2026-07-17,NA,NA,0,0,1
No Detections,TE03,No Detections,No Detections,No Detections,2026-07-18,NA,NA,0,0,1
No Detections,TE03,No Detections,No Detections,No Detections,2026-07-19,NA,NA,0,0,1
No Detections,TE03,No Detections,No Detections,No Detections,2026-07-20,NA,NA,0,0,1
No Detections,TE03,No Detections,No Detections,No Detections,2026-07-21,NA,NA,0,0,1
No Detections,TE03,No Detections,No Detections,No Detections,2026-07-22,NA,NA,0,0,1
No Detections,TE03,No Detections,No Detections,No Detections,2026-07-23,NA,NA,0,0,1
No Detections,TE03,No Detections,No Detections,No Detections,2026-07-24,NA,NA,0,0,1
Southeastern Shrew,TE03,Mammalia,Sorex,longirostris,2026-07-25,2026-07-25T04:12:01Z,2026-07-25T04:12:01Z,0,0,1
No Detections,TE03,No Detections,No Detections,No Detections,2026-07-26,NA,NA,0,0,1
No Detections,TE03,No Detections,No Detections,No Detections,2026-07-27,NA,NA,0,0,1
No Detections,TE03,No Detections,No Detections,No Detections,2026-07-28,NA,NA,0,0,1
No Detections,TE04,No Detections,No Detections,No Detections,2026-04-01,NA,NA,0,0,2
Peromyscus or Ochrotomys Species,TE04,Mammalia,Peromyscus,NA,2026-04-02,2026-04-02T22:28:52Z,2026-04-02T22:28:59Z,0,0,2
No Detections,TE04,No Detections,No Detections,No Detections,2026-04-03,NA,NA,0,0,2
No Detections,TE04,No Detections,No Detections,No Detections,2026-04-04,NA,NA,0,0,2
No Detections,TE04,No Detections,No Detections,No Detections,2026-04-05,NA,NA,0,0,2
No Detections,TE04,No Detections,No Detections,No Detections,2026-04-06,NA,NA,0,0,2
No Detections,TE04,No Detections,No Detections,No Detections,2026-04-07,NA,NA,0,0,2
No Detections,TE04,No Detections,No Detections,No Detections,2026-04-08,NA,NA,0,0,2
Little Brown Skink,TE04,Reptilia,Scincella,lateralis,2026-04-09,2026-04-09T11:52:31Z,2026-04-09T11:52:31Z,0,0,2
No Detections,TE04,No Detections,No Detections,No Detections,2026-04-10,NA,NA,0,0,2
Little Brown Skink,TE04,Reptilia,Scincella,lateralis,2026-04-11,2026-04-11T11:04:03Z,2026-04-11T11:04:03Z,0,0,2
Peromyscus or Ochrotomys Species,TE04,Mammalia,Peromyscus,NA,2026-04-12,2026-04-12T15:12:51Z,2026-04-12T15:12:57Z,0,0,2
No Detections,TE04,No Detections,No Detections,No Detections,2026-04-13,NA,NA,0,0,2
Peromyscus or Ochrotomys Species,TE04,Mammalia,Peromyscus,NA,2026-04-14,2026-04-14T09:38:54Z,2026-04-14T09:38:55Z,0,0,2
Eastern Racer,TE04,Reptilia,Coluber,constrictor,2026-04-14,2026-04-14T12:15:19Z,2026-04-14T12:15:21Z,0,0,2
Peromyscus or Ochrotomys Species,TE04,Mammalia,Peromyscus,NA,2026-04-14,2026-04-14T16:30:03Z,2026-04-14T16:30:05Z,0,0,2
No Detections,TE04,No Detections,No Detections,No Detections,2026-04-15,NA,NA,0,0,2
Peromyscus or Ochrotomys Species,TE04,Mammalia,Peromyscus,NA,2026-04-16,2026-04-16T04:02:40Z,2026-04-16T04:02:46Z,0,0,2
Peromyscus or Ochrotomys Species,TE04,Mammalia,Peromyscus,NA,2026-04-17,2026-04-17T01:49:59Z,2026-04-17T01:50:03Z,0,0,2
No Detections,TE04,No Detections,No Detections,No Detections,2026-04-18,NA,NA,0,0,2
No Detections,TE04,No Detections,No Detections,No Detections,2026-04-19,NA,NA,0,0,2
Peromyscus or Ochrotomys Species,TE04,Mammalia,Peromyscus,NA,2026-04-20,2026-04-20T04:45:24Z,2026-04-20T04:45:26Z,0,0,2
Eastern Racer,TE04,Reptilia,Coluber,constrictor,2026-04-20,2026-04-20T12:12:15Z,2026-04-20T12:12:21Z,0,0,2
No Detections,TE04,No Detections,No Detections,No Detections,2026-04-21,NA,NA,0,0,2
No Detections,TE04,No Detections,No Detections,No Detections,2026-04-22,NA,NA,0,0,2
No Detections,TE04,No Detections,No Detections,No Detections,2026-04-23,NA,NA,0,0,2
Plestiodon Species,TE04,Reptilia,Plestiodon,NA,2026-04-24,2026-04-24T14:18:00Z,2026-04-24T14:18:02Z,0,0,2
House Mouse,TE04,Mammalia,Mus,musculus,2026-04-25,2026-04-25T14:38:22Z,2026-04-25T14:38:29Z,0,0,2
Southeastern Shrew,TE04,Mammalia,Sorex,longirostris,2026-04-25,2026-04-25T23:22:12Z,2026-04-25T23:22:12Z,0,0,2
Southeastern Shrew,TE04,Mammalia,Sorex,longirostris,2026-04-26,2026-04-26T03:04:30Z,2026-04-26T03:04:30Z,0,0,2
North American Least Shrew,TE04,Mammalia,Cryptotis,parvus,2026-04-26,2026-04-26T17:17:38Z,2026-04-26T17:17:41Z,0,0,2
No Detections,TE04,No Detections,No Detections,No Detections,2026-04-27,NA,NA,0,0,2
Peromyscus or Ochrotomys Species,TE04,Mammalia,Peromyscus,NA,2026-04-28,2026-04-28T22:05:13Z,2026-04-28T22:05:15Z,0,0,2
Southeastern Shrew,TE04,Mammalia,Sorex,longirostris,2026-04-29,2026-04-29T05:53:25Z,2026-04-29T05:53:41Z,0,0,2
Peromyscus or Ochrotomys Species,TE04,Mammalia,Peromyscus,NA,2026-04-29,2026-04-29T09:31:33Z,2026-04-29T09:31:59Z,0,0,2
Southeastern Shrew,TE04,Mammalia,Sorex,longirostris,2026-04-29,2026-04-29T17:56:23Z,2026-04-29T17:56:24Z,0,0,2
North American Least Shrew,TE04,Mammalia,Cryptotis,parvus,2026-04-30,2026-04-30T04:01:55Z,2026-04-30T04:01:57Z,0,0,2
Southern Short-tailed Shrew,TE04,Mammalia,Blarina,carolinensis,2026-04-30,2026-04-30T13:12:32Z,2026-04-30T13:12:35Z,0,0,2
No Detections,TE04,No Detections,No Detections,No Detections,2026-05-01,NA,NA,0,0,2
No Detections,TE04,No Detections,No Detections,No Detections,2026-05-02,NA,NA,0,0,2
No Detections,TE04,No Detections,No Detections,No Detections,2026-05-03,NA,NA,0,0,2
No Detections,TE04,No Detections,No Detections,No Detections,2026-05-04,NA,NA,0,0,2
No Detections,TE04,No Detections,No Detections,No Detections,2026-05-05,NA,NA,0,0,2
No Detections,TE04,No Detections,No Detections,No Detections,2026-05-06,NA,NA,0,0,2
Hispid Cotton Rat,TE04,Mammalia,Sigmodon,hispidus,2026-05-07,2026-05-07T10:13:23Z,2026-05-07T10:13:34Z,0,0,2
Microtus Species,TE04,Mammalia,Microtus,NA,2026-05-07,2026-05-07T21:56:53Z,2026-05-07T21:56:55Z,0,0,2
Southeastern Shrew,TE04,Mammalia,Sorex,longirostris,2026-05-07,2026-05-07T22:01:56Z,2026-05-07T22:01:58Z,0,0,2
Southeastern Shrew,TE04,Mammalia,Sorex,longirostris,2026-05-07,2026-05-07T23:05:14Z,2026-05-07T23:46:24Z,0,0,2
No Detections,TE04,No Detections,No Detections,No Detections,2026-05-08,NA,NA,0,0,2
House Mouse,TE04,Mammalia,Mus,musculus,2026-05-09,2026-05-09T00:30:13Z,2026-05-09T00:30:16Z,0,0,2
Peromyscus or Ochrotomys Species,TE04,Mammalia,Peromyscus,NA,2026-05-09,2026-05-09T00:56:52Z,2026-05-09T00:57:00Z,0,0,2
No Detections,TE04,No Detections,No Detections,No Detections,2026-05-10,NA,NA,0,0,2
No Detections,TE04,No Detections,No Detections,No Detections,2026-05-11,NA,NA,0,0,2
Peromyscus or Ochrotomys Species,TE04,Mammalia,Peromyscus,NA,2026-05-12,2026-05-12T00:19:02Z,2026-05-12T00:19:04Z,0,0,2
Peromyscus or Ochrotomys Species,TE04,Mammalia,Peromyscus,NA,2026-05-13,2026-05-13T00:20:51Z,2026-05-13T00:20:53Z,0,0,2
Southeastern Shrew,TE04,Mammalia,Sorex,longirostris,2026-05-14,2026-05-14T03:48:53Z,2026-05-14T03:48:53Z,0,0,2
No Detections,TE04,No Detections,No Detections,No Detections,2026-05-15,NA,NA,0,0,2
No Detections,TE04,No Detections,No Detections,No Detections,2026-05-16,NA,NA,0,0,2
No Detections,TE04,No Detections,No Detections,No Detections,2026-05-17,NA,NA,0,0,2
No Detections,TE04,No Detections,No Detections,No Detections,2026-05-18,NA,NA,0,0,2
No Detections,TE04,No Detections,No Detections,No Detections,2026-05-19,NA,NA,0,0,2
No Detections,TE04,No Detections,No Detections,No Detections,2026-05-20,NA,NA,0,0,2
No Detections,TE04,No Detections,No Detections,No Detections,2026-05-21,NA,NA,0,0,2
Southeastern Shrew,TE04,Mammalia,Sorex,longirostris,2026-05-22,2026-05-22T02:12:00Z,2026-05-22T02:12:02Z,0,0,2
No Detections,TE04,No Detections,No Detections,No Detections,2026-05-23,NA,NA,0,0,2
No Detections,TE04,No Detections,No Detections,No Detections,2026-05-24,NA,NA,0,0,2
No Detections,TE04,No Detections,No Detections,No Detections,2026-05-25,NA,NA,0,0,2
No Detections,TE04,No Detections,No Detections,No Detections,2026-05-26,NA,NA,0,0,2
Southeastern Shrew,TE04,Mammalia,Sorex,longirostris,2026-05-27,2026-05-27T22:23:57Z,2026-05-27T22:24:04Z,0,0,2
No Detections,TE04,No Detections,No Detections,No Detections,2026-05-28,NA,NA,0,0,2
Southeastern Shrew,TE04,Mammalia,Sorex,longirostris,2026-05-29,2026-05-29T01:36:33Z,2026-05-29T01:37:14Z,0,0,2
Peromyscus or Ochrotomys Species,TE04,Mammalia,Peromyscus,NA,2026-05-30,2026-05-30T02:27:39Z,2026-05-30T02:27:45Z,0,0,2
No Detections,TE04,No Detections,No Detections,No Detections,2026-05-31,NA,NA,0,0,2
Peromyscus or Ochrotomys Species,TE04,Mammalia,Peromyscus,NA,2026-06-01,2026-06-01T00:20:11Z,2026-06-01T00:20:17Z,0,0,2
Southeastern Shrew,TE04,Mammalia,Sorex,longirostris,2026-06-02,2026-06-02T05:13:17Z,2026-06-02T05:13:19Z,0,0,2
Southeastern Shrew,TE04,Mammalia,Sorex,longirostris,2026-06-02,2026-06-02T10:40:05Z,2026-06-02T10:40:07Z,0,0,2
Peromyscus or Ochrotomys Species,TE04,Mammalia,Peromyscus,NA,2026-06-03,2026-06-03T10:07:38Z,2026-06-03T10:07:44Z,0,0,1
No Detections,TE04,No Detections,No Detections,No Detections,2026-06-04,NA,NA,0,0,1
No Detections,TE04,No Detections,No Detections,No Detections,2026-06-05,NA,NA,0,0,1
No Detections,TE04,No Detections,No Detections,No Detections,2026-06-06,NA,NA,0,0,1
No Detections,TE04,No Detections,No Detections,No Detections,2026-06-07,NA,NA,0,0,1
No Detections,TE04,No Detections,No Detections,No Detections,2026-06-08,NA,NA,0,0,1
No Detections,TE04,No Detections,No Detections,No Detections,2026-06-09,NA,NA,0,0,1
No Detections,TE04,No Detections,No Detections,No Detections,2026-06-10,NA,NA,0,0,1
No Detections,TE04,No Detections,No Detections,No Detections,2026-06-11,NA,NA,0,0,1
No Detections,TE04,No Detections,No Detections,No Detections,2026-06-12,NA,NA,0,0,1
No Detections,TE04,No Detections,No Detections,No Detections,2026-06-13,NA,NA,0,0,1
No Detections,TE04,No Detections,No Detections,No Detections,2026-06-14,NA,NA,0,0,1
No Detections,TE04,No Detections,No Detections,No Detections,2026-06-15,NA,NA,0,0,1
No Detections,TE04,No Detections,No Detections,No Detections,2026-06-16,NA,NA,0,0,1
No Detections,TE04,No Detections,No Detections,No Detections,2026-06-17,NA,NA,0,0,1
Southeastern Shrew,TE04,Mammalia,Sorex,longirostris,2026-06-18,2026-06-18T09:16:12Z,2026-06-18T09:16:16Z,0,0,1
Southeastern Shrew,TE04,Mammalia,Sorex,longirostris,2026-06-19,2026-06-19T17:45:44Z,2026-06-19T17:45:46Z,0,0,1
No Detections,TE04,No Detections,No Detections,No Detections,2026-06-20,NA,NA,0,0,1
No Detections,TE04,No Detections,No Detections,No Detections,2026-06-21,NA,NA,0,0,1
No Detections,TE04,No Detections,No Detections,No Detections,2026-06-22,NA,NA,0,0,1
No Detections,TE04,No Detections,No Detections,No Detections,2026-06-23,NA,NA,0,0,1
No Detections,TE04,No Detections,No Detections,No Detections,2026-06-24,NA,NA,0,0,1
No Detections,TE04,No Detections,No Detections,No Detections,2026-06-25,NA,NA,0,0,1
Eastern Racer,TE04,Reptilia,Coluber,constrictor,2026-06-26,2026-06-26T23:09:26Z,2026-06-26T23:09:29Z,0,0,1
No Detections,TE04,No Detections,No Detections,No Detections,2026-06-27,NA,NA,0,0,1
No Detections,TE04,No Detections,No Detections,No Detections,2026-06-28,NA,NA,0,0,1
No Detections,TE04,No Detections,No Detections,No Detections,2026-06-29,NA,NA,0,0,1
No Detections,TE04,No Detections,No Detections,No Detections,2026-06-30,NA,NA,0,0,1
Southeastern Shrew,TE04,Mammalia,Sorex,longirostris,2026-07-01,2026-07-01T18:08:43Z,2026-07-01T18:08:50Z,0,0,1
Southeastern Shrew,TE04,Mammalia,Sorex,longirostris,2026-07-02,2026-07-02T09:12:48Z,2026-07-02T09:12:57Z,0,0,1
No Detections,TE04,No Detections,No Detections,No Detections,2026-07-03,NA,NA,0,0,1
Southeastern Shrew,TE04,Mammalia,Sorex,longirostris,2026-07-04,2026-07-04T13:29:42Z,2026-07-04T13:29:44Z,0,0,1
No Detections,TE04,No Detections,No Detections,No Detections,2026-07-05,NA,NA,0,0,1
No Detections,TE04,No Detections,No Detections,No Detections,2026-07-06,NA,NA,0,0,1
No Detections,TE04,No Detections,No Detections,No Detections,2026-07-07,NA,NA,0,0,1
No Detections,TE04,No Detections,No Detections,No Detections,2026-07-08,NA,NA,0,0,1
Peromyscus or Ochrotomys Species,TE04,Mammalia,Peromyscus,NA,2026-07-09,2026-07-09T13:32:44Z,2026-07-09T13:32:47Z,0,0,1
No Detections,TE04,No Detections,No Detections,No Detections,2026-07-10,NA,NA,0,0,1
No Detections,TE04,No Detections,No Detections,No Detections,2026-07-11,NA,NA,0,0,1
No Detections,TE04,No Detections,No Detections,No Detections,2026-07-12,NA,NA,0,0,1
No Detections,TE04,No Detections,No Detections,No Detections,2026-07-13,NA,NA,0,0,1
No Detections,TE04,No Detections,No Detections,No Detections,2026-07-14,NA,NA,0,0,1
No Detections,TE04,No Detections,No Detections,No Detections,2026-07-15,NA,NA,0,0,1
No Detections,TE05,No Detections,No Detections,No Detections,2026-04-02,NA,NA,0,0,2
House Mouse,TE05,Mammalia,Mus,musculus,2026-04-03,2026-04-03T22:56:03Z,2026-04-03T22:56:03Z,0,0,2
No Detections,TE05,No Detections,No Detections,No Detections,2026-04-04,NA,NA,0,0,2
No Detections,TE05,No Detections,No Detections,No Detections,2026-04-05,NA,NA,0,0,2
Peromyscus or Ochrotomys Species,TE05,Mammalia,Peromyscus,NA,2026-04-06,2026-04-06T04:12:51Z,2026-04-06T04:12:51Z,0,0,2
No Detections,TE05,No Detections,No Detections,No Detections,2026-04-07,NA,NA,0,0,2
No Detections,TE05,No Detections,No Detections,No Detections,2026-04-08,NA,NA,0,0,2
No Detections,TE05,No Detections,No Detections,No Detections,2026-04-09,NA,NA,0,0,2
No Detections,TE05,No Detections,No Detections,No Detections,2026-04-10,NA,NA,0,0,2
Eastern Harvest Mouse,TE05,Mammalia,Reithrodontomys,humulis,2026-04-11,2026-04-11T00:07:02Z,2026-04-11T00:07:11Z,0,0,2
No Detections,TE05,No Detections,No Detections,No Detections,2026-04-12,NA,NA,0,0,2
No Detections,TE05,No Detections,No Detections,No Detections,2026-04-13,NA,NA,0,0,2
No Detections,TE05,No Detections,No Detections,No Detections,2026-04-14,NA,NA,0,0,2
No Detections,TE05,No Detections,No Detections,No Detections,2026-04-15,NA,NA,0,0,2
Plestiodon Species,TE05,Reptilia,Plestiodon,NA,2026-04-16,2026-04-16T11:05:29Z,2026-04-16T11:05:38Z,0,0,2
No Detections,TE05,No Detections,No Detections,No Detections,2026-04-17,NA,NA,0,0,2
No Detections,TE05,No Detections,No Detections,No Detections,2026-04-18,NA,NA,0,0,2
No Detections,TE05,No Detections,No Detections,No Detections,2026-04-19,NA,NA,0,0,2
Hispid Cotton Rat,TE05,Mammalia,Sigmodon,hispidus,2026-04-20,2026-04-20T00:09:28Z,2026-04-20T00:09:28Z,0,0,2
Peromyscus or Ochrotomys Species,TE05,Mammalia,Peromyscus,NA,2026-04-20,2026-04-20T00:17:28Z,2026-04-20T00:29:37Z,0,0,2
No Detections,TE05,No Detections,No Detections,No Detections,2026-04-21,NA,NA,0,0,2
Southeastern Shrew,TE05,Mammalia,Sorex,longirostris,2026-04-22,2026-04-22T21:07:39Z,2026-04-22T21:07:39Z,0,0,2
No Detections,TE05,No Detections,No Detections,No Detections,2026-04-23,NA,NA,0,0,2
Little Brown Skink,TE05,Reptilia,Scincella,lateralis,2026-04-24,2026-04-24T09:27:09Z,2026-04-24T09:27:09Z,0,0,2
Peromyscus or Ochrotomys Species,TE05,Mammalia,Peromyscus,NA,2026-04-25,2026-04-25T00:14:47Z,2026-04-25T00:14:47Z,0,0,2
No Detections,TE05,No Detections,No Detections,No Detections,2026-04-26,NA,NA,0,0,2
No Detections,TE05,No Detections,No Detections,No Detections,2026-04-27,NA,NA,0,0,2
No Detections,TE05,No Detections,No Detections,No Detections,2026-04-28,NA,NA,0,0,2
No Detections,TE05,No Detections,No Detections,No Detections,2026-04-29,NA,NA,0,0,2
No Detections,TE05,No Detections,No Detections,No Detections,2026-04-30,NA,NA,0,0,2
Peromyscus or Ochrotomys Species,TE05,Mammalia,Peromyscus,NA,2026-05-01,2026-05-01T22:09:09Z,2026-05-01T22:09:09Z,0,0,2
Southeastern Shrew,TE05,Mammalia,Sorex,longirostris,2026-05-02,2026-05-02T00:38:08Z,2026-05-02T00:38:09Z,0,0,2
Peromyscus or Ochrotomys Species,TE05,Mammalia,Peromyscus,NA,2026-05-02,2026-05-02T00:45:20Z,2026-05-02T00:45:21Z,0,0,2
Southeastern Shrew,TE05,Mammalia,Sorex,longirostris,2026-05-02,2026-05-02T07:54:26Z,2026-05-02T07:54:33Z,0,0,2
Southeastern Shrew,TE05,Mammalia,Sorex,longirostris,2026-05-03,2026-05-03T02:51:41Z,2026-05-03T02:51:42Z,0,0,2
Little Brown Skink,TE05,Reptilia,Scincella,lateralis,2026-05-04,2026-05-04T11:27:30Z,2026-05-04T11:27:30Z,0,0,2
Hispid Cotton Rat,TE05,Mammalia,Sigmodon,hispidus,2026-05-05,2026-05-05T22:19:41Z,2026-05-05T22:20:49Z,0,0,2
Little Brown Skink,TE05,Reptilia,Scincella,lateralis,2026-05-06,2026-05-06T12:35:44Z,2026-05-06T12:35:44Z,0,0,1
No Detections,TE05,No Detections,No Detections,No Detections,2026-05-07,NA,NA,0,0,2
Peromyscus or Ochrotomys Species,TE05,Mammalia,Peromyscus,NA,2026-05-08,2026-05-08T00:31:47Z,2026-05-08T00:31:47Z,0,0,2
North American Least Shrew,TE05,Mammalia,Cryptotis,parvus,2026-05-08,2026-05-08T01:41:01Z,2026-05-08T01:41:01Z,0,0,2
Peromyscus or Ochrotomys Species,TE05,Mammalia,Peromyscus,NA,2026-05-08,2026-05-08T03:30:55Z,2026-05-08T03:31:33Z,0,0,2
No Detections,TE05,No Detections,No Detections,No Detections,2026-05-09,NA,NA,0,0,2
No Detections,TE05,No Detections,No Detections,No Detections,2026-05-10,NA,NA,0,0,2
No Detections,TE05,No Detections,No Detections,No Detections,2026-05-11,NA,NA,0,0,2
No Detections,TE05,No Detections,No Detections,No Detections,2026-05-12,NA,NA,0,0,2
No Detections,TE05,No Detections,No Detections,No Detections,2026-05-13,NA,NA,0,0,2
No Detections,TE05,No Detections,No Detections,No Detections,2026-05-14,NA,NA,0,0,2
Southeastern Shrew,TE05,Mammalia,Sorex,longirostris,2026-05-15,2026-05-15T03:58:48Z,2026-05-15T04:00:23Z,0,0,2
No Detections,TE05,No Detections,No Detections,No Detections,2026-05-16,NA,NA,0,0,2
Peromyscus or Ochrotomys Species,TE05,Mammalia,Peromyscus,NA,2026-05-17,2026-05-17T02:20:18Z,2026-05-17T02:20:19Z,0,0,2
No Detections,TE05,No Detections,No Detections,No Detections,2026-05-18,NA,NA,0,0,2
No Detections,TE05,No Detections,No Detections,No Detections,2026-05-19,NA,NA,0,0,2
No Detections,TE05,No Detections,No Detections,No Detections,2026-05-20,NA,NA,0,0,2
No Detections,TE05,No Detections,No Detections,No Detections,2026-05-21,NA,NA,0,0,2
North American Least Shrew,TE05,Mammalia,Cryptotis,parvus,2026-05-22,2026-05-22T03:44:36Z,2026-05-22T03:44:37Z,0,0,2
No Detections,TE05,No Detections,No Detections,No Detections,2026-05-23,NA,NA,0,0,2
No Detections,TE05,No Detections,No Detections,No Detections,2026-05-24,NA,NA,0,0,2
Peromyscus or Ochrotomys Species,TE05,Mammalia,Peromyscus,NA,2026-05-25,2026-05-25T20:44:47Z,2026-05-25T20:44:48Z,0,0,2
No Detections,TE05,No Detections,No Detections,No Detections,2026-05-26,NA,NA,0,0,2
No Detections,TE05,No Detections,No Detections,No Detections,2026-05-27,NA,NA,0,0,2
No Detections,TE05,No Detections,No Detections,No Detections,2026-05-28,NA,NA,0,0,2
No Detections,TE05,No Detections,No Detections,No Detections,2026-05-29,NA,NA,0,0,2
No Detections,TE05,No Detections,No Detections,No Detections,2026-05-30,NA,NA,0,0,2
No Detections,TE05,No Detections,No Detections,No Detections,2026-05-31,NA,NA,0,0,2
No Detections,TE05,No Detections,No Detections,No Detections,2026-06-01,NA,NA,0,0,2
North American Least Shrew,TE05,Mammalia,Cryptotis,parvus,2026-06-02,2026-06-02T01:39:20Z,2026-06-02T01:39:20Z,0,0,2
Southeastern Shrew,TE05,Mammalia,Sorex,longirostris,2026-06-03,2026-06-03T20:47:53Z,2026-06-03T20:48:00Z,0,0,2
Southeastern Shrew,TE05,Mammalia,Sorex,longirostris,2026-06-04,2026-06-04T04:11:11Z,2026-06-04T04:11:11Z,0,0,2
North American Least Shrew,TE05,Mammalia,Cryptotis,parvus,2026-06-05,2026-06-05T23:32:02Z,2026-06-05T23:32:02Z,0,0,2
No Detections,TE05,No Detections,No Detections,No Detections,2026-06-06,NA,NA,0,0,2
No Detections,TE05,No Detections,No Detections,No Detections,2026-06-07,NA,NA,0,0,2
No Detections,TE05,No Detections,No Detections,No Detections,2026-06-08,NA,NA,0,0,2
Peromyscus or Ochrotomys Species,TE05,Mammalia,Peromyscus,NA,2026-06-09,2026-06-09T01:21:51Z,2026-06-09T01:21:51Z,0,0,2
No Detections,TE05,No Detections,No Detections,No Detections,2026-06-10,NA,NA,0,0,2
No Detections,TE05,No Detections,No Detections,No Detections,2026-06-11,NA,NA,0,0,2
Peromyscus or Ochrotomys Species,TE05,Mammalia,Peromyscus,NA,2026-06-12,2026-06-12T22:57:01Z,2026-06-12T22:57:33Z,0,0,2
No Detections,TE05,No Detections,No Detections,No Detections,2026-06-13,NA,NA,0,0,2
No Detections,TE05,No Detections,No Detections,No Detections,2026-06-14,NA,NA,0,0,2
No Detections,TE05,No Detections,No Detections,No Detections,2026-06-15,NA,NA,0,0,2
Southeastern Shrew,TE05,Mammalia,Sorex,longirostris,2026-06-16,2026-06-16T05:14:52Z,2026-06-16T05:14:53Z,0,0,2
No Detections,TE05,No Detections,No Detections,No Detections,2026-06-17,NA,NA,0,0,2
No Detections,TE05,No Detections,No Detections,No Detections,2026-06-18,NA,NA,0,0,2
No Detections,TE05,No Detections,No Detections,No Detections,2026-06-19,NA,NA,0,0,2
No Detections,TE05,No Detections,No Detections,No Detections,2026-06-20,NA,NA,0,0,2
No Detections,TE05,No Detections,No Detections,No Detections,2026-06-21,NA,NA,0,0,2
No Detections,TE05,No Detections,No Detections,No Detections,2026-06-22,NA,NA,0,0,2
No Detections,TE05,No Detections,No Detections,No Detections,2026-06-23,NA,NA,0,0,2
No Detections,TE05,No Detections,No Detections,No Detections,2026-06-24,NA,NA,0,0,2
No Detections,TE05,No Detections,No Detections,No Detections,2026-06-25,NA,NA,0,0,2
No Detections,TE05,No Detections,No Detections,No Detections,2026-06-26,NA,NA,0,0,2
No Detections,TE05,No Detections,No Detections,No Detections,2026-06-27,NA,NA,0,0,2
No Detections,TE05,No Detections,No Detections,No Detections,2026-06-28,NA,NA,0,0,2
No Detections,TE05,No Detections,No Detections,No Detections,2026-06-29,NA,NA,0,0,2
No Detections,TE05,No Detections,No Detections,No Detections,2026-06-30,NA,NA,0,0,2
No Detections,TE05,No Detections,No Detections,No Detections,2026-07-01,NA,NA,0,0,2
No Detections,TE05,No Detections,No Detections,No Detections,2026-07-02,NA,NA,0,0,2
No Detections,TE05,No Detections,No Detections,No Detections,2026-07-03,NA,NA,0,0,2
No Detections,TE05,No Detections,No Detections,No Detections,2026-07-04,NA,NA,0,0,2
No Detections,TE05,No Detections,No Detections,No Detections,2026-07-05,NA,NA,0,0,2
No Detections,TE05,No Detections,No Detections,No Detections,2026-07-06,NA,NA,0,0,2
No Detections,TE05,No Detections,No Detections,No Detections,2026-07-07,NA,NA,0,0,2
Hispid Cotton Rat,TE05,Mammalia,Sigmodon,hispidus,2026-07-08,2026-07-08T05:45:19Z,2026-07-08T05:45:19Z,0,0,1
Southeastern Shrew,TE05,Mammalia,Sorex,longirostris,2026-07-09,2026-07-09T06:45:49Z,2026-07-09T06:45:49Z,0,0,1
No Detections,TE05,No Detections,No Detections,No Detections,2026-07-10,NA,NA,0,0,1
No Detections,TE05,No Detections,No Detections,No Detections,2026-07-11,NA,NA,0,0,1
No Detections,TE05,No Detections,No Detections,No Detections,2026-07-12,NA,NA,0,0,1
Hispid Cotton Rat,TE05,Mammalia,Sigmodon,hispidus,2026-07-13,2026-07-13T21:40:27Z,2026-07-13T21:40:27Z,0,0,1
No Detections,TE05,No Detections,No Detections,No Detections,2026-07-14,NA,NA,0,0,1
No Detections,TE05,No Detections,No Detections,No Detections,2026-07-15,NA,NA,0,0,1
No Detections,TE05,No Detections,No Detections,No Detections,2026-07-16,NA,NA,0,0,1
No Detections,TE05,No Detections,No Detections,No Detections,2026-07-17,NA,NA,0,0,1
No Detections,TE05,No Detections,No Detections,No Detections,2026-07-18,NA,NA,0,0,1
No Detections,TE05,No Detections,No Detections,No Detections,2026-07-19,NA,NA,0,0,1
No Detections,TE05,No Detections,No Detections,No Detections,2026-07-20,NA,NA,0,0,1
No Detections,TE05,No Detections,No Detections,No Detections,2026-07-21,NA,NA,0,0,1
Eastern Narrowmouth Toad,TE05,Amphibia,Gastrophryne,carolinensis,2026-07-22,2026-07-22T00:08:21Z,2026-07-22T00:08:21Z,0,0,1
No Detections,TE05,No Detections,No Detections,No Detections,2026-07-23,NA,NA,0,0,1
No Detections,TE05,No Detections,No Detections,No Detections,2026-07-24,NA,NA,0,0,1
No Detections,TE05,No Detections,No Detections,No Detections,2026-07-25,NA,NA,0,0,1
No Detections,TE05,No Detections,No Detections,No Detections,2026-07-26,NA,NA,0,0,1
No Detections,TE05,No Detections,No Detections,No Detections,2026-07-27,NA,NA,0,0,1
No Detections,TE05,No Detections,No Detections,No Detections,2026-07-28,NA,NA,0,0,1
Eastern Harvest Mouse,TE06,Mammalia,Reithrodontomys,humulis,2026-04-02,2026-04-02T07:26:45Z,2026-04-02T07:26:45Z,0,0,1
Hispid Cotton Rat,TE06,Mammalia,Sigmodon,hispidus,2026-04-03,2026-04-03T18:01:25Z,2026-04-03T18:01:46Z,0,0,1
No Detections,TE06,No Detections,No Detections,No Detections,2026-04-04,NA,NA,0,0,1
Eastern Racer,TE06,Reptilia,Coluber,constrictor,2026-04-05,2026-04-05T00:25:40Z,2026-04-05T00:25:47Z,0,0,1
Eastern Harvest Mouse,TE06,Mammalia,Reithrodontomys,humulis,2026-04-06,2026-04-06T09:59:45Z,2026-04-06T09:59:45Z,0,0,1
Southeastern Shrew,TE06,Mammalia,Sorex,longirostris,2026-04-07,2026-04-07T14:31:50Z,2026-04-07T14:31:53Z,0,0,1
No Detections,TE06,No Detections,No Detections,No Detections,2026-04-08,NA,NA,0,0,1
No Detections,TE06,No Detections,No Detections,No Detections,2026-04-09,NA,NA,0,0,1
Eastern Racer,TE06,Reptilia,Coluber,constrictor,2026-04-10,2026-04-10T02:27:31Z,2026-04-10T02:38:18Z,0,0,1
Hispid Cotton Rat,TE06,Mammalia,Sigmodon,hispidus,2026-04-10,2026-04-10T07:35:34Z,2026-04-10T07:37:02Z,0,0,1
Hispid Cotton Rat,TE06,Mammalia,Sigmodon,hispidus,2026-04-10,2026-04-10T12:29:25Z,2026-04-10T12:29:50Z,0,0,1
Peromyscus or Ochrotomys Species,TE06,Mammalia,Peromyscus,NA,2026-04-11,2026-04-11T17:24:30Z,2026-04-11T17:24:30Z,0,0,1
No Detections,TE06,No Detections,No Detections,No Detections,2026-04-12,NA,NA,0,0,1
Eastern Racer,TE06,Reptilia,Coluber,constrictor,2026-04-13,2026-04-13T01:36:07Z,2026-04-13T01:36:18Z,0,0,1
No Detections,TE06,No Detections,No Detections,No Detections,2026-04-14,NA,NA,0,0,1
No Detections,TE06,No Detections,No Detections,No Detections,2026-04-15,NA,NA,0,0,1
No Detections,TE06,No Detections,No Detections,No Detections,2026-04-16,NA,NA,0,0,1
No Detections,TE06,No Detections,No Detections,No Detections,2026-04-17,NA,NA,0,0,1
No Detections,TE06,No Detections,No Detections,No Detections,2026-04-18,NA,NA,0,0,1
Eastern Harvest Mouse,TE06,Mammalia,Reithrodontomys,humulis,2026-04-19,2026-04-19T09:20:32Z,2026-04-19T09:20:32Z,0,0,1
Southeastern Shrew,TE06,Mammalia,Sorex,longirostris,2026-04-20,2026-04-20T08:07:09Z,2026-04-20T08:07:13Z,0,0,1
Southeastern Shrew,TE06,Mammalia,Sorex,longirostris,2026-04-20,2026-04-20T19:35:29Z,2026-04-20T19:47:26Z,0,0,1
Southeastern Shrew,TE06,Mammalia,Sorex,longirostris,2026-04-21,2026-04-21T03:56:01Z,2026-04-21T05:17:40Z,0,0,1
Southeastern Shrew,TE06,Mammalia,Sorex,longirostris,2026-04-21,2026-04-21T06:27:31Z,2026-04-21T07:05:11Z,0,0,1
No Detections,TE06,No Detections,No Detections,No Detections,2026-04-22,NA,NA,0,0,1
No Detections,TE06,No Detections,No Detections,No Detections,2026-04-23,NA,NA,0,0,1
No Detections,TE06,No Detections,No Detections,No Detections,2026-04-24,NA,NA,0,0,1
No Detections,TE06,No Detections,No Detections,No Detections,2026-04-25,NA,NA,0,0,1
No Detections,TE06,No Detections,No Detections,No Detections,2026-04-26,NA,NA,0,0,1
No Detections,TE06,No Detections,No Detections,No Detections,2026-04-27,NA,NA,0,0,1
No Detections,TE06,No Detections,No Detections,No Detections,2026-04-28,NA,NA,0,0,1
Peromyscus or Ochrotomys Species,TE06,Mammalia,Peromyscus,NA,2026-04-29,2026-04-29T09:27:13Z,2026-04-29T09:27:23Z,0,0,1
No Detections,TE06,No Detections,No Detections,No Detections,2026-04-30,NA,NA,0,0,1
No Detections,TE06,No Detections,No Detections,No Detections,2026-05-01,NA,NA,0,0,1
Southeastern Shrew,TE06,Mammalia,Sorex,longirostris,2026-05-02,2026-05-02T14:58:58Z,2026-05-02T14:59:01Z,0,0,1
Southeastern Shrew,TE06,Mammalia,Sorex,longirostris,2026-05-03,2026-05-03T03:21:48Z,2026-05-03T03:21:48Z,0,0,1
Southeastern Shrew,TE06,Mammalia,Sorex,longirostris,2026-05-04,2026-05-04T03:57:52Z,2026-05-04T03:57:54Z,0,0,1
Hispid Cotton Rat,TE06,Mammalia,Sigmodon,hispidus,2026-05-04,2026-05-04T19:42:50Z,2026-05-04T19:47:55Z,0,0,1
Southeastern Shrew,TE06,Mammalia,Sorex,longirostris,2026-05-05,2026-05-05T17:50:51Z,2026-05-05T17:50:51Z,0,0,1
Southeastern Shrew,TE06,Mammalia,Sorex,longirostris,2026-05-06,2026-05-06T05:41:34Z,2026-05-06T05:41:34Z,0,0,1
No Detections,TE06,No Detections,No Detections,No Detections,2026-05-07,NA,NA,0,0,1
No Detections,TE06,No Detections,No Detections,No Detections,2026-05-08,NA,NA,0,0,1
No Detections,TE06,No Detections,No Detections,No Detections,2026-05-09,NA,NA,0,0,1
Southeastern Shrew,TE06,Mammalia,Sorex,longirostris,2026-05-10,2026-05-10T21:24:16Z,2026-05-10T21:24:16Z,0,0,1
No Detections,TE06,No Detections,No Detections,No Detections,2026-05-11,NA,NA,0,0,1
No Detections,TE06,No Detections,No Detections,No Detections,2026-05-12,NA,NA,0,0,1
No Detections,TE06,No Detections,No Detections,No Detections,2026-05-13,NA,NA,0,0,1
No Detections,TE06,No Detections,No Detections,No Detections,2026-05-14,NA,NA,0,0,1
No Detections,TE06,No Detections,No Detections,No Detections,2026-05-15,NA,NA,0,0,1
Eastern Racer,TE06,Reptilia,Coluber,constrictor,2026-05-16,2026-05-16T10:25:04Z,2026-05-16T10:25:05Z,0,0,1
No Detections,TE06,No Detections,No Detections,No Detections,2026-05-17,NA,NA,0,0,1
No Detections,TE06,No Detections,No Detections,No Detections,2026-05-18,NA,NA,0,0,1
Southeastern Shrew,TE06,Mammalia,Sorex,longirostris,2026-05-19,2026-05-19T06:43:30Z,2026-05-19T06:43:30Z,0,0,1
No Detections,TE06,No Detections,No Detections,No Detections,2026-05-20,NA,NA,0,0,1
Southeastern Shrew,TE06,Mammalia,Sorex,longirostris,2026-05-21,2026-05-21T05:25:56Z,2026-05-21T05:25:56Z,0,0,1
Southeastern Shrew,TE06,Mammalia,Sorex,longirostris,2026-05-22,2026-05-22T23:36:57Z,2026-05-22T23:36:57Z,0,0,1
No Detections,TE06,No Detections,No Detections,No Detections,2026-05-23,NA,NA,0,0,1
No Detections,TE06,No Detections,No Detections,No Detections,2026-05-24,NA,NA,0,0,1
No Detections,TE06,No Detections,No Detections,No Detections,2026-05-25,NA,NA,0,0,1
No Detections,TE06,No Detections,No Detections,No Detections,2026-05-26,NA,NA,0,0,1
No Detections,TE06,No Detections,No Detections,No Detections,2026-05-27,NA,NA,0,0,1
No Detections,TE06,No Detections,No Detections,No Detections,2026-05-28,NA,NA,0,0,1
No Detections,TE06,No Detections,No Detections,No Detections,2026-05-29,NA,NA,0,0,1
No Detections,TE06,No Detections,No Detections,No Detections,2026-05-30,NA,NA,0,0,1
No Detections,TE06,No Detections,No Detections,No Detections,2026-05-31,NA,NA,0,0,1
No Detections,TE06,No Detections,No Detections,No Detections,2026-06-01,NA,NA,0,0,1
No Detections,TE06,No Detections,No Detections,No Detections,2026-06-02,NA,NA,0,0,2
No Detections,TE06,No Detections,No Detections,No Detections,2026-06-03,NA,NA,0,0,2
No Detections,TE06,No Detections,No Detections,No Detections,2026-06-04,NA,NA,0,0,2
House Mouse,TE06,Mammalia,Mus,musculus,2026-06-05,2026-06-05T02:30:05Z,2026-06-05T02:30:05Z,0,0,2
Southern Leopard Frog,TE06,Amphibia,Lithobates,sphenocephalus,2026-06-05,2026-06-05T21:04:17Z,2026-06-05T21:05:27Z,0,0,2
No Detections,TE06,No Detections,No Detections,No Detections,2026-06-06,NA,NA,0,0,2
No Detections,TE06,No Detections,No Detections,No Detections,2026-06-07,NA,NA,0,0,2
No Detections,TE06,No Detections,No Detections,No Detections,2026-06-08,NA,NA,0,0,2
Southeastern Shrew,TE06,Mammalia,Sorex,longirostris,2026-06-09,2026-06-09T03:29:15Z,2026-06-09T03:29:15Z,0,0,2
No Detections,TE06,No Detections,No Detections,No Detections,2026-06-10,NA,NA,0,0,2
Southeastern Shrew,TE06,Mammalia,Sorex,longirostris,2026-06-11,2026-06-11T22:02:42Z,2026-06-11T22:02:42Z,0,0,2
Peromyscus or Ochrotomys Species,TE06,Mammalia,Peromyscus,NA,2026-06-12,2026-06-12T22:44:58Z,2026-06-12T22:44:58Z,0,0,2
No Detections,TE06,No Detections,No Detections,No Detections,2026-06-13,NA,NA,0,0,2
Southeastern Shrew,TE06,Mammalia,Sorex,longirostris,2026-06-14,2026-06-14T03:15:14Z,2026-06-14T03:16:29Z,0,0,2
Southeastern Shrew,TE06,Mammalia,Sorex,longirostris,2026-06-14,2026-06-14T05:38:47Z,2026-06-14T05:38:47Z,0,0,2
Southeastern Shrew,TE06,Mammalia,Sorex,longirostris,2026-06-14,2026-06-14T07:03:23Z,2026-06-14T07:19:56Z,0,0,2
Southeastern Shrew,TE06,Mammalia,Sorex,longirostris,2026-06-14,2026-06-14T21:28:29Z,2026-06-14T21:28:37Z,0,0,2
No Detections,TE06,No Detections,No Detections,No Detections,2026-06-15,NA,NA,0,0,2
Southeastern Shrew,TE06,Mammalia,Sorex,longirostris,2026-06-16,2026-06-16T04:06:18Z,2026-06-16T04:06:18Z,0,0,2
Southeastern Shrew,TE06,Mammalia,Sorex,longirostris,2026-06-16,2026-06-16T06:06:28Z,2026-06-16T06:06:28Z,0,0,2
No Detections,TE06,No Detections,No Detections,No Detections,2026-06-17,NA,NA,0,0,2
No Detections,TE06,No Detections,No Detections,No Detections,2026-06-18,NA,NA,0,0,2
No Detections,TE06,No Detections,No Detections,No Detections,2026-06-19,NA,NA,0,0,2
No Detections,TE06,No Detections,No Detections,No Detections,2026-06-20,NA,NA,0,0,2
No Detections,TE06,No Detections,No Detections,No Detections,2026-06-21,NA,NA,0,0,2
No Detections,TE06,No Detections,No Detections,No Detections,2026-06-22,NA,NA,0,0,2
No Detections,TE06,No Detections,No Detections,No Detections,2026-06-23,NA,NA,0,0,2
No Detections,TE06,No Detections,No Detections,No Detections,2026-06-24,NA,NA,0,0,2
No Detections,TE06,No Detections,No Detections,No Detections,2026-06-25,NA,NA,0,0,2
No Detections,TE06,No Detections,No Detections,No Detections,2026-06-26,NA,NA,0,0,2
No Detections,TE06,No Detections,No Detections,No Detections,2026-06-27,NA,NA,0,0,2
Southeastern Shrew,TE06,Mammalia,Sorex,longirostris,2026-06-28,2026-06-28T00:51:25Z,2026-06-28T00:51:25Z,0,0,2
Peromyscus or Ochrotomys Species,TE06,Mammalia,Peromyscus,NA,2026-06-28,2026-06-28T03:02:24Z,2026-06-28T03:02:29Z,0,0,2
No Detections,TE06,No Detections,No Detections,No Detections,2026-06-29,NA,NA,0,0,2
No Detections,TE06,No Detections,No Detections,No Detections,2026-06-30,NA,NA,0,0,2
No Detections,TE06,No Detections,No Detections,No Detections,2026-07-01,NA,NA,0,0,2
Northern Cottonmouth,TE06,Reptilia,Agkistrodon,piscivorus,2026-07-02,2026-07-02T09:21:02Z,2026-07-02T09:21:12Z,0,0,2
No Detections,TE06,No Detections,No Detections,No Detections,2026-07-03,NA,NA,0,0,2
No Detections,TE06,No Detections,No Detections,No Detections,2026-07-04,NA,NA,0,0,2
Peromyscus or Ochrotomys Species,TE06,Mammalia,Peromyscus,NA,2026-07-05,2026-07-05T00:47:59Z,2026-07-05T00:47:59Z,0,0,2
Virginia Opossum,TE06,Mammalia,Didelphis,virginiana,2026-07-06,2026-07-06T02:08:08Z,2026-07-06T02:08:44Z,0,0,2
Southeastern Shrew,TE06,Mammalia,Sorex,longirostris,2026-07-07,2026-07-07T18:02:42Z,2026-07-07T18:02:46Z,0,0,2
Southeastern Shrew,TE06,Mammalia,Sorex,longirostris,2026-07-08,2026-07-08T00:16:56Z,2026-07-08T00:17:02Z,0,0,2
No Detections,TE06,No Detections,No Detections,No Detections,2026-07-09,NA,NA,0,0,1
Plestiodon Species,TE06,Reptilia,Plestiodon,NA,2026-07-10,2026-07-10T07:46:25Z,2026-07-10T07:46:25Z,0,0,1
No Detections,TE06,No Detections,No Detections,No Detections,2026-07-11,NA,NA,0,0,1
No Detections,TE06,No Detections,No Detections,No Detections,2026-07-12,NA,NA,0,0,1
No Detections,TE06,No Detections,No Detections,No Detections,2026-07-13,NA,NA,0,0,1
Plestiodon Species,TE06,Reptilia,Plestiodon,NA,2026-07-14,2026-07-14T08:43:24Z,2026-07-14T08:43:34Z,0,0,1
No Detections,TE06,No Detections,No Detections,No Detections,2026-07-15,NA,NA,0,0,1
No Detections,TE06,No Detections,No Detections,No Detections,2026-07-16,NA,NA,0,0,1
No Detections,TE06,No Detections,No Detections,No Detections,2026-07-17,NA,NA,0,0,1
No Detections,TE06,No Detections,No Detections,No Detections,2026-07-18,NA,NA,0,0,1
No Detections,TE06,No Detections,No Detections,No Detections,2026-07-19,NA,NA,0,0,1
No Detections,TE06,No Detections,No Detections,No Detections,2026-07-20,NA,NA,0,0,1
No Detections,TE06,No Detections,No Detections,No Detections,2026-07-21,NA,NA,0,0,1
Hispid Cotton Rat,TE06,Mammalia,Sigmodon,hispidus,2026-07-22,2026-07-22T22:14:23Z,2026-07-22T22:14:24Z,0,0,1
No Detections,TE06,No Detections,No Detections,No Detections,2026-07-23,NA,NA,0,0,1
No Detections,TE06,No Detections,No Detections,No Detections,2026-07-24,NA,NA,0,0,1
No Detections,TE06,No Detections,No Detections,No Detections,2026-07-25,NA,NA,0,0,1
No Detections,TE06,No Detections,No Detections,No Detections,2026-07-26,NA,NA,0,0,1
No Detections,TE06,No Detections,No Detections,No Detections,2026-07-27,NA,NA,0,0,1
No Detections,TE06,No Detections,No Detections,No Detections,2026-07-28,NA,NA,0,0,1
No Detections,TE06,No Detections,No Detections,No Detections,2026-07-29,NA,NA,0,0,1
Timber Rattlesnake,TE06,Reptilia,Crotalus,horridus,2026-07-30,2026-07-30T16:09:42Z,2026-07-30T16:11:45Z,0,0,1
No Detections,TE07,No Detections,No Detections,No Detections,2026-04-01,NA,NA,0,0,1
No Detections,TE07,No Detections,No Detections,No Detections,2026-04-02,NA,NA,0,0,1
No Detections,TE07,No Detections,No Detections,No Detections,2026-04-03,NA,NA,0,0,1
No Detections,TE07,No Detections,No Detections,No Detections,2026-04-04,NA,NA,0,0,1
No Detections,TE07,No Detections,No Detections,No Detections,2026-04-05,NA,NA,0,0,1
No Detections,TE07,No Detections,No Detections,No Detections,2026-04-06,NA,NA,0,0,1
No Detections,TE07,No Detections,No Detections,No Detections,2026-04-07,NA,NA,0,0,1
Peromyscus or Ochrotomys Species,TE07,Mammalia,Peromyscus,NA,2026-04-08,2026-04-08T21:53:03Z,2026-04-08T21:53:12Z,0,0,1
No Detections,TE07,No Detections,No Detections,No Detections,2026-04-09,NA,NA,0,0,1
Peromyscus or Ochrotomys Species,TE07,Mammalia,Peromyscus,NA,2026-04-10,2026-04-10T22:48:56Z,2026-04-10T23:14:41Z,0,0,1
No Detections,TE07,No Detections,No Detections,No Detections,2026-04-11,NA,NA,0,0,1
No Detections,TE07,No Detections,No Detections,No Detections,2026-04-12,NA,NA,0,0,1
No Detections,TE07,No Detections,No Detections,No Detections,2026-04-13,NA,NA,0,0,1
No Detections,TE07,No Detections,No Detections,No Detections,2026-04-14,NA,NA,0,0,1
No Detections,TE07,No Detections,No Detections,No Detections,2026-04-15,NA,NA,0,0,1
No Detections,TE07,No Detections,No Detections,No Detections,2026-04-16,NA,NA,0,0,1
No Detections,TE07,No Detections,No Detections,No Detections,2026-04-17,NA,NA,0,0,1
No Detections,TE07,No Detections,No Detections,No Detections,2026-04-18,NA,NA,0,0,1
No Detections,TE07,No Detections,No Detections,No Detections,2026-04-19,NA,NA,0,0,1
No Detections,TE07,No Detections,No Detections,No Detections,2026-04-20,NA,NA,0,0,1
No Detections,TE07,No Detections,No Detections,No Detections,2026-04-21,NA,NA,0,0,1
No Detections,TE07,No Detections,No Detections,No Detections,2026-04-22,NA,NA,0,0,1
No Detections,TE07,No Detections,No Detections,No Detections,2026-04-23,NA,NA,0,0,1
No Detections,TE07,No Detections,No Detections,No Detections,2026-04-24,NA,NA,0,0,1
No Detections,TE07,No Detections,No Detections,No Detections,2026-04-25,NA,NA,0,0,1
No Detections,TE07,No Detections,No Detections,No Detections,2026-04-26,NA,NA,0,0,1
No Detections,TE07,No Detections,No Detections,No Detections,2026-04-27,NA,NA,0,0,1
No Detections,TE07,No Detections,No Detections,No Detections,2026-04-28,NA,NA,0,0,1
No Detections,TE07,No Detections,No Detections,No Detections,2026-04-29,NA,NA,0,0,1
No Detections,TE07,No Detections,No Detections,No Detections,2026-04-30,NA,NA,0,0,1
No Detections,TE07,No Detections,No Detections,No Detections,2026-05-01,NA,NA,0,0,1
Peromyscus or Ochrotomys Species,TE07,Mammalia,Peromyscus,NA,2026-05-07,2026-05-07T21:42:24Z,2026-05-07T21:42:24Z,0,0,1
No Detections,TE07,No Detections,No Detections,No Detections,2026-05-08,NA,NA,0,0,1
No Detections,TE07,No Detections,No Detections,No Detections,2026-05-09,NA,NA,0,0,1
No Detections,TE07,No Detections,No Detections,No Detections,2026-05-10,NA,NA,0,0,1
No Detections,TE07,No Detections,No Detections,No Detections,2026-05-11,NA,NA,0,0,1
No Detections,TE07,No Detections,No Detections,No Detections,2026-05-12,NA,NA,0,0,1
No Detections,TE07,No Detections,No Detections,No Detections,2026-05-13,NA,NA,0,0,1
No Detections,TE07,No Detections,No Detections,No Detections,2026-05-14,NA,NA,0,0,1
No Detections,TE07,No Detections,No Detections,No Detections,2026-05-15,NA,NA,0,0,1
No Detections,TE07,No Detections,No Detections,No Detections,2026-05-16,NA,NA,0,0,1
No Detections,TE07,No Detections,No Detections,No Detections,2026-05-17,NA,NA,0,0,1
No Detections,TE07,No Detections,No Detections,No Detections,2026-05-18,NA,NA,0,0,1
No Detections,TE07,No Detections,No Detections,No Detections,2026-05-19,NA,NA,0,0,1
No Detections,TE07,No Detections,No Detections,No Detections,2026-05-20,NA,NA,0,0,1
No Detections,TE07,No Detections,No Detections,No Detections,2026-05-21,NA,NA,0,0,1
Southeastern Shrew,TE07,Mammalia,Sorex,longirostris,2026-05-22,2026-05-22T06:55:37Z,2026-05-22T06:55:41Z,0,0,1
No Detections,TE07,No Detections,No Detections,No Detections,2026-05-23,NA,NA,0,0,1
No Detections,TE07,No Detections,No Detections,No Detections,2026-05-24,NA,NA,0,0,1
No Detections,TE07,No Detections,No Detections,No Detections,2026-05-25,NA,NA,0,0,1
No Detections,TE07,No Detections,No Detections,No Detections,2026-05-26,NA,NA,0,0,1
No Detections,TE07,No Detections,No Detections,No Detections,2026-05-27,NA,NA,0,0,1
No Detections,TE07,No Detections,No Detections,No Detections,2026-05-28,NA,NA,0,0,1
No Detections,TE07,No Detections,No Detections,No Detections,2026-05-29,NA,NA,0,0,1
No Detections,TE07,No Detections,No Detections,No Detections,2026-05-30,NA,NA,0,0,1
No Detections,TE07,No Detections,No Detections,No Detections,2026-05-31,NA,NA,0,0,1
No Detections,TE07,No Detections,No Detections,No Detections,2026-06-01,NA,NA,0,0,1
Southeastern Shrew,TE07,Mammalia,Sorex,longirostris,2026-06-02,2026-06-02T03:58:50Z,2026-06-02T03:59:00Z,0,0,1
No Detections,TE07,No Detections,No Detections,No Detections,2026-06-03,NA,NA,0,0,1
No Detections,TE07,No Detections,No Detections,No Detections,2026-06-04,NA,NA,0,0,1
No Detections,TE07,No Detections,No Detections,No Detections,2026-06-05,NA,NA,0,0,1
No Detections,TE07,No Detections,No Detections,No Detections,2026-06-06,NA,NA,0,0,1
No Detections,TE07,No Detections,No Detections,No Detections,2026-06-07,NA,NA,0,0,1
No Detections,TE07,No Detections,No Detections,No Detections,2026-06-08,NA,NA,0,0,1
No Detections,TE07,No Detections,No Detections,No Detections,2026-06-09,NA,NA,0,0,1
No Detections,TE07,No Detections,No Detections,No Detections,2026-06-10,NA,NA,0,0,1
No Detections,TE07,No Detections,No Detections,No Detections,2026-06-11,NA,NA,0,0,1
No Detections,TE07,No Detections,No Detections,No Detections,2026-06-12,NA,NA,0,0,1
Southeastern Shrew,TE07,Mammalia,Sorex,longirostris,2026-06-13,2026-06-13T06:05:26Z,2026-06-13T06:05:26Z,0,0,1
Southeastern Shrew,TE07,Mammalia,Sorex,longirostris,2026-06-13,2026-06-13T23:18:13Z,2026-06-13T23:18:13Z,0,0,1
No Detections,TE07,No Detections,No Detections,No Detections,2026-06-14,NA,NA,0,0,1
No Detections,TE07,No Detections,No Detections,No Detections,2026-06-15,NA,NA,0,0,1
No Detections,TE07,No Detections,No Detections,No Detections,2026-06-16,NA,NA,0,0,1
No Detections,TE07,No Detections,No Detections,No Detections,2026-06-17,NA,NA,0,0,2
Hispid Cotton Rat,TE07,Mammalia,Sigmodon,hispidus,2026-06-18,2026-06-18T23:17:15Z,2026-06-18T23:31:40Z,0,0,2
No Detections,TE07,No Detections,No Detections,No Detections,2026-06-19,NA,NA,0,0,2
No Detections,TE07,No Detections,No Detections,No Detections,2026-06-20,NA,NA,0,0,2
No Detections,TE07,No Detections,No Detections,No Detections,2026-06-21,NA,NA,0,0,2
No Detections,TE07,No Detections,No Detections,No Detections,2026-06-22,NA,NA,0,0,2
Southeastern Shrew,TE07,Mammalia,Sorex,longirostris,2026-06-23,2026-06-23T11:43:04Z,2026-06-23T11:43:04Z,0,0,2
No Detections,TE07,No Detections,No Detections,No Detections,2026-06-24,NA,NA,0,0,2
No Detections,TE07,No Detections,No Detections,No Detections,2026-06-25,NA,NA,0,0,2
No Detections,TE07,No Detections,No Detections,No Detections,2026-06-26,NA,NA,0,0,2
No Detections,TE07,No Detections,No Detections,No Detections,2026-06-27,NA,NA,0,0,2
No Detections,TE07,No Detections,No Detections,No Detections,2026-06-28,NA,NA,0,0,2
No Detections,TE07,No Detections,No Detections,No Detections,2026-06-29,NA,NA,0,0,1
No Detections,TE07,No Detections,No Detections,No Detections,2026-06-30,NA,NA,0,0,1
No Detections,TE07,No Detections,No Detections,No Detections,2026-07-01,NA,NA,0,0,1
No Detections,TE07,No Detections,No Detections,No Detections,2026-07-02,NA,NA,0,0,1
No Detections,TE07,No Detections,No Detections,No Detections,2026-07-03,NA,NA,0,0,1
No Detections,TE07,No Detections,No Detections,No Detections,2026-07-04,NA,NA,0,0,1
No Detections,TE07,No Detections,No Detections,No Detections,2026-07-05,NA,NA,0,0,1
No Detections,TE07,No Detections,No Detections,No Detections,2026-07-06,NA,NA,0,0,1
No Detections,TE07,No Detections,No Detections,No Detections,2026-07-07,NA,NA,0,0,1
No Detections,TE07,No Detections,No Detections,No Detections,2026-07-08,NA,NA,0,0,1
No Detections,TE07,No Detections,No Detections,No Detections,2026-07-09,NA,NA,0,0,1
No Detections,TE07,No Detections,No Detections,No Detections,2026-07-10,NA,NA,0,0,1
No Detections,TE07,No Detections,No Detections,No Detections,2026-07-11,NA,NA,0,0,1
No Detections,TE07,No Detections,No Detections,No Detections,2026-07-12,NA,NA,0,0,1
No Detections,TE07,No Detections,No Detections,No Detections,2026-07-13,NA,NA,0,0,1
No Detections,TE07,No Detections,No Detections,No Detections,2026-07-14,NA,NA,0,0,1
No Detections,TE07,No Detections,No Detections,No Detections,2026-07-15,NA,NA,0,0,1
Virginia Opossum,TE07,Mammalia,Didelphis,virginiana,2026-07-16,2026-07-16T03:42:40Z,2026-07-16T03:42:40Z,0,0,1
No Detections,TE07,No Detections,No Detections,No Detections,2026-07-17,NA,NA,0,0,1
No Detections,TE07,No Detections,No Detections,No Detections,2026-07-18,NA,NA,0,0,1
No Detections,TE07,No Detections,No Detections,No Detections,2026-07-19,NA,NA,0,0,1
No Detections,TE07,No Detections,No Detections,No Detections,2026-07-20,NA,NA,0,0,1
No Detections,TE07,No Detections,No Detections,No Detections,2026-07-21,NA,NA,0,0,1
House Mouse,TE07,Mammalia,Mus,musculus,2026-07-22,2026-07-22T22:52:38Z,2026-07-22T22:52:39Z,0,0,1
No Detections,TE07,No Detections,No Detections,No Detections,2026-07-23,NA,NA,0,0,1
No Detections,TE07,No Detections,No Detections,No Detections,2026-07-24,NA,NA,0,0,1
No Detections,TE07,No Detections,No Detections,No Detections,2026-07-25,NA,NA,0,0,1
No Detections,TE07,No Detections,No Detections,No Detections,2026-07-26,NA,NA,0,0,1
No Detections,TE07,No Detections,No Detections,No Detections,2026-07-27,NA,NA,0,0,1
No Detections,TE07,No Detections,No Detections,No Detections,2026-07-28,NA,NA,0,0,1
No Detections,TE07,No Detections,No Detections,No Detections,2026-07-29,NA,NA,0,0,1
No Detections,TE07,No Detections,No Detections,No Detections,2026-07-30,NA,NA,0,0,1
No Detections,TE08,No Detections,No Detections,No Detections,2026-04-02,NA,NA,0,0,1
No Detections,TE08,No Detections,No Detections,No Detections,2026-04-03,NA,NA,0,0,1
No Detections,TE08,No Detections,No Detections,No Detections,2026-04-04,NA,NA,0,0,1
No Detections,TE08,No Detections,No Detections,No Detections,2026-04-05,NA,NA,0,0,1
No Detections,TE08,No Detections,No Detections,No Detections,2026-04-06,NA,NA,0,0,1
No Detections,TE08,No Detections,No Detections,No Detections,2026-04-07,NA,NA,0,0,1
No Detections,TE08,No Detections,No Detections,No Detections,2026-04-08,NA,NA,0,0,1
House Mouse,TE08,Mammalia,Mus,musculus,2026-04-09,2026-04-09T00:20:41Z,2026-04-09T00:20:41Z,0,0,1
No Detections,TE08,No Detections,No Detections,No Detections,2026-04-10,NA,NA,0,0,1
No Detections,TE08,No Detections,No Detections,No Detections,2026-04-11,NA,NA,0,0,1
No Detections,TE08,No Detections,No Detections,No Detections,2026-04-12,NA,NA,0,0,1
No Detections,TE08,No Detections,No Detections,No Detections,2026-04-13,NA,NA,0,0,1
No Detections,TE08,No Detections,No Detections,No Detections,2026-04-14,NA,NA,0,0,1
No Detections,TE08,No Detections,No Detections,No Detections,2026-04-15,NA,NA,0,0,1
No Detections,TE08,No Detections,No Detections,No Detections,2026-04-16,NA,NA,0,0,1
No Detections,TE08,No Detections,No Detections,No Detections,2026-04-17,NA,NA,0,0,1
No Detections,TE08,No Detections,No Detections,No Detections,2026-04-18,NA,NA,0,0,1
No Detections,TE08,No Detections,No Detections,No Detections,2026-04-19,NA,NA,0,0,1
No Detections,TE08,No Detections,No Detections,No Detections,2026-04-20,NA,NA,0,0,1
No Detections,TE08,No Detections,No Detections,No Detections,2026-04-21,NA,NA,0,0,1
No Detections,TE08,No Detections,No Detections,No Detections,2026-04-22,NA,NA,0,0,1
No Detections,TE08,No Detections,No Detections,No Detections,2026-04-23,NA,NA,0,0,1
No Detections,TE08,No Detections,No Detections,No Detections,2026-04-24,NA,NA,0,0,1
No Detections,TE08,No Detections,No Detections,No Detections,2026-04-25,NA,NA,0,0,1
No Detections,TE08,No Detections,No Detections,No Detections,2026-04-26,NA,NA,0,0,1
No Detections,TE08,No Detections,No Detections,No Detections,2026-04-27,NA,NA,0,0,1
No Detections,TE08,No Detections,No Detections,No Detections,2026-04-28,NA,NA,0,0,1
Peromyscus or Ochrotomys Species,TE08,Mammalia,Peromyscus,NA,2026-04-29,2026-04-29T05:41:30Z,2026-04-29T05:41:30Z,0,0,1
No Detections,TE08,No Detections,No Detections,No Detections,2026-04-30,NA,NA,0,0,1
Southeastern Shrew,TE08,Mammalia,Sorex,longirostris,2026-05-01,2026-05-01T21:06:25Z,2026-05-01T21:06:25Z,0,0,1
No Detections,TE08,No Detections,No Detections,No Detections,2026-05-02,NA,NA,0,0,1
No Detections,TE08,No Detections,No Detections,No Detections,2026-05-03,NA,NA,0,0,1
No Detections,TE08,No Detections,No Detections,No Detections,2026-05-04,NA,NA,0,0,1
No Detections,TE08,No Detections,No Detections,No Detections,2026-05-05,NA,NA,0,0,1
No Detections,TE08,No Detections,No Detections,No Detections,2026-05-06,NA,NA,0,0,1
House Mouse,TE08,Mammalia,Mus,musculus,2026-05-07,2026-05-07T05:44:07Z,2026-05-07T05:44:07Z,0,0,1
No Detections,TE08,No Detections,No Detections,No Detections,2026-05-08,NA,NA,0,0,1
North American Least Shrew,TE08,Mammalia,Cryptotis,parvus,2026-05-09,2026-05-09T23:42:02Z,2026-05-09T23:42:02Z,0,0,1
No Detections,TE08,No Detections,No Detections,No Detections,2026-05-10,NA,NA,0,0,1
No Detections,TE08,No Detections,No Detections,No Detections,2026-05-11,NA,NA,0,0,1
No Detections,TE08,No Detections,No Detections,No Detections,2026-05-12,NA,NA,0,0,1
Southeastern Shrew,TE08,Mammalia,Sorex,longirostris,2026-05-13,2026-05-13T23:36:21Z,2026-05-13T23:36:23Z,0,0,1
No Detections,TE08,No Detections,No Detections,No Detections,2026-05-14,NA,NA,0,0,1
Plestiodon Species,TE08,Reptilia,Plestiodon,NA,2026-05-15,2026-05-15T13:27:08Z,2026-05-15T13:27:08Z,0,0,1
No Detections,TE08,No Detections,No Detections,No Detections,2026-05-16,NA,NA,0,0,1
Southeastern Shrew,TE08,Mammalia,Sorex,longirostris,2026-05-17,2026-05-17T01:14:26Z,2026-05-17T01:14:26Z,0,0,1
Southeastern Shrew,TE08,Mammalia,Sorex,longirostris,2026-05-17,2026-05-17T04:48:10Z,2026-05-17T04:48:10Z,0,0,1
No Detections,TE08,No Detections,No Detections,No Detections,2026-05-18,NA,NA,0,0,1
Eastern Harvest Mouse,TE08,Mammalia,Reithrodontomys,humulis,2026-05-19,2026-05-19T23:22:32Z,2026-05-19T23:22:32Z,0,0,1
No Detections,TE08,No Detections,No Detections,No Detections,2026-05-20,NA,NA,0,0,1
Southeastern Shrew,TE08,Mammalia,Sorex,longirostris,2026-05-21,2026-05-21T23:44:31Z,2026-05-21T23:44:31Z,0,0,1
Southeastern Shrew,TE08,Mammalia,Sorex,longirostris,2026-05-22,2026-05-22T02:07:16Z,2026-05-22T02:07:16Z,0,0,1
No Detections,TE08,No Detections,No Detections,No Detections,2026-05-23,NA,NA,0,0,1
No Detections,TE08,No Detections,No Detections,No Detections,2026-05-24,NA,NA,0,0,1
House Mouse,TE08,Mammalia,Mus,musculus,2026-05-25,2026-05-25T03:16:43Z,2026-05-25T03:16:43Z,0,0,1
No Detections,TE08,No Detections,No Detections,No Detections,2026-05-26,NA,NA,0,0,1
Peromyscus or Ochrotomys Species,TE08,Mammalia,Peromyscus,NA,2026-05-27,2026-05-27T05:09:28Z,2026-05-27T05:09:28Z,0,0,1
No Detections,TE08,No Detections,No Detections,No Detections,2026-05-28,NA,NA,0,0,1
Peromyscus or Ochrotomys Species,TE08,Mammalia,Peromyscus,NA,2026-05-29,2026-05-29T02:56:28Z,2026-05-29T02:56:28Z,0,0,1
No Detections,TE08,No Detections,No Detections,No Detections,2026-05-30,NA,NA,0,0,1
No Detections,TE08,No Detections,No Detections,No Detections,2026-05-31,NA,NA,0,0,1
No Detections,TE08,No Detections,No Detections,No Detections,2026-06-01,NA,NA,0,0,1
No Detections,TE08,No Detections,No Detections,No Detections,2026-06-02,NA,NA,0,0,2
No Detections,TE08,No Detections,No Detections,No Detections,2026-06-03,NA,NA,0,0,2
No Detections,TE08,No Detections,No Detections,No Detections,2026-06-04,NA,NA,0,0,2
No Detections,TE08,No Detections,No Detections,No Detections,2026-06-05,NA,NA,0,0,2
No Detections,TE08,No Detections,No Detections,No Detections,2026-06-06,NA,NA,0,0,2
No Detections,TE08,No Detections,No Detections,No Detections,2026-06-07,NA,NA,0,0,2
No Detections,TE08,No Detections,No Detections,No Detections,2026-06-08,NA,NA,0,0,2
No Detections,TE08,No Detections,No Detections,No Detections,2026-06-09,NA,NA,0,0,2
No Detections,TE08,No Detections,No Detections,No Detections,2026-06-10,NA,NA,0,0,2
No Detections,TE08,No Detections,No Detections,No Detections,2026-06-11,NA,NA,0,0,2
Southern Short-tailed Shrew,TE08,Mammalia,Blarina,carolinensis,2026-06-12,2026-06-12T01:06:17Z,2026-06-12T01:06:18Z,0,0,2
No Detections,TE08,No Detections,No Detections,No Detections,2026-06-13,NA,NA,0,0,2
Southeastern Shrew,TE08,Mammalia,Sorex,longirostris,2026-06-14,2026-06-14T22:10:04Z,2026-06-14T22:10:04Z,0,0,2
Hispid Cotton Rat,TE08,Mammalia,Sigmodon,hispidus,2026-06-14,2026-06-14T23:23:27Z,2026-06-14T23:23:27Z,0,0,2
No Detections,TE08,No Detections,No Detections,No Detections,2026-06-15,NA,NA,0,0,2
No Detections,TE08,No Detections,No Detections,No Detections,2026-06-16,NA,NA,0,0,2
No Detections,TE08,No Detections,No Detections,No Detections,2026-06-17,NA,NA,0,0,2
No Detections,TE08,No Detections,No Detections,No Detections,2026-06-18,NA,NA,0,0,2
No Detections,TE08,No Detections,No Detections,No Detections,2026-06-19,NA,NA,0,0,2
No Detections,TE08,No Detections,No Detections,No Detections,2026-06-20,NA,NA,0,0,2
No Detections,TE08,No Detections,No Detections,No Detections,2026-06-21,NA,NA,0,0,2
No Detections,TE08,No Detections,No Detections,No Detections,2026-06-22,NA,NA,0,0,2
No Detections,TE08,No Detections,No Detections,No Detections,2026-06-23,NA,NA,0,0,2
No Detections,TE08,No Detections,No Detections,No Detections,2026-06-24,NA,NA,0,0,2
No Detections,TE08,No Detections,No Detections,No Detections,2026-06-25,NA,NA,0,0,2
No Detections,TE08,No Detections,No Detections,No Detections,2026-06-26,NA,NA,0,0,2
No Detections,TE08,No Detections,No Detections,No Detections,2026-06-27,NA,NA,0,0,2
No Detections,TE08,No Detections,No Detections,No Detections,2026-06-28,NA,NA,0,0,2
No Detections,TE08,No Detections,No Detections,No Detections,2026-06-29,NA,NA,0,0,2
No Detections,TE08,No Detections,No Detections,No Detections,2026-06-30,NA,NA,0,0,2
No Detections,TE08,No Detections,No Detections,No Detections,2026-07-01,NA,NA,0,0,2
No Detections,TE08,No Detections,No Detections,No Detections,2026-07-02,NA,NA,0,0,2
No Detections,TE08,No Detections,No Detections,No Detections,2026-07-03,NA,NA,0,0,2
No Detections,TE08,No Detections,No Detections,No Detections,2026-07-04,NA,NA,0,0,2
No Detections,TE08,No Detections,No Detections,No Detections,2026-07-05,NA,NA,0,0,2
No Detections,TE08,No Detections,No Detections,No Detections,2026-07-06,NA,NA,0,0,2
No Detections,TE08,No Detections,No Detections,No Detections,2026-07-07,NA,NA,0,0,1
No Detections,TE08,No Detections,No Detections,No Detections,2026-07-08,NA,NA,0,0,1
No Detections,TE08,No Detections,No Detections,No Detections,2026-07-09,NA,NA,0,0,1
No Detections,TE08,No Detections,No Detections,No Detections,2026-07-10,NA,NA,0,0,1
No Detections,TE08,No Detections,No Detections,No Detections,2026-07-11,NA,NA,0,0,1
No Detections,TE08,No Detections,No Detections,No Detections,2026-07-12,NA,NA,0,0,1
No Detections,TE08,No Detections,No Detections,No Detections,2026-07-13,NA,NA,0,0,1
No Detections,TE08,No Detections,No Detections,No Detections,2026-07-14,NA,NA,0,0,1
No Detections,TE08,No Detections,No Detections,No Detections,2026-07-15,NA,NA,0,0,1
No Detections,TE08,No Detections,No Detections,No Detections,2026-07-16,NA,NA,0,0,1
No Detections,TE08,No Detections,No Detections,No Detections,2026-07-17,NA,NA,0,0,1
No Detections,TE08,No Detections,No Detections,No Detections,2026-07-18,NA,NA,0,0,1
No Detections,TE08,No Detections,No Detections,No Detections,2026-07-19,NA,NA,0,0,1
No Detections,TE08,No Detections,No Detections,No Detections,2026-07-20,NA,NA,0,0,1
No Detections,TE08,No Detections,No Detections,No Detections,2026-07-21,NA,NA,0,0,1
No Detections,TE08,No Detections,No Detections,No Detections,2026-07-22,NA,NA,0,0,1
No Detections,TE08,No Detections,No Detections,No Detections,2026-07-23,NA,NA,0,0,1
No Detections,TE08,No Detections,No Detections,No Detections,2026-07-24,NA,NA,0,0,1
No Detections,TE08,No Detections,No Detections,No Detections,2026-07-25,NA,NA,0,0,1
House Mouse,TE08,Mammalia,Mus,musculus,2026-07-26,2026-07-26T20:00:06Z,2026-07-26T20:00:06Z,0,0,1
No Detections,TE08,No Detections,No Detections,No Detections,2026-07-27,NA,NA,0,0,1
No Detections,TE08,No Detections,No Detections,No Detections,2026-07-28,NA,NA,0,0,1
No Detections,TE08,No Detections,No Detections,No Detections,2026-07-29,NA,NA,0,0,1
No Detections,TE08,No Detections,No Detections,No Detections,2026-07-30,NA,NA,0,0,1
No Detections,TE09,No Detections,No Detections,No Detections,2026-04-08,NA,NA,0,0,1
Eastern Racer,TE09,Reptilia,Coluber,constrictor,2026-04-09,2026-04-09T10:41:48Z,2026-04-09T10:41:55Z,0,0,1
Eastern Racer,TE09,Reptilia,Coluber,constrictor,2026-04-09,2026-04-09T12:51:38Z,2026-04-09T12:51:45Z,0,0,1
Eastern Racer,TE09,Reptilia,Coluber,constrictor,2026-04-10,2026-04-10T10:16:10Z,2026-04-10T10:35:21Z,0,0,1
No Detections,TE09,No Detections,No Detections,No Detections,2026-04-11,NA,NA,0,0,1
No Detections,TE09,No Detections,No Detections,No Detections,2026-04-12,NA,NA,0,0,1
No Detections,TE09,No Detections,No Detections,No Detections,2026-04-13,NA,NA,0,0,1
No Detections,TE09,No Detections,No Detections,No Detections,2026-04-14,NA,NA,0,0,1
No Detections,TE09,No Detections,No Detections,No Detections,2026-04-15,NA,NA,0,0,1
No Detections,TE09,No Detections,No Detections,No Detections,2026-04-16,NA,NA,0,0,1
No Detections,TE09,No Detections,No Detections,No Detections,2026-04-17,NA,NA,0,0,1
No Detections,TE09,No Detections,No Detections,No Detections,2026-04-18,NA,NA,0,0,1
No Detections,TE09,No Detections,No Detections,No Detections,2026-04-19,NA,NA,0,0,1
No Detections,TE09,No Detections,No Detections,No Detections,2026-04-20,NA,NA,0,0,1
No Detections,TE09,No Detections,No Detections,No Detections,2026-04-21,NA,NA,0,0,1
No Detections,TE09,No Detections,No Detections,No Detections,2026-04-22,NA,NA,0,0,1
No Detections,TE09,No Detections,No Detections,No Detections,2026-04-23,NA,NA,0,0,1
No Detections,TE09,No Detections,No Detections,No Detections,2026-04-24,NA,NA,0,0,1
No Detections,TE09,No Detections,No Detections,No Detections,2026-04-25,NA,NA,0,0,1
No Detections,TE09,No Detections,No Detections,No Detections,2026-04-26,NA,NA,0,0,1
No Detections,TE09,No Detections,No Detections,No Detections,2026-04-27,NA,NA,0,0,1
No Detections,TE09,No Detections,No Detections,No Detections,2026-04-28,NA,NA,0,0,1
No Detections,TE09,No Detections,No Detections,No Detections,2026-04-29,NA,NA,0,0,1
No Detections,TE09,No Detections,No Detections,No Detections,2026-04-30,NA,NA,0,0,1
Southeastern Shrew,TE09,Mammalia,Sorex,longirostris,2026-05-01,2026-05-01T05:20:43Z,2026-05-01T05:20:57Z,0,0,1
Southeastern Shrew,TE09,Mammalia,Sorex,longirostris,2026-05-02,2026-05-02T22:13:35Z,2026-05-02T22:13:35Z,0,0,1
No Detections,TE09,No Detections,No Detections,No Detections,2026-05-03,NA,NA,0,0,1
No Detections,TE09,No Detections,No Detections,No Detections,2026-05-04,NA,NA,0,0,1
No Detections,TE09,No Detections,No Detections,No Detections,2026-05-05,NA,NA,0,0,1
No Detections,TE09,No Detections,No Detections,No Detections,2026-05-06,NA,NA,0,0,1
No Detections,TE09,No Detections,No Detections,No Detections,2026-05-07,NA,NA,0,0,1
No Detections,TE09,No Detections,No Detections,No Detections,2026-05-08,NA,NA,0,0,1
No Detections,TE09,No Detections,No Detections,No Detections,2026-05-09,NA,NA,0,0,1
No Detections,TE09,No Detections,No Detections,No Detections,2026-05-10,NA,NA,0,0,1
No Detections,TE09,No Detections,No Detections,No Detections,2026-05-11,NA,NA,0,0,1
No Detections,TE09,No Detections,No Detections,No Detections,2026-05-12,NA,NA,0,0,1
No Detections,TE09,No Detections,No Detections,No Detections,2026-05-13,NA,NA,0,0,1
No Detections,TE09,No Detections,No Detections,No Detections,2026-05-14,NA,NA,0,0,1
No Detections,TE09,No Detections,No Detections,No Detections,2026-05-15,NA,NA,0,0,1
Southern Short-tailed Shrew,TE09,Mammalia,Blarina,carolinensis,2026-05-16,2026-05-16T22:16:09Z,2026-05-16T22:16:16Z,0,0,1
No Detections,TE09,No Detections,No Detections,No Detections,2026-05-17,NA,NA,0,0,1
No Detections,TE09,No Detections,No Detections,No Detections,2026-05-18,NA,NA,0,0,1
Eastern Rat Snake,TE09,Reptilia,Pantherophis,alleghaniensis,2026-05-19,2026-05-19T15:20:26Z,2026-05-19T15:20:26Z,0,0,2
No Detections,TE09,No Detections,No Detections,No Detections,2026-05-20,NA,NA,0,0,1
No Detections,TE09,No Detections,No Detections,No Detections,2026-05-21,NA,NA,0,0,1
No Detections,TE09,No Detections,No Detections,No Detections,2026-05-22,NA,NA,0,0,1
No Detections,TE09,No Detections,No Detections,No Detections,2026-05-23,NA,NA,0,0,1
No Detections,TE09,No Detections,No Detections,No Detections,2026-05-24,NA,NA,0,0,1
No Detections,TE09,No Detections,No Detections,No Detections,2026-05-25,NA,NA,0,0,1
No Detections,TE09,No Detections,No Detections,No Detections,2026-05-26,NA,NA,0,0,1
Southeastern Shrew,TE09,Mammalia,Sorex,longirostris,2026-05-27,2026-05-27T04:42:45Z,2026-05-27T04:42:45Z,0,0,1
No Detections,TE09,No Detections,No Detections,No Detections,2026-05-28,NA,NA,0,0,1
No Detections,TE09,No Detections,No Detections,No Detections,2026-05-29,NA,NA,0,0,1
No Detections,TE09,No Detections,No Detections,No Detections,2026-05-30,NA,NA,0,0,1
No Detections,TE09,No Detections,No Detections,No Detections,2026-05-31,NA,NA,0,0,1
No Detections,TE09,No Detections,No Detections,No Detections,2026-06-01,NA,NA,0,0,1
No Detections,TE09,No Detections,No Detections,No Detections,2026-06-02,NA,NA,0,0,1
No Detections,TE09,No Detections,No Detections,No Detections,2026-06-03,NA,NA,0,0,1
No Detections,TE09,No Detections,No Detections,No Detections,2026-06-04,NA,NA,0,0,1
No Detections,TE09,No Detections,No Detections,No Detections,2026-06-05,NA,NA,0,0,1
No Detections,TE09,No Detections,No Detections,No Detections,2026-06-06,NA,NA,0,0,1
No Detections,TE09,No Detections,No Detections,No Detections,2026-06-07,NA,NA,0,0,1
No Detections,TE09,No Detections,No Detections,No Detections,2026-06-08,NA,NA,0,0,1
No Detections,TE09,No Detections,No Detections,No Detections,2026-06-09,NA,NA,0,0,1
No Detections,TE09,No Detections,No Detections,No Detections,2026-06-10,NA,NA,0,0,1
No Detections,TE09,No Detections,No Detections,No Detections,2026-06-11,NA,NA,0,0,1
No Detections,TE09,No Detections,No Detections,No Detections,2026-06-12,NA,NA,0,0,1
No Detections,TE09,No Detections,No Detections,No Detections,2026-06-13,NA,NA,0,0,1
No Detections,TE09,No Detections,No Detections,No Detections,2026-06-14,NA,NA,0,0,1
No Detections,TE09,No Detections,No Detections,No Detections,2026-06-15,NA,NA,0,0,1
No Detections,TE09,No Detections,No Detections,No Detections,2026-06-16,NA,NA,0,0,1
Peromyscus or Ochrotomys Species,TE09,Mammalia,Peromyscus,NA,2026-06-17,2026-06-17T23:32:55Z,2026-06-17T23:32:58Z,0,0,2
No Detections,TE09,No Detections,No Detections,No Detections,2026-06-18,NA,NA,0,0,2
No Detections,TE09,No Detections,No Detections,No Detections,2026-06-19,NA,NA,0,0,2
No Detections,TE09,No Detections,No Detections,No Detections,2026-06-20,NA,NA,0,0,2
No Detections,TE09,No Detections,No Detections,No Detections,2026-06-21,NA,NA,0,0,2
No Detections,TE09,No Detections,No Detections,No Detections,2026-06-22,NA,NA,0,0,2
No Detections,TE09,No Detections,No Detections,No Detections,2026-06-23,NA,NA,0,0,2
No Detections,TE09,No Detections,No Detections,No Detections,2026-06-24,NA,NA,0,0,2
No Detections,TE09,No Detections,No Detections,No Detections,2026-06-25,NA,NA,0,0,2
No Detections,TE09,No Detections,No Detections,No Detections,2026-06-26,NA,NA,0,0,2
No Detections,TE09,No Detections,No Detections,No Detections,2026-07-09,NA,NA,0,0,2
No Detections,TE09,No Detections,No Detections,No Detections,2026-07-10,NA,NA,0,0,2
No Detections,TE09,No Detections,No Detections,No Detections,2026-07-11,NA,NA,0,0,2
No Detections,TE09,No Detections,No Detections,No Detections,2026-07-12,NA,NA,0,0,2
No Detections,TE09,No Detections,No Detections,No Detections,2026-07-13,NA,NA,0,0,2
No Detections,TE09,No Detections,No Detections,No Detections,2026-07-14,NA,NA,0,0,2
No Detections,TE09,No Detections,No Detections,No Detections,2026-07-15,NA,NA,0,0,2
No Detections,TE09,No Detections,No Detections,No Detections,2026-07-16,NA,NA,0,0,2
No Detections,TE09,No Detections,No Detections,No Detections,2026-07-17,NA,NA,0,0,2
No Detections,TE09,No Detections,No Detections,No Detections,2026-07-18,NA,NA,0,0,2
No Detections,TE09,No Detections,No Detections,No Detections,2026-07-19,NA,NA,0,0,2
No Detections,TE09,No Detections,No Detections,No Detections,2026-07-20,NA,NA,0,0,2
No Detections,TE09,No Detections,No Detections,No Detections,2026-07-21,NA,NA,0,0,2
No Detections,TE09,No Detections,No Detections,No Detections,2026-07-22,NA,NA,0,0,2
Southeastern Shrew,TE09,Mammalia,Sorex,longirostris,2026-07-23,2026-07-23T22:26:38Z,2026-07-23T22:26:44Z,0,0,2
No Detections,TE09,No Detections,No Detections,No Detections,2026-07-24,NA,NA,0,0,2
Southeastern Shrew,TE09,Mammalia,Sorex,longirostris,2026-07-25,2026-07-25T04:43:17Z,2026-07-25T04:43:23Z,0,0,2
No Detections,TE09,No Detections,No Detections,No Detections,2026-07-26,NA,NA,0,0,2
House Mouse,TE09,Mammalia,Mus,musculus,2026-07-27,2026-07-27T00:17:58Z,2026-07-27T00:17:58Z,0,0,2
No Detections,TE09,No Detections,No Detections,No Detections,2026-07-28,NA,NA,0,0,2
No Detections,TE09,No Detections,No Detections,No Detections,2026-07-29,NA,NA,0,0,2
No Detections,TE09,No Detections,No Detections,No Detections,2026-07-30,NA,NA,0,0,2
No Detections,TE10,No Detections,No Detections,No Detections,2026-04-10,NA,NA,0,0,1
No Detections,TE10,No Detections,No Detections,No Detections,2026-04-11,NA,NA,0,0,1
No Detections,TE10,No Detections,No Detections,No Detections,2026-04-12,NA,NA,0,0,1
No Detections,TE10,No Detections,No Detections,No Detections,2026-04-13,NA,NA,0,0,1
No Detections,TE10,No Detections,No Detections,No Detections,2026-04-14,NA,NA,0,0,1
No Detections,TE10,No Detections,No Detections,No Detections,2026-04-15,NA,NA,0,0,1
No Detections,TE10,No Detections,No Detections,No Detections,2026-04-16,NA,NA,0,0,1
No Detections,TE10,No Detections,No Detections,No Detections,2026-04-17,NA,NA,0,0,1
Eastern Harvest Mouse,TE10,Mammalia,Reithrodontomys,humulis,2026-04-18,2026-04-18T16:19:23Z,2026-04-18T16:19:25Z,0,0,1
No Detections,TE10,No Detections,No Detections,No Detections,2026-04-19,NA,NA,0,0,1
No Detections,TE10,No Detections,No Detections,No Detections,2026-04-20,NA,NA,0,0,1
No Detections,TE10,No Detections,No Detections,No Detections,2026-04-21,NA,NA,0,0,1
No Detections,TE10,No Detections,No Detections,No Detections,2026-04-22,NA,NA,0,0,1
No Detections,TE10,No Detections,No Detections,No Detections,2026-04-23,NA,NA,0,0,1
No Detections,TE10,No Detections,No Detections,No Detections,2026-04-24,NA,NA,0,0,1
Eastern Harvest Mouse,TE10,Mammalia,Reithrodontomys,humulis,2026-04-25,2026-04-25T23:46:29Z,2026-04-25T23:46:34Z,0,0,1
No Detections,TE10,No Detections,No Detections,No Detections,2026-04-26,NA,NA,0,0,1
No Detections,TE10,No Detections,No Detections,No Detections,2026-04-27,NA,NA,0,0,1
No Detections,TE10,No Detections,No Detections,No Detections,2026-04-28,NA,NA,0,0,1
No Detections,TE10,No Detections,No Detections,No Detections,2026-04-29,NA,NA,0,0,1
House Mouse,TE10,Mammalia,Mus,musculus,2026-04-30,2026-04-30T01:32:37Z,2026-04-30T01:32:46Z,0,0,1
North American Least Shrew,TE10,Mammalia,Cryptotis,parvus,2026-05-01,2026-05-01T23:14:05Z,2026-05-01T23:14:07Z,0,0,1
No Detections,TE10,No Detections,No Detections,No Detections,2026-05-02,NA,NA,0,0,1
No Detections,TE10,No Detections,No Detections,No Detections,2026-05-13,NA,NA,0,0,2
North American Least Shrew,TE10,Mammalia,Cryptotis,parvus,2026-05-14,2026-05-14T20:10:27Z,2026-05-14T20:10:33Z,0,0,2
Peromyscus or Ochrotomys Species,TE10,Mammalia,Peromyscus,NA,2026-05-14,2026-05-14T21:49:13Z,2026-05-14T21:49:13Z,0,0,2
Southeastern Shrew,TE10,Mammalia,Sorex,longirostris,2026-05-15,2026-05-15T04:38:36Z,2026-05-15T04:38:36Z,0,0,2
No Detections,TE10,No Detections,No Detections,No Detections,2026-05-16,NA,NA,0,0,2
No Detections,TE10,No Detections,No Detections,No Detections,2026-05-17,NA,NA,0,0,2
Plestiodon Species,TE10,Reptilia,Plestiodon,NA,2026-05-18,2026-05-18T07:52:11Z,2026-05-18T07:52:14Z,0,0,2
No Detections,TE10,No Detections,No Detections,No Detections,2026-05-19,NA,NA,0,0,2
Southeastern Shrew,TE10,Mammalia,Sorex,longirostris,2026-05-20,2026-05-20T23:47:33Z,2026-05-20T23:47:35Z,0,0,2
No Detections,TE10,No Detections,No Detections,No Detections,2026-05-21,NA,NA,0,0,2
Southeastern Shrew,TE10,Mammalia,Sorex,longirostris,2026-05-22,2026-05-22T01:34:58Z,2026-05-22T01:35:00Z,0,0,2
Southern Short-tailed Shrew,TE10,Mammalia,Blarina,carolinensis,2026-05-23,2026-05-23T02:00:39Z,2026-05-23T02:00:41Z,0,0,2
No Detections,TE10,No Detections,No Detections,No Detections,2026-05-24,NA,NA,0,0,2
No Detections,TE10,No Detections,No Detections,No Detections,2026-05-25,NA,NA,0,0,2
No Detections,TE10,No Detections,No Detections,No Detections,2026-05-26,NA,NA,0,0,2
Southeastern Shrew,TE10,Mammalia,Sorex,longirostris,2026-05-27,2026-05-27T22:38:08Z,2026-05-27T22:38:08Z,0,0,2
Peromyscus or Ochrotomys Species,TE10,Mammalia,Peromyscus,NA,2026-05-28,2026-05-28T01:39:23Z,2026-05-28T01:39:24Z,0,0,2
No Detections,TE10,No Detections,No Detections,No Detections,2026-05-29,NA,NA,0,0,2
No Detections,TE10,No Detections,No Detections,No Detections,2026-05-30,NA,NA,0,0,2
No Detections,TE10,No Detections,No Detections,No Detections,2026-05-31,NA,NA,0,0,2
No Detections,TE10,No Detections,No Detections,No Detections,2026-06-01,NA,NA,0,0,2
Plestiodon Species,TE10,Reptilia,Plestiodon,NA,2026-06-02,2026-06-02T07:25:35Z,2026-06-02T07:53:42Z,0,0,2
Tree Frog Species,TE10,Amphibia,Dryophytes,squirellus,2026-06-03,2026-06-03T05:34:49Z,2026-06-03T05:34:50Z,0,0,2
No Detections,TE10,No Detections,No Detections,No Detections,2026-06-04,NA,NA,0,0,2
No Detections,TE10,No Detections,No Detections,No Detections,2026-06-05,NA,NA,0,0,2
No Detections,TE10,No Detections,No Detections,No Detections,2026-06-06,NA,NA,0,0,2
No Detections,TE10,No Detections,No Detections,No Detections,2026-06-07,NA,NA,0,0,2
No Detections,TE10,No Detections,No Detections,No Detections,2026-06-08,NA,NA,0,0,2
No Detections,TE10,No Detections,No Detections,No Detections,2026-06-09,NA,NA,0,0,2
No Detections,TE10,No Detections,No Detections,No Detections,2026-06-10,NA,NA,0,0,2
No Detections,TE10,No Detections,No Detections,No Detections,2026-06-11,NA,NA,0,0,2
Hispid Cotton Rat,TE10,Mammalia,Sigmodon,hispidus,2026-06-12,2026-06-12T06:08:29Z,2026-06-12T06:08:30Z,0,0,2
No Detections,TE10,No Detections,No Detections,No Detections,2026-06-13,NA,NA,0,0,2
No Detections,TE10,No Detections,No Detections,No Detections,2026-06-14,NA,NA,0,0,2
Eastern Racer,TE10,Reptilia,Coluber,constrictor,2026-06-15,2026-06-15T13:51:58Z,2026-06-15T13:52:27Z,0,0,2
No Detections,TE10,No Detections,No Detections,No Detections,2026-06-16,NA,NA,0,0,2
No Detections,TE10,No Detections,No Detections,No Detections,2026-06-17,NA,NA,0,0,2
No Detections,TE10,No Detections,No Detections,No Detections,2026-06-18,NA,NA,0,0,2
Southeastern Shrew,TE10,Mammalia,Sorex,longirostris,2026-06-19,2026-06-19T21:54:06Z,2026-06-19T21:54:06Z,0,0,2
Southeastern Shrew,TE10,Mammalia,Sorex,longirostris,2026-06-19,2026-06-19T23:31:17Z,2026-06-19T23:31:17Z,0,0,2
No Detections,TE10,No Detections,No Detections,No Detections,2026-06-20,NA,NA,0,0,2
No Detections,TE10,No Detections,No Detections,No Detections,2026-06-21,NA,NA,0,0,2
Southeastern Shrew,TE10,Mammalia,Sorex,longirostris,2026-06-22,2026-06-22T00:31:07Z,2026-06-22T00:31:18Z,0,0,2
House Mouse,TE10,Mammalia,Mus,musculus,2026-06-22,2026-06-22T22:03:16Z,2026-06-22T22:03:20Z,0,0,2
Plestiodon Species,TE10,Reptilia,Plestiodon,NA,2026-06-23,2026-06-23T09:22:15Z,2026-06-23T09:22:18Z,0,0,2
Hispid Cotton Rat,TE10,Mammalia,Sigmodon,hispidus,2026-06-23,2026-06-23T13:31:09Z,2026-06-23T13:31:22Z,0,0,2
No Detections,TE10,No Detections,No Detections,No Detections,2026-06-24,NA,NA,0,0,2
Southern Short-tailed Shrew,TE10,Mammalia,Blarina,carolinensis,2026-06-25,2026-06-25T00:39:17Z,2026-06-25T00:39:18Z,0,0,2
Southeastern Shrew,TE10,Mammalia,Sorex,longirostris,2026-06-26,2026-06-26T20:56:09Z,2026-06-26T20:56:09Z,0,0,2
No Detections,TE10,No Detections,No Detections,No Detections,2026-06-27,NA,NA,0,0,2
No Detections,TE10,No Detections,No Detections,No Detections,2026-06-28,NA,NA,0,0,2
Southeastern Shrew,TE10,Mammalia,Sorex,longirostris,2026-06-29,2026-06-29T03:50:31Z,2026-06-29T03:50:33Z,0,0,2
No Detections,TE10,No Detections,No Detections,No Detections,2026-06-30,NA,NA,0,0,2
No Detections,TE10,No Detections,No Detections,No Detections,2026-07-01,NA,NA,0,0,2
No Detections,TE10,No Detections,No Detections,No Detections,2026-07-02,NA,NA,0,0,2
No Detections,TE10,No Detections,No Detections,No Detections,2026-07-03,NA,NA,0,0,2
No Detections,TE10,No Detections,No Detections,No Detections,2026-07-04,NA,NA,0,0,2
Southeastern Shrew,TE10,Mammalia,Sorex,longirostris,2026-07-05,2026-07-05T21:05:27Z,2026-07-05T21:30:01Z,0,0,2
No Detections,TE10,No Detections,No Detections,No Detections,2026-07-06,NA,NA,0,0,2
No Detections,TE10,No Detections,No Detections,No Detections,2026-07-07,NA,NA,0,0,2
No Detections,TE10,No Detections,No Detections,No Detections,2026-07-08,NA,NA,0,0,2
North American Least Shrew,TE10,Mammalia,Cryptotis,parvus,2026-07-09,2026-07-09T22:06:02Z,2026-07-09T22:06:15Z,0,0,2
No Detections,TE10,No Detections,No Detections,No Detections,2026-07-10,NA,NA,0,0,2
No Detections,TE10,No Detections,No Detections,No Detections,2026-07-11,NA,NA,0,0,2
No Detections,TE10,No Detections,No Detections,No Detections,2026-07-12,NA,NA,0,0,2
No Detections,TE10,No Detections,No Detections,No Detections,2026-07-13,NA,NA,0,0,2
No Detections,TE10,No Detections,No Detections,No Detections,2026-07-14,NA,NA,0,0,2
No Detections,TE10,No Detections,No Detections,No Detections,2026-07-15,NA,NA,0,0,2
No Detections,TE10,No Detections,No Detections,No Detections,2026-07-16,NA,NA,0,0,2
No Detections,TE10,No Detections,No Detections,No Detections,2026-07-17,NA,NA,0,0,2
Southeastern Shrew,TE10,Mammalia,Sorex,longirostris,2026-07-18,2026-07-18T05:03:34Z,2026-07-18T05:03:34Z,0,0,2
Eastern Racer,TE10,Reptilia,Coluber,constrictor,2026-07-18,2026-07-18T12:01:10Z,2026-07-18T12:01:18Z,0,0,2
No Detections,TE10,No Detections,No Detections,No Detections,2026-07-19,NA,NA,0,0,2
Southeastern Shrew,TE10,Mammalia,Sorex,longirostris,2026-07-20,2026-07-20T22:06:26Z,2026-07-20T22:06:38Z,0,0,2
No Detections,TE10,No Detections,No Detections,No Detections,2026-07-21,NA,NA,0,0,2
No Detections,TE10,No Detections,No Detections,No Detections,2026-07-22,NA,NA,0,0,2
No Detections,TE10,No Detections,No Detections,No Detections,2026-07-23,NA,NA,0,0,2
No Detections,TE10,No Detections,No Detections,No Detections,2026-07-24,NA,NA,0,0,2
No Detections,TE10,No Detections,No Detections,No Detections,2026-07-25,NA,NA,0,0,2
No Detections,TE10,No Detections,No Detections,No Detections,2026-07-26,NA,NA,0,0,2
No Detections,TE10,No Detections,No Detections,No Detections,2026-07-27,NA,NA,0,0,2
No Detections,TE11,No Detections,No Detections,No Detections,2026-04-01,NA,NA,0,0,1
No Detections,TE11,No Detections,No Detections,No Detections,2026-04-02,NA,NA,0,0,1
No Detections,TE11,No Detections,No Detections,No Detections,2026-04-03,NA,NA,0,0,1
No Detections,TE11,No Detections,No Detections,No Detections,2026-04-04,NA,NA,0,0,1
No Detections,TE11,No Detections,No Detections,No Detections,2026-04-05,NA,NA,0,0,1
No Detections,TE11,No Detections,No Detections,No Detections,2026-04-06,NA,NA,0,0,1
No Detections,TE11,No Detections,No Detections,No Detections,2026-04-07,NA,NA,0,0,1
No Detections,TE11,No Detections,No Detections,No Detections,2026-04-08,NA,NA,0,0,1
House Mouse,TE11,Mammalia,Mus,musculus,2026-04-09,2026-04-09T00:20:41Z,2026-04-09T00:20:41Z,0,0,1
No Detections,TE11,No Detections,No Detections,No Detections,2026-04-10,NA,NA,0,0,1
No Detections,TE11,No Detections,No Detections,No Detections,2026-04-11,NA,NA,0,0,1
No Detections,TE11,No Detections,No Detections,No Detections,2026-04-12,NA,NA,0,0,1
No Detections,TE11,No Detections,No Detections,No Detections,2026-04-13,NA,NA,0,0,1
No Detections,TE11,No Detections,No Detections,No Detections,2026-04-14,NA,NA,0,0,1
No Detections,TE11,No Detections,No Detections,No Detections,2026-04-15,NA,NA,0,0,1
No Detections,TE11,No Detections,No Detections,No Detections,2026-04-16,NA,NA,0,0,1
No Detections,TE11,No Detections,No Detections,No Detections,2026-04-17,NA,NA,0,0,1
No Detections,TE11,No Detections,No Detections,No Detections,2026-04-18,NA,NA,0,0,1
No Detections,TE11,No Detections,No Detections,No Detections,2026-04-19,NA,NA,0,0,1
No Detections,TE11,No Detections,No Detections,No Detections,2026-04-20,NA,NA,0,0,1
No Detections,TE11,No Detections,No Detections,No Detections,2026-04-21,NA,NA,0,0,1
No Detections,TE11,No Detections,No Detections,No Detections,2026-04-22,NA,NA,0,0,1
No Detections,TE11,No Detections,No Detections,No Detections,2026-04-23,NA,NA,0,0,1
No Detections,TE11,No Detections,No Detections,No Detections,2026-04-24,NA,NA,0,0,1
No Detections,TE11,No Detections,No Detections,No Detections,2026-04-25,NA,NA,0,0,1
No Detections,TE11,No Detections,No Detections,No Detections,2026-04-26,NA,NA,0,0,1
No Detections,TE11,No Detections,No Detections,No Detections,2026-04-27,NA,NA,0,0,1
No Detections,TE11,No Detections,No Detections,No Detections,2026-04-28,NA,NA,0,0,1
No Detections,TE11,No Detections,No Detections,No Detections,2026-04-29,NA,NA,0,0,1
No Detections,TE11,No Detections,No Detections,No Detections,2026-04-30,NA,NA,0,0,1
No Detections,TE11,No Detections,No Detections,No Detections,2026-05-01,NA,NA,0,0,1
No Detections,TE11,No Detections,No Detections,No Detections,2026-05-02,NA,NA,0,0,1
No Detections,TE11,No Detections,No Detections,No Detections,2026-05-03,NA,NA,0,0,1
No Detections,TE11,No Detections,No Detections,No Detections,2026-05-04,NA,NA,0,0,1
No Detections,TE11,No Detections,No Detections,No Detections,2026-05-05,NA,NA,0,0,1
No Detections,TE11,No Detections,No Detections,No Detections,2026-05-06,NA,NA,0,0,1
No Detections,TE11,No Detections,No Detections,No Detections,2026-05-07,NA,NA,0,0,2
Eastern Racer,TE11,Reptilia,Coluber,constrictor,2026-05-08,2026-05-08T14:32:48Z,2026-05-08T14:33:03Z,0,0,2
Eastern Racer,TE11,Reptilia,Coluber,constrictor,2026-05-09,2026-05-09T15:35:55Z,2026-05-09T15:35:59Z,0,0,2
No Detections,TE11,No Detections,No Detections,No Detections,2026-05-10,NA,NA,0,0,2
No Detections,TE11,No Detections,No Detections,No Detections,2026-05-11,NA,NA,0,0,2
No Detections,TE11,No Detections,No Detections,No Detections,2026-05-12,NA,NA,0,0,2
No Detections,TE11,No Detections,No Detections,No Detections,2026-05-13,NA,NA,0,0,2
No Detections,TE11,No Detections,No Detections,No Detections,2026-05-14,NA,NA,0,0,2
North American Least Shrew,TE11,Mammalia,Cryptotis,parvus,2026-05-15,2026-05-15T00:23:21Z,2026-05-15T00:23:27Z,0,0,2
No Detections,TE11,No Detections,No Detections,No Detections,2026-05-16,NA,NA,0,0,2
No Detections,TE11,No Detections,No Detections,No Detections,2026-05-17,NA,NA,0,0,2
Southeastern Shrew,TE11,Mammalia,Sorex,longirostris,2026-05-18,2026-05-18T23:33:17Z,2026-05-18T23:33:17Z,0,0,2
No Detections,TE11,No Detections,No Detections,No Detections,2026-05-19,NA,NA,0,0,2
No Detections,TE11,No Detections,No Detections,No Detections,2026-05-20,NA,NA,0,0,2
No Detections,TE11,No Detections,No Detections,No Detections,2026-05-21,NA,NA,0,0,2
No Detections,TE11,No Detections,No Detections,No Detections,2026-05-22,NA,NA,0,0,2
No Detections,TE11,No Detections,No Detections,No Detections,2026-05-23,NA,NA,0,0,2
Southeastern Shrew,TE11,Mammalia,Sorex,longirostris,2026-05-24,2026-05-24T03:23:03Z,2026-05-24T03:23:04Z,0,0,2
No Detections,TE11,No Detections,No Detections,No Detections,2026-05-25,NA,NA,0,0,2
Peromyscus or Ochrotomys Species,TE11,Mammalia,Peromyscus,NA,2026-05-26,2026-05-26T03:28:08Z,2026-05-26T03:28:08Z,0,0,2
Southeastern Shrew,TE11,Mammalia,Sorex,longirostris,2026-05-26,2026-05-26T05:39:59Z,2026-05-26T05:39:59Z,0,0,2
Southeastern Shrew,TE11,Mammalia,Sorex,longirostris,2026-05-27,2026-05-27T08:06:30Z,2026-05-27T08:06:33Z,0,0,2
Eastern Racer,TE11,Reptilia,Coluber,constrictor,2026-05-28,2026-05-28T16:49:43Z,2026-05-28T16:52:33Z,0,0,2
No Detections,TE11,No Detections,No Detections,No Detections,2026-05-29,NA,NA,0,0,2
Southeastern Shrew,TE11,Mammalia,Sorex,longirostris,2026-05-30,2026-05-30T03:18:41Z,2026-05-30T03:18:41Z,0,0,2
No Detections,TE11,No Detections,No Detections,No Detections,2026-05-31,NA,NA,0,0,2
No Detections,TE11,No Detections,No Detections,No Detections,2026-06-01,NA,NA,0,0,2
No Detections,TE11,No Detections,No Detections,No Detections,2026-06-02,NA,NA,0,0,2
No Detections,TE11,No Detections,No Detections,No Detections,2026-06-03,NA,NA,0,0,2
No Detections,TE11,No Detections,No Detections,No Detections,2026-06-04,NA,NA,0,0,2
No Detections,TE11,No Detections,No Detections,No Detections,2026-06-05,NA,NA,0,0,2
No Detections,TE11,No Detections,No Detections,No Detections,2026-06-06,NA,NA,0,0,2
No Detections,TE11,No Detections,No Detections,No Detections,2026-06-07,NA,NA,0,0,2
No Detections,TE11,No Detections,No Detections,No Detections,2026-06-08,NA,NA,0,0,2
Southern Short-tailed Shrew,TE11,Mammalia,Blarina,carolinensis,2026-06-09,2026-06-09T22:47:36Z,2026-06-09T22:47:41Z,0,0,2
No Detections,TE11,No Detections,No Detections,No Detections,2026-06-10,NA,NA,0,0,2
No Detections,TE11,No Detections,No Detections,No Detections,2026-06-11,NA,NA,0,0,2
No Detections,TE11,No Detections,No Detections,No Detections,2026-06-12,NA,NA,0,0,2
No Detections,TE11,No Detections,No Detections,No Detections,2026-06-13,NA,NA,0,0,2
No Detections,TE11,No Detections,No Detections,No Detections,2026-06-14,NA,NA,0,0,2
No Detections,TE11,No Detections,No Detections,No Detections,2026-06-15,NA,NA,0,0,2
No Detections,TE11,No Detections,No Detections,No Detections,2026-06-16,NA,NA,0,0,2
No Detections,TE11,No Detections,No Detections,No Detections,2026-06-17,NA,NA,0,0,2
No Detections,TE11,No Detections,No Detections,No Detections,2026-06-18,NA,NA,0,0,2
No Detections,TE11,No Detections,No Detections,No Detections,2026-06-19,NA,NA,0,0,2
No Detections,TE11,No Detections,No Detections,No Detections,2026-06-20,NA,NA,0,0,2
Microtus Species,TE11,Mammalia,Microtus,NA,2026-06-21,2026-06-21T01:00:58Z,2026-06-21T01:01:05Z,0,0,2
Southeastern Shrew,TE11,Mammalia,Sorex,longirostris,2026-06-21,2026-06-21T20:43:31Z,2026-06-21T20:43:31Z,0,0,2
Southeastern Shrew,TE11,Mammalia,Sorex,longirostris,2026-06-22,2026-06-22T02:52:35Z,2026-06-22T02:52:40Z,0,0,2
Eastern Racer,TE11,Reptilia,Coluber,constrictor,2026-06-23,2026-06-23T08:02:40Z,2026-06-23T08:02:45Z,0,0,2
No Detections,TE11,No Detections,No Detections,No Detections,2026-06-24,NA,NA,0,0,2
No Detections,TE11,No Detections,No Detections,No Detections,2026-06-25,NA,NA,0,0,2
No Detections,TE11,No Detections,No Detections,No Detections,2026-06-26,NA,NA,0,0,2
No Detections,TE11,No Detections,No Detections,No Detections,2026-06-27,NA,NA,0,0,2
No Detections,TE11,No Detections,No Detections,No Detections,2026-06-28,NA,NA,0,0,2
No Detections,TE11,No Detections,No Detections,No Detections,2026-06-29,NA,NA,0,0,2
No Detections,TE11,No Detections,No Detections,No Detections,2026-06-30,NA,NA,0,0,2
Hispid Cotton Rat,TE11,Mammalia,Sigmodon,hispidus,2026-07-01,2026-07-01T06:44:01Z,2026-07-01T06:44:27Z,0,0,2
No Detections,TE11,No Detections,No Detections,No Detections,2026-07-02,NA,NA,0,0,2
No Detections,TE11,No Detections,No Detections,No Detections,2026-07-03,NA,NA,0,0,2
No Detections,TE11,No Detections,No Detections,No Detections,2026-07-04,NA,NA,0,0,2
No Detections,TE11,No Detections,No Detections,No Detections,2026-07-05,NA,NA,0,0,2
No Detections,TE11,No Detections,No Detections,No Detections,2026-07-06,NA,NA,0,0,2
Hispid Cotton Rat,TE11,Mammalia,Sigmodon,hispidus,2026-07-07,2026-07-07T07:45:39Z,2026-07-07T07:45:40Z,0,0,2
Southeastern Shrew,TE11,Mammalia,Sorex,longirostris,2026-07-08,2026-07-08T04:46:21Z,2026-07-08T04:46:22Z,0,0,2
No Detections,TE11,No Detections,No Detections,No Detections,2026-07-09,NA,NA,0,0,2
No Detections,TE11,No Detections,No Detections,No Detections,2026-07-10,NA,NA,0,0,2
No Detections,TE11,No Detections,No Detections,No Detections,2026-07-11,NA,NA,0,0,2
Eastern Harvest Mouse,TE11,Mammalia,Reithrodontomys,humulis,2026-07-12,2026-07-12T21:55:21Z,2026-07-12T21:55:22Z,0,0,2
No Detections,TE11,No Detections,No Detections,No Detections,2026-07-13,NA,NA,0,0,2
No Detections,TE11,No Detections,No Detections,No Detections,2026-07-14,NA,NA,0,0,2
No Detections,TE11,No Detections,No Detections,No Detections,2026-07-15,NA,NA,0,0,2
No Detections,TE11,No Detections,No Detections,No Detections,2026-07-16,NA,NA,0,0,2
No Detections,TE11,No Detections,No Detections,No Detections,2026-07-17,NA,NA,0,0,2
No Detections,TE11,No Detections,No Detections,No Detections,2026-07-18,NA,NA,0,0,2
No Detections,TE11,No Detections,No Detections,No Detections,2026-07-19,NA,NA,0,0,2
No Detections,TE11,No Detections,No Detections,No Detections,2026-07-20,NA,NA,0,0,2
Southeastern Shrew,TE11,Mammalia,Sorex,longirostris,2026-07-21,2026-07-21T23:59:59Z,2026-07-22T00:00:00Z,0,0,2
Hispid Cotton Rat,TE11,Mammalia,Sigmodon,hispidus,2026-07-22,2026-07-22T23:50:38Z,2026-07-22T23:50:39Z,0,0,2
No Detections,TE11,No Detections,No Detections,No Detections,2026-07-23,NA,NA,0,0,2
Peromyscus or Ochrotomys Species,TE11,Mammalia,Peromyscus,NA,2026-07-24,2026-07-24T05:16:51Z,2026-07-24T05:16:56Z,0,0,2
No Detections,TE11,No Detections,No Detections,No Detections,2026-07-25,NA,NA,0,0,2
No Detections,TE11,No Detections,No Detections,No Detections,2026-07-26,NA,NA,0,0,2
Southeastern Shrew,TE11,Mammalia,Sorex,longirostris,2026-07-27,2026-07-27T04:41:27Z,2026-07-27T04:41:27Z,0,0,2
No Detections,TE12,No Detections,No Detections,No Detections,2026-04-02,NA,NA,0,0,1
No Detections,TE12,No Detections,No Detections,No Detections,2026-04-03,NA,NA,0,0,1
Southern Toad,TE12,Amphibia,Anaxyrus,terrestris,2026-04-04,2026-04-04T19:56:10Z,2026-04-04T19:56:10Z,0,0,1
No Detections,TE12,No Detections,No Detections,No Detections,2026-04-05,NA,NA,0,0,1
No Detections,TE12,No Detections,No Detections,No Detections,2026-04-06,NA,NA,0,0,1
No Detections,TE12,No Detections,No Detections,No Detections,2026-04-07,NA,NA,0,0,1
No Detections,TE12,No Detections,No Detections,No Detections,2026-04-08,NA,NA,0,0,1
No Detections,TE12,No Detections,No Detections,No Detections,2026-04-09,NA,NA,0,0,1
No Detections,TE12,No Detections,No Detections,No Detections,2026-04-10,NA,NA,0,0,1
No Detections,TE12,No Detections,No Detections,No Detections,2026-04-11,NA,NA,0,0,1
Peromyscus or Ochrotomys Species,TE12,Mammalia,Peromyscus,NA,2026-04-12,2026-04-12T21:17:07Z,2026-04-12T21:17:09Z,0,0,1
Southern Toad,TE12,Amphibia,Anaxyrus,terrestris,2026-04-13,2026-04-13T20:13:02Z,2026-04-13T20:15:07Z,0,0,1
No Detections,TE12,No Detections,No Detections,No Detections,2026-04-14,NA,NA,0,0,1
No Detections,TE12,No Detections,No Detections,No Detections,2026-05-07,NA,NA,0,0,2
No Detections,TE12,No Detections,No Detections,No Detections,2026-05-08,NA,NA,0,0,2
No Detections,TE12,No Detections,No Detections,No Detections,2026-05-09,NA,NA,0,0,2
No Detections,TE12,No Detections,No Detections,No Detections,2026-05-10,NA,NA,0,0,2
No Detections,TE12,No Detections,No Detections,No Detections,2026-05-11,NA,NA,0,0,2
Eastern Harvest Mouse,TE12,Mammalia,Reithrodontomys,humulis,2026-05-12,2026-05-12T14:09:45Z,2026-05-12T14:10:16Z,0,0,2
No Detections,TE12,No Detections,No Detections,No Detections,2026-05-13,NA,NA,0,0,2
No Detections,TE12,No Detections,No Detections,No Detections,2026-05-14,NA,NA,0,0,2
House Mouse,TE12,Mammalia,Mus,musculus,2026-05-15,2026-05-15T21:55:48Z,2026-05-15T21:55:48Z,0,0,2
No Detections,TE12,No Detections,No Detections,No Detections,2026-05-16,NA,NA,0,0,2
Southeastern Shrew,TE12,Mammalia,Sorex,longirostris,2026-05-17,2026-05-17T23:31:18Z,2026-05-17T23:31:18Z,0,0,2
No Detections,TE12,No Detections,No Detections,No Detections,2026-05-18,NA,NA,0,0,2
No Detections,TE12,No Detections,No Detections,No Detections,2026-05-19,NA,NA,0,0,2
North American Least Shrew,TE12,Mammalia,Cryptotis,parvus,2026-05-20,2026-05-20T00:09:42Z,2026-05-20T00:09:42Z,0,0,2
No Detections,TE12,No Detections,No Detections,No Detections,2026-05-21,NA,NA,0,0,2
No Detections,TE12,No Detections,No Detections,No Detections,2026-05-22,NA,NA,0,0,2
Peromyscus or Ochrotomys Species,TE12,Mammalia,Peromyscus,NA,2026-05-23,2026-05-23T00:22:17Z,2026-05-23T00:22:17Z,0,0,2
No Detections,TE12,No Detections,No Detections,No Detections,2026-05-24,NA,NA,0,0,2
Southeastern Shrew,TE12,Mammalia,Sorex,longirostris,2026-05-25,2026-05-25T23:54:47Z,2026-05-25T23:54:48Z,0,0,2
No Detections,TE12,No Detections,No Detections,No Detections,2026-05-26,NA,NA,0,0,2
No Detections,TE12,No Detections,No Detections,No Detections,2026-05-27,NA,NA,0,0,2
No Detections,TE12,No Detections,No Detections,No Detections,2026-05-28,NA,NA,0,0,2
No Detections,TE12,No Detections,No Detections,No Detections,2026-05-29,NA,NA,0,0,2
No Detections,TE12,No Detections,No Detections,No Detections,2026-05-30,NA,NA,0,0,2
No Detections,TE12,No Detections,No Detections,No Detections,2026-05-31,NA,NA,0,0,2
Peromyscus or Ochrotomys Species,TE12,Mammalia,Peromyscus,NA,2026-06-01,2026-06-01T23:54:35Z,2026-06-01T23:54:35Z,0,0,2
No Detections,TE12,No Detections,No Detections,No Detections,2026-06-02,NA,NA,0,0,2
No Detections,TE12,No Detections,No Detections,No Detections,2026-06-03,NA,NA,0,0,1
Peromyscus or Ochrotomys Species,TE12,Mammalia,Peromyscus,NA,2026-06-04,2026-06-04T02:45:45Z,2026-06-04T02:45:46Z,0,0,1
Eastern Harvest Mouse,TE12,Mammalia,Reithrodontomys,humulis,2026-06-04,2026-06-04T21:07:34Z,2026-06-04T21:07:34Z,0,0,1
Eastern Racer,TE12,Reptilia,Coluber,constrictor,2026-06-05,2026-06-05T11:09:17Z,2026-06-05T11:09:27Z,0,0,1
Peromyscus or Ochrotomys Species,TE12,Mammalia,Peromyscus,NA,2026-06-05,2026-06-05T22:19:34Z,2026-06-05T22:19:34Z,0,0,1
No Detections,TE12,No Detections,No Detections,No Detections,2026-06-06,NA,NA,0,0,1
No Detections,TE12,No Detections,No Detections,No Detections,2026-06-07,NA,NA,0,0,1
Hispid Cotton Rat,TE12,Mammalia,Sigmodon,hispidus,2026-06-08,2026-06-08T07:30:30Z,2026-06-08T07:35:34Z,0,0,1
No Detections,TE12,No Detections,No Detections,No Detections,2026-06-09,NA,NA,0,0,1
No Detections,TE12,No Detections,No Detections,No Detections,2026-06-10,NA,NA,0,0,1
No Detections,TE12,No Detections,No Detections,No Detections,2026-06-11,NA,NA,0,0,1
Eastern Harvest Mouse,TE12,Mammalia,Reithrodontomys,humulis,2026-06-12,2026-06-12T00:01:10Z,2026-06-12T00:01:14Z,0,0,1
Peromyscus or Ochrotomys Species,TE12,Mammalia,Peromyscus,NA,2026-06-13,2026-06-13T03:47:28Z,2026-06-13T03:47:28Z,0,0,1
No Detections,TE12,No Detections,No Detections,No Detections,2026-06-14,NA,NA,0,0,1
No Detections,TE12,No Detections,No Detections,No Detections,2026-06-15,NA,NA,0,0,1
No Detections,TE12,No Detections,No Detections,No Detections,2026-06-16,NA,NA,0,0,1
No Detections,TE12,No Detections,No Detections,No Detections,2026-06-17,NA,NA,0,0,1
No Detections,TE12,No Detections,No Detections,No Detections,2026-06-18,NA,NA,0,0,1
No Detections,TE12,No Detections,No Detections,No Detections,2026-06-19,NA,NA,0,0,1
No Detections,TE12,No Detections,No Detections,No Detections,2026-06-20,NA,NA,0,0,1
No Detections,TE12,No Detections,No Detections,No Detections,2026-06-21,NA,NA,0,0,1
No Detections,TE12,No Detections,No Detections,No Detections,2026-06-22,NA,NA,0,0,1
Common Kingsnake,TE12,Reptilia,Lampropeltis,getula,2026-06-23,2026-06-23T08:47:58Z,2026-06-23T09:02:54Z,0,0,1
No Detections,TE12,No Detections,No Detections,No Detections,2026-06-24,NA,NA,0,0,1
No Detections,TE12,No Detections,No Detections,No Detections,2026-06-25,NA,NA,0,0,1
No Detections,TE12,No Detections,No Detections,No Detections,2026-06-26,NA,NA,0,0,1
No Detections,TE12,No Detections,No Detections,No Detections,2026-06-27,NA,NA,0,0,1
No Detections,TE12,No Detections,No Detections,No Detections,2026-06-28,NA,NA,0,0,1
No Detections,TE12,No Detections,No Detections,No Detections,2026-06-29,NA,NA,0,0,1
No Detections,TE12,No Detections,No Detections,No Detections,2026-06-30,NA,NA,0,0,1
No Detections,TE12,No Detections,No Detections,No Detections,2026-07-01,NA,NA,0,0,1
No Detections,TE12,No Detections,No Detections,No Detections,2026-07-02,NA,NA,0,0,1
No Detections,TE12,No Detections,No Detections,No Detections,2026-07-03,NA,NA,0,0,1
No Detections,TE12,No Detections,No Detections,No Detections,2026-07-04,NA,NA,0,0,1
No Detections,TE12,No Detections,No Detections,No Detections,2026-07-05,NA,NA,0,0,1
No Detections,TE12,No Detections,No Detections,No Detections,2026-07-06,NA,NA,0,0,1
No Detections,TE12,No Detections,No Detections,No Detections,2026-07-07,NA,NA,0,0,1
No Detections,TE12,No Detections,No Detections,No Detections,2026-07-08,NA,NA,0,0,1
No Detections,TE12,No Detections,No Detections,No Detections,2026-07-09,NA,NA,0,0,1
No Detections,TE12,No Detections,No Detections,No Detections,2026-07-10,NA,NA,0,0,1
House Mouse,TE12,Mammalia,Mus,musculus,2026-07-11,2026-07-11T23:35:22Z,2026-07-11T23:35:29Z,0,0,1
Southeastern Shrew,TE12,Mammalia,Sorex,longirostris,2026-07-12,2026-07-12T22:12:04Z,2026-07-12T22:12:05Z,0,0,1
No Detections,TE12,No Detections,No Detections,No Detections,2026-07-13,NA,NA,0,0,1
No Detections,TE12,No Detections,No Detections,No Detections,2026-07-14,NA,NA,0,0,1
No Detections,TE12,No Detections,No Detections,No Detections,2026-07-15,NA,NA,0,0,1
Microtus Species,TE12,Mammalia,Microtus,NA,2026-07-16,2026-07-16T21:33:53Z,2026-07-16T21:33:57Z,0,0,1
No Detections,TE12,No Detections,No Detections,No Detections,2026-07-17,NA,NA,0,0,1
No Detections,TE12,No Detections,No Detections,No Detections,2026-07-18,NA,NA,0,0,1
No Detections,TE12,No Detections,No Detections,No Detections,2026-07-19,NA,NA,0,0,1
No Detections,TE12,No Detections,No Detections,No Detections,2026-07-20,NA,NA,0,0,1
Southeastern Shrew,TE12,Mammalia,Sorex,longirostris,2026-07-21,2026-07-21T03:22:39Z,2026-07-21T03:22:41Z,0,0,1
Southeastern Shrew,TE12,Mammalia,Sorex,longirostris,2026-07-21,2026-07-21T05:12:31Z,2026-07-21T05:12:35Z,0,0,1
No Detections,TE12,No Detections,No Detections,No Detections,2026-07-22,NA,NA,0,0,1
No Detections,TE12,No Detections,No Detections,No Detections,2026-07-23,NA,NA,0,0,1
No Detections,TE12,No Detections,No Detections,No Detections,2026-07-24,NA,NA,0,0,1
No Detections,TE12,No Detections,No Detections,No Detections,2026-07-25,NA,NA,0,0,1
No Detections,TE12,No Detections,No Detections,No Detections,2026-07-26,NA,NA,0,0,1
No Detections,TE12,No Detections,No Detections,No Detections,2026-07-27,NA,NA,0,0,1
No Detections,TE13,No Detections,No Detections,No Detections,2026-04-01,NA,NA,0,0,1
No Detections,TE13,No Detections,No Detections,No Detections,2026-04-02,NA,NA,0,0,1
No Detections,TE13,No Detections,No Detections,No Detections,2026-04-03,NA,NA,0,0,1
No Detections,TE13,No Detections,No Detections,No Detections,2026-04-04,NA,NA,0,0,1
No Detections,TE13,No Detections,No Detections,No Detections,2026-04-05,NA,NA,0,0,1
No Detections,TE13,No Detections,No Detections,No Detections,2026-04-06,NA,NA,0,0,1
Peromyscus or Ochrotomys Species,TE13,Mammalia,Peromyscus,NA,2026-04-07,2026-04-07T23:18:56Z,2026-04-07T23:19:00Z,0,0,1
No Detections,TE13,No Detections,No Detections,No Detections,2026-04-08,NA,NA,0,0,1
No Detections,TE13,No Detections,No Detections,No Detections,2026-04-09,NA,NA,0,0,1
Peromyscus or Ochrotomys Species,TE13,Mammalia,Peromyscus,NA,2026-04-10,2026-04-10T22:24:10Z,2026-04-10T22:25:10Z,0,0,1
No Detections,TE13,No Detections,No Detections,No Detections,2026-04-11,NA,NA,0,0,1
Southeastern Shrew,TE13,Mammalia,Sorex,longirostris,2026-04-12,2026-04-12T02:14:23Z,2026-04-12T02:14:25Z,0,0,1
No Detections,TE13,No Detections,No Detections,No Detections,2026-04-13,NA,NA,0,0,1
No Detections,TE13,No Detections,No Detections,No Detections,2026-04-14,NA,NA,0,0,1
No Detections,TE13,No Detections,No Detections,No Detections,2026-04-15,NA,NA,0,0,1
No Detections,TE13,No Detections,No Detections,No Detections,2026-04-16,NA,NA,0,0,1
No Detections,TE13,No Detections,No Detections,No Detections,2026-04-17,NA,NA,0,0,1
No Detections,TE13,No Detections,No Detections,No Detections,2026-04-18,NA,NA,0,0,1
Southeastern Shrew,TE13,Mammalia,Sorex,longirostris,2026-04-19,2026-04-19T04:15:18Z,2026-04-19T04:15:18Z,0,0,1
Southeastern Shrew,TE13,Mammalia,Sorex,longirostris,2026-04-20,2026-04-20T20:30:13Z,2026-04-20T20:30:15Z,0,0,1
No Detections,TE13,No Detections,No Detections,No Detections,2026-04-21,NA,NA,0,0,1
No Detections,TE13,No Detections,No Detections,No Detections,2026-04-22,NA,NA,0,0,1
No Detections,TE13,No Detections,No Detections,No Detections,2026-04-23,NA,NA,0,0,1
Southeastern Shrew,TE13,Mammalia,Sorex,longirostris,2026-04-24,2026-04-24T05:15:41Z,2026-04-24T05:15:44Z,0,0,1
Southeastern Shrew,TE13,Mammalia,Sorex,longirostris,2026-04-24,2026-04-24T21:29:31Z,2026-04-24T21:29:31Z,0,0,1
Peromyscus or Ochrotomys Species,TE13,Mammalia,Peromyscus,NA,2026-04-24,2026-04-24T22:53:20Z,2026-04-24T22:55:56Z,0,0,1
No Detections,TE13,No Detections,No Detections,No Detections,2026-04-25,NA,NA,0,0,1
No Detections,TE13,No Detections,No Detections,No Detections,2026-04-26,NA,NA,0,0,1
No Detections,TE13,No Detections,No Detections,No Detections,2026-04-27,NA,NA,0,0,1
No Detections,TE13,No Detections,No Detections,No Detections,2026-04-28,NA,NA,0,0,1
Southeastern Shrew,TE13,Mammalia,Sorex,longirostris,2026-04-29,2026-04-29T23:08:01Z,2026-04-29T23:08:04Z,0,0,1
No Detections,TE13,No Detections,No Detections,No Detections,2026-04-30,NA,NA,0,0,1
Southern Short-tailed Shrew,TE13,Mammalia,Blarina,carolinensis,2026-05-01,2026-05-01T20:14:44Z,2026-05-01T20:14:44Z,0,0,1
North American Least Shrew,TE13,Mammalia,Cryptotis,parvus,2026-05-01,2026-05-01T22:42:11Z,2026-05-01T22:42:11Z,0,0,1
Southern Short-tailed Shrew,TE13,Mammalia,Blarina,carolinensis,2026-05-01,2026-05-01T23:54:21Z,2026-05-01T23:54:21Z,0,0,1
No Detections,TE13,No Detections,No Detections,No Detections,2026-05-02,NA,NA,0,0,1
No Detections,TE13,No Detections,No Detections,No Detections,2026-05-03,NA,NA,0,0,1
No Detections,TE13,No Detections,No Detections,No Detections,2026-05-04,NA,NA,0,0,1
No Detections,TE13,No Detections,No Detections,No Detections,2026-05-05,NA,NA,0,0,1
No Detections,TE13,No Detections,No Detections,No Detections,2026-05-06,NA,NA,0,0,1
Southeastern Shrew,TE13,Mammalia,Sorex,longirostris,2026-05-07,2026-05-07T23:13:26Z,2026-05-07T23:13:26Z,0,0,1
Southeastern Shrew,TE13,Mammalia,Sorex,longirostris,2026-05-08,2026-05-08T20:00:26Z,2026-05-08T20:00:26Z,0,0,1
No Detections,TE13,No Detections,No Detections,No Detections,2026-05-09,NA,NA,0,0,1
No Detections,TE13,No Detections,No Detections,No Detections,2026-05-10,NA,NA,0,0,1
No Detections,TE13,No Detections,No Detections,No Detections,2026-05-11,NA,NA,0,0,1
No Detections,TE13,No Detections,No Detections,No Detections,2026-05-12,NA,NA,0,0,1
No Detections,TE13,No Detections,No Detections,No Detections,2026-05-13,NA,NA,0,0,1
No Detections,TE13,No Detections,No Detections,No Detections,2026-05-14,NA,NA,0,0,1
No Detections,TE13,No Detections,No Detections,No Detections,2026-05-15,NA,NA,0,0,1
Southeastern Shrew,TE13,Mammalia,Sorex,longirostris,2026-05-16,2026-05-16T04:14:47Z,2026-05-16T04:14:47Z,0,0,1
No Detections,TE13,No Detections,No Detections,No Detections,2026-05-17,NA,NA,0,0,1
No Detections,TE13,No Detections,No Detections,No Detections,2026-05-18,NA,NA,0,0,1
Peromyscus or Ochrotomys Species,TE13,Mammalia,Peromyscus,NA,2026-05-19,2026-05-19T22:58:28Z,2026-05-19T22:58:28Z,0,0,2
No Detections,TE13,No Detections,No Detections,No Detections,2026-05-20,NA,NA,0,0,2
No Detections,TE13,No Detections,No Detections,No Detections,2026-05-21,NA,NA,0,0,2
House Mouse,TE13,Mammalia,Mus,musculus,2026-05-22,2026-05-22T23:02:40Z,2026-05-22T23:02:40Z,0,0,2
Southeastern Shrew,TE13,Mammalia,Sorex,longirostris,2026-05-23,2026-05-23T02:07:48Z,2026-05-23T02:07:48Z,0,0,2
No Detections,TE13,No Detections,No Detections,No Detections,2026-05-24,NA,NA,0,0,2
No Detections,TE13,No Detections,No Detections,No Detections,2026-05-25,NA,NA,0,0,2
No Detections,TE13,No Detections,No Detections,No Detections,2026-05-26,NA,NA,0,0,2
No Detections,TE13,No Detections,No Detections,No Detections,2026-05-27,NA,NA,0,0,2
No Detections,TE13,No Detections,No Detections,No Detections,2026-05-28,NA,NA,0,0,2
No Detections,TE13,No Detections,No Detections,No Detections,2026-05-29,NA,NA,0,0,2
Hispid Cotton Rat,TE13,Mammalia,Sigmodon,hispidus,2026-05-30,2026-05-30T04:01:06Z,2026-05-30T04:01:06Z,0,0,2
Eastern Racer,TE13,Reptilia,Coluber,constrictor,2026-05-30,2026-05-30T11:48:28Z,2026-05-30T11:48:35Z,0,0,2
No Detections,TE13,No Detections,No Detections,No Detections,2026-05-31,NA,NA,0,0,2
No Detections,TE13,No Detections,No Detections,No Detections,2026-06-01,NA,NA,0,0,2
No Detections,TE13,No Detections,No Detections,No Detections,2026-06-02,NA,NA,0,0,2
Southeastern Shrew,TE13,Mammalia,Sorex,longirostris,2026-06-03,2026-06-03T01:41:26Z,2026-06-03T01:43:23Z,0,0,2
No Detections,TE13,No Detections,No Detections,No Detections,2026-06-04,NA,NA,0,0,2
Southeastern Shrew,TE13,Mammalia,Sorex,longirostris,2026-06-05,2026-06-05T03:36:50Z,2026-06-05T03:38:21Z,0,0,2
Southeastern Shrew,TE13,Mammalia,Sorex,longirostris,2026-06-06,2026-06-06T00:49:42Z,2026-06-06T00:49:43Z,0,0,2
No Detections,TE13,No Detections,No Detections,No Detections,2026-06-07,NA,NA,0,0,2
No Detections,TE13,No Detections,No Detections,No Detections,2026-06-08,NA,NA,0,0,2
No Detections,TE13,No Detections,No Detections,No Detections,2026-06-09,NA,NA,0,0,2
Southeastern Shrew,TE13,Mammalia,Sorex,longirostris,2026-06-10,2026-06-10T23:29:53Z,2026-06-10T23:31:07Z,0,0,2
No Detections,TE13,No Detections,No Detections,No Detections,2026-06-11,NA,NA,0,0,2
No Detections,TE13,No Detections,No Detections,No Detections,2026-06-12,NA,NA,0,0,2
No Detections,TE13,No Detections,No Detections,No Detections,2026-06-13,NA,NA,0,0,2
No Detections,TE13,No Detections,No Detections,No Detections,2026-06-14,NA,NA,0,0,2
No Detections,TE13,No Detections,No Detections,No Detections,2026-06-15,NA,NA,0,0,2
No Detections,TE13,No Detections,No Detections,No Detections,2026-06-16,NA,NA,0,0,2
Plestiodon Species,TE13,Reptilia,Plestiodon,NA,2026-06-17,2026-06-17T09:16:04Z,2026-06-17T09:16:09Z,0,0,2
No Detections,TE13,No Detections,No Detections,No Detections,2026-06-18,NA,NA,0,0,2
No Detections,TE13,No Detections,No Detections,No Detections,2026-06-19,NA,NA,0,0,2
Southeastern Shrew,TE13,Mammalia,Sorex,longirostris,2026-06-20,2026-06-20T00:48:08Z,2026-06-20T00:48:08Z,0,0,2
Southern Toad,TE13,Amphibia,Anaxyrus,terrestris,2026-06-20,2026-06-20T13:00:19Z,2026-06-20T13:00:19Z,0,0,2
No Detections,TE13,No Detections,No Detections,No Detections,2026-06-21,NA,NA,0,0,2
No Detections,TE13,No Detections,No Detections,No Detections,2026-06-22,NA,NA,0,0,2
Southeastern Shrew,TE13,Mammalia,Sorex,longirostris,2026-06-23,2026-06-23T20:55:02Z,2026-06-23T20:55:02Z,0,0,2
Peromyscus or Ochrotomys Species,TE13,Mammalia,Peromyscus,NA,2026-06-24,2026-06-24T00:26:22Z,2026-06-24T00:26:22Z,0,0,2
No Detections,TE13,No Detections,No Detections,No Detections,2026-06-25,NA,NA,0,0,2
Plestiodon Species,TE13,Reptilia,Plestiodon,NA,2026-06-26,2026-06-26T08:01:49Z,2026-06-26T08:01:49Z,0,0,2
Peromyscus or Ochrotomys Species,TE13,Mammalia,Peromyscus,NA,2026-06-26,2026-06-26T23:19:48Z,2026-06-26T23:19:49Z,0,0,2
No Detections,TE13,No Detections,No Detections,No Detections,2026-06-27,NA,NA,0,0,2
No Detections,TE13,No Detections,No Detections,No Detections,2026-06-28,NA,NA,0,0,2
Southeastern Shrew,TE13,Mammalia,Sorex,longirostris,2026-06-29,2026-06-29T22:22:44Z,2026-06-29T22:50:21Z,0,0,2
Southeastern Shrew,TE13,Mammalia,Sorex,longirostris,2026-06-30,2026-06-30T03:02:09Z,2026-06-30T03:02:10Z,0,0,2
Southeastern Shrew,TE13,Mammalia,Sorex,longirostris,2026-07-01,2026-07-01T00:59:39Z,2026-07-01T00:59:41Z,0,0,2
No Detections,TE13,No Detections,No Detections,No Detections,2026-07-02,NA,NA,0,0,2
Plestiodon Species,TE13,Reptilia,Plestiodon,NA,2026-07-03,2026-07-03T07:30:38Z,2026-07-03T07:30:38Z,0,0,2
North American Least Shrew,TE13,Mammalia,Cryptotis,parvus,2026-07-04,2026-07-04T22:26:45Z,2026-07-04T22:26:45Z,0,0,2
North American Least Shrew,TE13,Mammalia,Cryptotis,parvus,2026-07-05,2026-07-05T00:50:28Z,2026-07-05T00:50:42Z,0,0,2
No Detections,TE13,No Detections,No Detections,No Detections,2026-07-06,NA,NA,0,0,2
No Detections,TE13,No Detections,No Detections,No Detections,2026-07-07,NA,NA,0,0,2
No Detections,TE13,No Detections,No Detections,No Detections,2026-07-08,NA,NA,0,0,2
No Detections,TE13,No Detections,No Detections,No Detections,2026-07-09,NA,NA,0,0,2
No Detections,TE13,No Detections,No Detections,No Detections,2026-07-10,NA,NA,0,0,2
Peromyscus or Ochrotomys Species,TE13,Mammalia,Peromyscus,NA,2026-07-11,2026-07-11T22:15:20Z,2026-07-11T22:15:24Z,0,0,2
Peromyscus or Ochrotomys Species,TE13,Mammalia,Peromyscus,NA,2026-07-12,2026-07-12T23:13:37Z,2026-07-12T23:13:37Z,0,0,2
Southern Short-tailed Shrew,TE13,Mammalia,Blarina,carolinensis,2026-07-12,2026-07-12T23:45:15Z,2026-07-12T23:45:16Z,0,0,2
Peromyscus or Ochrotomys Species,TE13,Mammalia,Peromyscus,NA,2026-07-13,2026-07-13T00:39:21Z,2026-07-13T00:39:21Z,0,0,2
Peromyscus or Ochrotomys Species,TE13,Mammalia,Peromyscus,NA,2026-07-14,2026-07-14T23:45:08Z,2026-07-14T23:45:10Z,0,0,2
No Detections,TE13,No Detections,No Detections,No Detections,2026-07-15,NA,NA,0,0,2
Southeastern Shrew,TE13,Mammalia,Sorex,longirostris,2026-07-16,2026-07-16T00:50:14Z,2026-07-16T00:50:16Z,0,0,2
No Detections,TE13,No Detections,No Detections,No Detections,2026-07-17,NA,NA,0,0,2
Peromyscus or Ochrotomys Species,TE13,Mammalia,Peromyscus,NA,2026-07-18,2026-07-18T21:26:04Z,2026-07-18T21:26:04Z,0,0,2
Peromyscus or Ochrotomys Species,TE13,Mammalia,Peromyscus,NA,2026-07-19,2026-07-19T00:19:48Z,2026-07-19T00:20:03Z,0,0,2
Peromyscus or Ochrotomys Species,TE13,Mammalia,Peromyscus,NA,2026-07-20,2026-07-20T00:48:04Z,2026-07-20T00:48:05Z,0,0,2
Southeastern Shrew,TE13,Mammalia,Sorex,longirostris,2026-07-21,2026-07-21T01:34:54Z,2026-07-21T01:34:54Z,0,0,2
Southeastern Shrew,TE13,Mammalia,Sorex,longirostris,2026-07-21,2026-07-21T04:32:19Z,2026-07-21T04:32:20Z,0,0,2
Southeastern Shrew,TE13,Mammalia,Sorex,longirostris,2026-07-22,2026-07-22T01:44:33Z,2026-07-22T01:44:33Z,0,0,2
Southeastern Shrew,TE13,Mammalia,Sorex,longirostris,2026-07-22,2026-07-22T05:06:22Z,2026-07-22T05:06:40Z,0,0,2
No Detections,TE13,No Detections,No Detections,No Detections,2026-07-23,NA,NA,0,0,2
Southeastern Shrew,TE13,Mammalia,Sorex,longirostris,2026-07-24,2026-07-24T05:34:07Z,2026-07-24T05:34:07Z,0,0,2
Southeastern Shrew,TE13,Mammalia,Sorex,longirostris,2026-07-25,2026-07-25T03:35:01Z,2026-07-25T03:35:01Z,0,0,2
No Detections,TE13,No Detections,No Detections,No Detections,2026-07-26,NA,NA,0,0,2
No Detections,TE13,No Detections,No Detections,No Detections,2026-07-27,NA,NA,0,0,2
No Detections,TE13,No Detections,No Detections,No Detections,2026-07-28,NA,NA,0,0,2
No Detections,TE13,No Detections,No Detections,No Detections,2026-07-29,NA,NA,0,0,1
No Detections,TE13,No Detections,No Detections,No Detections,2026-07-30,NA,NA,0,0,1
Peromyscus or Ochrotomys Species,TE14,Mammalia,Peromyscus,NA,2026-04-02,2026-04-02T20:40:28Z,2026-04-02T20:40:31Z,0,0,2
Peromyscus or Ochrotomys Species,TE14,Mammalia,Peromyscus,NA,2026-04-03,2026-04-03T05:26:21Z,2026-04-03T05:28:03Z,0,0,2
House Mouse,TE14,Mammalia,Mus,musculus,2026-04-03,2026-04-03T21:19:03Z,2026-04-03T21:19:03Z,0,0,2
Peromyscus or Ochrotomys Species,TE14,Mammalia,Peromyscus,NA,2026-04-04,2026-04-04T05:54:02Z,2026-04-04T05:54:04Z,0,0,2
Plestiodon Species,TE14,Reptilia,Plestiodon,NA,2026-04-05,2026-04-05T13:30:52Z,2026-04-05T13:30:55Z,0,0,2
Peromyscus or Ochrotomys Species,TE14,Mammalia,Peromyscus,NA,2026-04-06,2026-04-06T00:19:20Z,2026-04-06T00:19:23Z,0,0,2
No Detections,TE14,No Detections,No Detections,No Detections,2026-04-07,NA,NA,0,0,2
Peromyscus or Ochrotomys Species,TE14,Mammalia,Peromyscus,NA,2026-04-08,2026-04-08T00:53:38Z,2026-04-08T00:53:39Z,0,0,2
No Detections,TE14,No Detections,No Detections,No Detections,2026-04-09,NA,NA,0,0,2
No Detections,TE14,No Detections,No Detections,No Detections,2026-04-10,NA,NA,0,0,2
No Detections,TE14,No Detections,No Detections,No Detections,2026-04-11,NA,NA,0,0,2
Peromyscus or Ochrotomys Species,TE14,Mammalia,Peromyscus,NA,2026-04-12,2026-04-12T21:54:34Z,2026-04-12T21:54:37Z,0,0,2
No Detections,TE14,No Detections,No Detections,No Detections,2026-04-13,NA,NA,0,0,2
Peromyscus or Ochrotomys Species,TE14,Mammalia,Peromyscus,NA,2026-04-14,2026-04-14T21:32:40Z,2026-04-14T21:32:40Z,0,0,2
No Detections,TE14,No Detections,No Detections,No Detections,2026-04-15,NA,NA,0,0,2
Peromyscus or Ochrotomys Species,TE14,Mammalia,Peromyscus,NA,2026-04-16,2026-04-16T22:07:55Z,2026-04-16T22:09:40Z,0,0,2
Peromyscus or Ochrotomys Species,TE14,Mammalia,Peromyscus,NA,2026-04-16,2026-04-16T23:29:36Z,2026-04-16T23:29:37Z,0,0,2
No Detections,TE14,No Detections,No Detections,No Detections,2026-04-17,NA,NA,0,0,2
Peromyscus or Ochrotomys Species,TE14,Mammalia,Peromyscus,NA,2026-04-18,2026-04-18T23:31:50Z,2026-04-18T23:31:50Z,0,0,2
Peromyscus or Ochrotomys Species,TE14,Mammalia,Peromyscus,NA,2026-04-19,2026-04-19T00:58:41Z,2026-04-19T01:00:53Z,0,0,2
No Detections,TE14,No Detections,No Detections,No Detections,2026-04-20,NA,NA,0,0,2
House Mouse,TE14,Mammalia,Mus,musculus,2026-04-21,2026-04-21T00:02:15Z,2026-04-21T00:02:18Z,0,0,2
No Detections,TE14,No Detections,No Detections,No Detections,2026-04-22,NA,NA,0,0,2
No Detections,TE14,No Detections,No Detections,No Detections,2026-04-23,NA,NA,0,0,2
No Detections,TE14,No Detections,No Detections,No Detections,2026-04-24,NA,NA,0,0,2
No Detections,TE14,No Detections,No Detections,No Detections,2026-04-25,NA,NA,0,0,2
Southeastern Shrew,TE14,Mammalia,Sorex,longirostris,2026-04-26,2026-04-26T08:11:45Z,2026-04-26T08:11:52Z,0,0,2
No Detections,TE14,No Detections,No Detections,No Detections,2026-04-27,NA,NA,0,0,2
No Detections,TE14,No Detections,No Detections,No Detections,2026-04-28,NA,NA,0,0,2
No Detections,TE14,No Detections,No Detections,No Detections,2026-04-29,NA,NA,0,0,2
No Detections,TE14,No Detections,No Detections,No Detections,2026-04-30,NA,NA,0,0,2
No Detections,TE14,No Detections,No Detections,No Detections,2026-05-01,NA,NA,0,0,2
No Detections,TE14,No Detections,No Detections,No Detections,2026-05-02,NA,NA,0,0,2
No Detections,TE14,No Detections,No Detections,No Detections,2026-05-03,NA,NA,0,0,2
Plain-bellied Watersnake,TE14,Reptilia,Nerodia,erythrogaster,2026-05-04,2026-05-04T10:00:08Z,2026-05-04T10:00:08Z,0,0,2
No Detections,TE14,No Detections,No Detections,No Detections,2026-05-05,NA,NA,0,0,2
No Detections,TE14,No Detections,No Detections,No Detections,2026-05-06,NA,NA,0,0,2
No Detections,TE14,No Detections,No Detections,No Detections,2026-05-07,NA,NA,0,0,2
Southeastern Shrew,TE14,Mammalia,Sorex,longirostris,2026-05-08,2026-05-08T03:36:10Z,2026-05-08T03:36:10Z,0,0,2
No Detections,TE14,No Detections,No Detections,No Detections,2026-05-09,NA,NA,0,0,2
No Detections,TE14,No Detections,No Detections,No Detections,2026-05-10,NA,NA,0,0,2
No Detections,TE14,No Detections,No Detections,No Detections,2026-05-11,NA,NA,0,0,2
Southeastern Shrew,TE14,Mammalia,Sorex,longirostris,2026-05-12,2026-05-12T03:27:40Z,2026-05-12T03:27:42Z,0,0,2
No Detections,TE14,No Detections,No Detections,No Detections,2026-05-13,NA,NA,0,0,2
No Detections,TE14,No Detections,No Detections,No Detections,2026-05-14,NA,NA,0,0,2
No Detections,TE14,No Detections,No Detections,No Detections,2026-05-15,NA,NA,0,0,2
No Detections,TE14,No Detections,No Detections,No Detections,2026-05-16,NA,NA,0,0,2
Peromyscus or Ochrotomys Species,TE14,Mammalia,Peromyscus,NA,2026-05-17,2026-05-17T02:25:41Z,2026-05-17T02:25:44Z,0,0,2
Southeastern Shrew,TE14,Mammalia,Sorex,longirostris,2026-05-18,2026-05-18T23:11:17Z,2026-05-18T23:11:46Z,0,0,2
No Detections,TE14,No Detections,No Detections,No Detections,2026-05-19,NA,NA,0,0,2
No Detections,TE14,No Detections,No Detections,No Detections,2026-05-20,NA,NA,0,0,2
No Detections,TE14,No Detections,No Detections,No Detections,2026-05-21,NA,NA,0,0,2
No Detections,TE14,No Detections,No Detections,No Detections,2026-05-22,NA,NA,0,0,2
Southern Short-tailed Shrew,TE14,Mammalia,Blarina,carolinensis,2026-05-23,2026-05-23T01:18:37Z,2026-05-23T01:18:37Z,0,0,2
No Detections,TE14,No Detections,No Detections,No Detections,2026-05-24,NA,NA,0,0,2
No Detections,TE14,No Detections,No Detections,No Detections,2026-05-25,NA,NA,0,0,2
No Detections,TE14,No Detections,No Detections,No Detections,2026-05-26,NA,NA,0,0,2
No Detections,TE14,No Detections,No Detections,No Detections,2026-05-27,NA,NA,0,0,2
No Detections,TE14,No Detections,No Detections,No Detections,2026-05-28,NA,NA,0,0,2
No Detections,TE14,No Detections,No Detections,No Detections,2026-05-29,NA,NA,0,0,2
No Detections,TE14,No Detections,No Detections,No Detections,2026-05-30,NA,NA,0,0,2
No Detections,TE14,No Detections,No Detections,No Detections,2026-05-31,NA,NA,0,0,2
Plestiodon Species,TE14,Reptilia,Plestiodon,NA,2026-06-01,2026-06-01T14:52:02Z,2026-06-01T14:52:05Z,0,0,2
Southeastern Shrew,TE14,Mammalia,Sorex,longirostris,2026-06-01,2026-06-01T19:41:08Z,2026-06-01T19:41:09Z,0,0,2
Southern Short-tailed Shrew,TE14,Mammalia,Blarina,carolinensis,2026-06-01,2026-06-01T21:45:25Z,2026-06-01T21:46:19Z,0,0,2
Peromyscus or Ochrotomys Species,TE14,Mammalia,Peromyscus,NA,2026-06-01,2026-06-01T22:11:54Z,2026-06-01T22:11:56Z,0,0,2
No Detections,TE14,No Detections,No Detections,No Detections,2026-06-02,NA,NA,0,0,2
No Detections,TE14,No Detections,No Detections,No Detections,2026-06-03,NA,NA,0,0,2
No Detections,TE14,No Detections,No Detections,No Detections,2026-06-04,NA,NA,0,0,2
No Detections,TE14,No Detections,No Detections,No Detections,2026-06-05,NA,NA,0,0,2
No Detections,TE14,No Detections,No Detections,No Detections,2026-06-06,NA,NA,0,0,2
No Detections,TE14,No Detections,No Detections,No Detections,2026-06-07,NA,NA,0,0,2
No Detections,TE14,No Detections,No Detections,No Detections,2026-06-08,NA,NA,0,0,2
No Detections,TE14,No Detections,No Detections,No Detections,2026-06-09,NA,NA,0,0,2
No Detections,TE14,No Detections,No Detections,No Detections,2026-06-10,NA,NA,0,0,2
No Detections,TE14,No Detections,No Detections,No Detections,2026-06-11,NA,NA,0,0,2
Southeastern Shrew,TE14,Mammalia,Sorex,longirostris,2026-06-12,2026-06-12T23:11:57Z,2026-06-12T23:11:57Z,0,0,2
Southeastern Shrew,TE14,Mammalia,Sorex,longirostris,2026-06-13,2026-06-13T01:52:04Z,2026-06-13T01:52:06Z,0,0,2
House Mouse,TE14,Mammalia,Mus,musculus,2026-06-13,2026-06-13T04:44:14Z,2026-06-13T04:44:16Z,0,0,2
No Detections,TE14,No Detections,No Detections,No Detections,2026-06-14,NA,NA,0,0,2
No Detections,TE14,No Detections,No Detections,No Detections,2026-06-15,NA,NA,0,0,2
Southeastern Shrew,TE14,Mammalia,Sorex,longirostris,2026-06-16,2026-06-16T03:19:13Z,2026-06-16T03:19:15Z,0,0,2
Plestiodon Species,TE14,Reptilia,Plestiodon,NA,2026-06-17,2026-06-17T10:44:25Z,2026-06-17T10:44:28Z,0,0,2
No Detections,TE14,No Detections,No Detections,No Detections,2026-06-18,NA,NA,0,0,2
Plestiodon Species,TE14,Reptilia,Plestiodon,NA,2026-06-19,2026-06-19T15:03:46Z,2026-06-19T15:03:50Z,0,0,2
Plestiodon Species,TE14,Reptilia,Plestiodon,NA,2026-06-20,2026-06-20T08:22:56Z,2026-06-20T08:23:08Z,0,0,2
No Detections,TE14,No Detections,No Detections,No Detections,2026-06-21,NA,NA,0,0,2
No Detections,TE14,No Detections,No Detections,No Detections,2026-06-22,NA,NA,0,0,2
No Detections,TE14,No Detections,No Detections,No Detections,2026-06-23,NA,NA,0,0,2
No Detections,TE14,No Detections,No Detections,No Detections,2026-06-24,NA,NA,0,0,2
Plestiodon Species,TE14,Reptilia,Plestiodon,NA,2026-06-25,2026-06-25T09:05:47Z,2026-06-25T09:05:50Z,0,0,2
Southeastern Shrew,TE14,Mammalia,Sorex,longirostris,2026-06-26,2026-06-26T02:19:18Z,2026-06-26T02:19:55Z,0,0,2
Plestiodon Species,TE14,Reptilia,Plestiodon,NA,2026-06-26,2026-06-26T08:50:14Z,2026-06-26T08:50:17Z,0,0,2
No Detections,TE14,No Detections,No Detections,No Detections,2026-06-27,NA,NA,0,0,2
Southeastern Shrew,TE14,Mammalia,Sorex,longirostris,2026-06-28,2026-06-28T00:41:18Z,2026-06-28T00:41:24Z,0,0,2
Plestiodon Species,TE14,Reptilia,Plestiodon,NA,2026-06-28,2026-06-28T11:43:32Z,2026-06-28T11:43:35Z,0,0,2
No Detections,TE14,No Detections,No Detections,No Detections,2026-06-29,NA,NA,0,0,2
No Detections,TE14,No Detections,No Detections,No Detections,2026-06-30,NA,NA,0,0,2
No Detections,TE14,No Detections,No Detections,No Detections,2026-07-01,NA,NA,0,0,2
Peromyscus or Ochrotomys Species,TE14,Mammalia,Peromyscus,NA,2026-07-02,2026-07-02T21:38:31Z,2026-07-02T21:38:34Z,0,0,2
Peromyscus or Ochrotomys Species,TE14,Mammalia,Peromyscus,NA,2026-07-03,2026-07-03T20:48:30Z,2026-07-03T20:49:04Z,0,0,2
Plestiodon Species,TE14,Reptilia,Plestiodon,NA,2026-07-04,2026-07-04T07:13:28Z,2026-07-04T07:13:31Z,0,0,2
No Detections,TE14,No Detections,No Detections,No Detections,2026-07-05,NA,NA,0,0,2
No Detections,TE14,No Detections,No Detections,No Detections,2026-07-06,NA,NA,0,0,2
No Detections,TE14,No Detections,No Detections,No Detections,2026-07-07,NA,NA,0,0,2
No Detections,TE14,No Detections,No Detections,No Detections,2026-07-08,NA,NA,0,0,2
No Detections,TE14,No Detections,No Detections,No Detections,2026-07-09,NA,NA,0,0,1
No Detections,TE14,No Detections,No Detections,No Detections,2026-07-10,NA,NA,0,0,1
No Detections,TE14,No Detections,No Detections,No Detections,2026-07-11,NA,NA,0,0,1
No Detections,TE14,No Detections,No Detections,No Detections,2026-07-12,NA,NA,0,0,1
No Detections,TE14,No Detections,No Detections,No Detections,2026-07-13,NA,NA,0,0,1
No Detections,TE14,No Detections,No Detections,No Detections,2026-07-14,NA,NA,0,0,1
No Detections,TE14,No Detections,No Detections,No Detections,2026-07-15,NA,NA,0,0,1
No Detections,TE14,No Detections,No Detections,No Detections,2026-07-16,NA,NA,0,0,1
No Detections,TE14,No Detections,No Detections,No Detections,2026-07-17,NA,NA,0,0,1
No Detections,TE14,No Detections,No Detections,No Detections,2026-07-18,NA,NA,0,0,1
No Detections,TE14,No Detections,No Detections,No Detections,2026-07-19,NA,NA,0,0,1
No Detections,TE14,No Detections,No Detections,No Detections,2026-07-20,NA,NA,0,0,1
No Detections,TE14,No Detections,No Detections,No Detections,2026-07-21,NA,NA,0,0,1
No Detections,TE14,No Detections,No Detections,No Detections,2026-07-22,NA,NA,0,0,1
No Detections,TE14,No Detections,No Detections,No Detections,2026-07-23,NA,NA,0,0,1
No Detections,TE14,No Detections,No Detections,No Detections,2026-07-24,NA,NA,0,0,1
No Detections,TE14,No Detections,No Detections,No Detections,2026-07-25,NA,NA,0,0,1
No Detections,TE14,No Detections,No Detections,No Detections,2026-07-26,NA,NA,0,0,1
No Detections,TE14,No Detections,No Detections,No Detections,2026-07-27,NA,NA,0,0,1
Southeastern Shrew,TE14,Mammalia,Sorex,longirostris,2026-07-28,2026-07-28T04:58:17Z,2026-07-28T04:58:17Z,0,0,1
No Detections,TE14,No Detections,No Detections,No Detections,2026-07-29,NA,NA,0,0,1
No Detections,TE14,No Detections,No Detections,No Detections,2026-07-30,NA,NA,0,0,1
No Detections,TE15,No Detections,No Detections,No Detections,2026-04-02,NA,NA,0,0,1
No Detections,TE15,No Detections,No Detections,No Detections,2026-04-03,NA,NA,0,0,1
House Mouse,TE15,Mammalia,Mus,musculus,2026-04-04,2026-04-04T20:13:15Z,2026-04-04T20:13:15Z,0,0,1
Peromyscus or Ochrotomys Species,TE15,Mammalia,Peromyscus,NA,2026-04-05,2026-04-05T22:43:29Z,2026-04-05T22:44:01Z,0,0,1
No Detections,TE15,No Detections,No Detections,No Detections,2026-04-06,NA,NA,0,0,1
Peromyscus or Ochrotomys Species,TE15,Mammalia,Peromyscus,NA,2026-04-07,2026-04-07T22:19:28Z,2026-04-07T22:21:25Z,0,0,1
Peromyscus or Ochrotomys Species,TE15,Mammalia,Peromyscus,NA,2026-04-08,2026-04-08T01:26:46Z,2026-04-08T01:26:48Z,0,0,1
Peromyscus or Ochrotomys Species,TE15,Mammalia,Peromyscus,NA,2026-04-08,2026-04-08T21:49:24Z,2026-04-08T21:51:41Z,0,0,1
No Detections,TE15,No Detections,No Detections,No Detections,2026-04-09,NA,NA,0,0,1
Peromyscus or Ochrotomys Species,TE15,Mammalia,Peromyscus,NA,2026-04-10,2026-04-10T20:57:23Z,2026-04-10T21:00:52Z,0,0,1
Peromyscus or Ochrotomys Species,TE15,Mammalia,Peromyscus,NA,2026-04-10,2026-04-10T23:19:23Z,2026-04-10T23:19:25Z,0,0,1
Peromyscus or Ochrotomys Species,TE15,Mammalia,Peromyscus,NA,2026-04-11,2026-04-11T00:52:46Z,2026-04-11T00:53:03Z,0,0,1
No Detections,TE15,No Detections,No Detections,No Detections,2026-04-12,NA,NA,0,0,1
No Detections,TE15,No Detections,No Detections,No Detections,2026-04-13,NA,NA,0,0,1
No Detections,TE15,No Detections,No Detections,No Detections,2026-04-14,NA,NA,0,0,1
No Detections,TE15,No Detections,No Detections,No Detections,2026-04-22,NA,NA,0,0,1
No Detections,TE15,No Detections,No Detections,No Detections,2026-04-23,NA,NA,0,0,1
No Detections,TE15,No Detections,No Detections,No Detections,2026-04-24,NA,NA,0,0,1
Southeastern Shrew,TE15,Mammalia,Sorex,longirostris,2026-04-25,2026-04-25T22:16:29Z,2026-04-25T22:16:31Z,0,0,1
House Mouse,TE15,Mammalia,Mus,musculus,2026-04-26,2026-04-26T02:59:38Z,2026-04-26T02:59:38Z,0,0,1
No Detections,TE15,No Detections,No Detections,No Detections,2026-04-27,NA,NA,0,0,1
No Detections,TE15,No Detections,No Detections,No Detections,2026-04-28,NA,NA,0,0,1
No Detections,TE15,No Detections,No Detections,No Detections,2026-04-29,NA,NA,0,0,1
Peromyscus or Ochrotomys Species,TE15,Mammalia,Peromyscus,NA,2026-04-30,2026-04-30T23:13:17Z,2026-04-30T23:13:23Z,0,0,1
No Detections,TE15,No Detections,No Detections,No Detections,2026-05-01,NA,NA,0,0,1
No Detections,TE15,No Detections,No Detections,No Detections,2026-05-02,NA,NA,0,0,1
Peromyscus or Ochrotomys Species,TE15,Mammalia,Peromyscus,NA,2026-05-03,2026-05-03T00:15:57Z,2026-05-03T00:17:24Z,0,0,1
No Detections,TE15,No Detections,No Detections,No Detections,2026-05-04,NA,NA,0,0,1
North American Least Shrew,TE15,Mammalia,Cryptotis,parvus,2026-05-05,2026-05-05T00:30:30Z,2026-05-05T00:30:30Z,0,0,1
Eastern Racer,TE15,Reptilia,Coluber,constrictor,2026-05-05,2026-05-05T09:22:25Z,2026-05-05T09:22:31Z,0,0,1
No Detections,TE15,No Detections,No Detections,No Detections,2026-05-06,NA,NA,0,0,1
No Detections,TE15,No Detections,No Detections,No Detections,2026-05-07,NA,NA,0,0,1
No Detections,TE15,No Detections,No Detections,No Detections,2026-05-08,NA,NA,0,0,1
Eastern Racer,TE15,Reptilia,Coluber,constrictor,2026-05-09,2026-05-09T15:49:11Z,2026-05-09T15:49:17Z,0,0,1
Eastern Rat Snake,TE15,Reptilia,Pantherophis,alleghaniensis,2026-05-10,2026-05-10T12:31:35Z,2026-05-10T12:31:54Z,0,0,1
No Detections,TE15,No Detections,No Detections,No Detections,2026-05-11,NA,NA,0,0,1
No Detections,TE15,No Detections,No Detections,No Detections,2026-05-12,NA,NA,0,0,1
No Detections,TE15,No Detections,No Detections,No Detections,2026-05-13,NA,NA,0,0,1
No Detections,TE15,No Detections,No Detections,No Detections,2026-05-14,NA,NA,0,0,1
No Detections,TE15,No Detections,No Detections,No Detections,2026-05-15,NA,NA,0,0,1
Eastern Racer,TE15,Reptilia,Coluber,constrictor,2026-05-16,2026-05-16T13:28:08Z,2026-05-16T13:28:10Z,0,0,1
No Detections,TE15,No Detections,No Detections,No Detections,2026-05-17,NA,NA,0,0,1
No Detections,TE15,No Detections,No Detections,No Detections,2026-05-18,NA,NA,0,0,1
No Detections,TE15,No Detections,No Detections,No Detections,2026-05-19,NA,NA,0,0,2
No Detections,TE15,No Detections,No Detections,No Detections,2026-05-20,NA,NA,0,0,2
No Detections,TE15,No Detections,No Detections,No Detections,2026-05-21,NA,NA,0,0,2
No Detections,TE15,No Detections,No Detections,No Detections,2026-05-22,NA,NA,0,0,2
Eastern Racer,TE15,Reptilia,Coluber,constrictor,2026-05-23,2026-05-23T13:06:06Z,2026-05-23T13:06:07Z,0,0,2
Southern Short-tailed Shrew,TE15,Mammalia,Blarina,carolinensis,2026-05-23,2026-05-23T22:33:12Z,2026-05-23T22:33:12Z,0,0,2
Common Box Turtle,TE15,Reptilia,Terrapene,carolina,2026-05-24,2026-05-24T13:49:39Z,2026-05-24T13:49:39Z,0,0,2
No Detections,TE15,No Detections,No Detections,No Detections,2026-05-25,NA,NA,0,0,2
Southeastern Shrew,TE15,Mammalia,Sorex,longirostris,2026-05-26,2026-05-26T05:18:28Z,2026-05-26T05:18:28Z,0,0,2
Southeastern Shrew,TE15,Mammalia,Sorex,longirostris,2026-05-27,2026-05-27T06:33:05Z,2026-05-27T06:33:05Z,0,0,2
No Detections,TE15,No Detections,No Detections,No Detections,2026-05-28,NA,NA,0,0,2
No Detections,TE15,No Detections,No Detections,No Detections,2026-05-29,NA,NA,0,0,2
No Detections,TE15,No Detections,No Detections,No Detections,2026-05-30,NA,NA,0,0,2
No Detections,TE15,No Detections,No Detections,No Detections,2026-05-31,NA,NA,0,0,2
No Detections,TE15,No Detections,No Detections,No Detections,2026-06-01,NA,NA,0,0,2
No Detections,TE15,No Detections,No Detections,No Detections,2026-06-02,NA,NA,0,0,2
No Detections,TE15,No Detections,No Detections,No Detections,2026-06-03,NA,NA,0,0,2
No Detections,TE15,No Detections,No Detections,No Detections,2026-06-04,NA,NA,0,0,2
No Detections,TE15,No Detections,No Detections,No Detections,2026-06-05,NA,NA,0,0,2
No Detections,TE15,No Detections,No Detections,No Detections,2026-06-06,NA,NA,0,0,2
No Detections,TE15,No Detections,No Detections,No Detections,2026-06-07,NA,NA,0,0,2
No Detections,TE15,No Detections,No Detections,No Detections,2026-06-08,NA,NA,0,0,2
No Detections,TE15,No Detections,No Detections,No Detections,2026-06-09,NA,NA,0,0,2
No Detections,TE15,No Detections,No Detections,No Detections,2026-06-10,NA,NA,0,0,2
No Detections,TE15,No Detections,No Detections,No Detections,2026-06-11,NA,NA,0,0,2
No Detections,TE15,No Detections,No Detections,No Detections,2026-06-12,NA,NA,0,0,2
No Detections,TE15,No Detections,No Detections,No Detections,2026-06-13,NA,NA,0,0,2
No Detections,TE15,No Detections,No Detections,No Detections,2026-06-14,NA,NA,0,0,2
No Detections,TE15,No Detections,No Detections,No Detections,2026-06-15,NA,NA,0,0,2
No Detections,TE15,No Detections,No Detections,No Detections,2026-06-16,NA,NA,0,0,2
No Detections,TE15,No Detections,No Detections,No Detections,2026-06-17,NA,NA,0,0,2
No Detections,TE15,No Detections,No Detections,No Detections,2026-06-18,NA,NA,0,0,2
No Detections,TE15,No Detections,No Detections,No Detections,2026-06-19,NA,NA,0,0,2
No Detections,TE15,No Detections,No Detections,No Detections,2026-06-20,NA,NA,0,0,2
No Detections,TE15,No Detections,No Detections,No Detections,2026-06-21,NA,NA,0,0,2
No Detections,TE15,No Detections,No Detections,No Detections,2026-06-22,NA,NA,0,0,2
Southeastern Shrew,TE15,Mammalia,Sorex,longirostris,2026-06-23,2026-06-23T22:04:57Z,2026-06-23T22:04:58Z,0,0,2
Plestiodon Species,TE15,Reptilia,Plestiodon,NA,2026-06-24,2026-06-24T12:43:16Z,2026-06-24T12:43:16Z,0,0,2
No Detections,TE15,No Detections,No Detections,No Detections,2026-06-25,NA,NA,0,0,2
No Detections,TE15,No Detections,No Detections,No Detections,2026-06-26,NA,NA,0,0,2
No Detections,TE15,No Detections,No Detections,No Detections,2026-06-27,NA,NA,0,0,2
No Detections,TE15,No Detections,No Detections,No Detections,2026-06-28,NA,NA,0,0,2
No Detections,TE15,No Detections,No Detections,No Detections,2026-06-29,NA,NA,0,0,2
No Detections,TE15,No Detections,No Detections,No Detections,2026-06-30,NA,NA,0,0,2
Southern Toad,TE15,Amphibia,Anaxyrus,terrestris,2026-07-01,2026-07-01T15:41:52Z,2026-07-01T15:42:27Z,0,0,2
Southern Toad,TE15,Amphibia,Anaxyrus,terrestris,2026-07-01,2026-07-01T17:44:31Z,2026-07-01T17:44:31Z,0,0,2
Southern Toad,TE15,Amphibia,Anaxyrus,terrestris,2026-07-01,2026-07-01T19:41:14Z,2026-07-01T20:02:02Z,0,0,2
Southeastern Shrew,TE15,Mammalia,Sorex,longirostris,2026-07-01,2026-07-01T23:25:34Z,2026-07-01T23:25:34Z,0,0,2
Southeastern Shrew,TE15,Mammalia,Sorex,longirostris,2026-07-02,2026-07-02T03:13:01Z,2026-07-02T03:13:02Z,0,0,2
Southern Toad,TE15,Amphibia,Anaxyrus,terrestris,2026-07-02,2026-07-02T19:34:41Z,2026-07-02T19:46:39Z,0,0,2
Southern Short-tailed Shrew,TE15,Mammalia,Blarina,carolinensis,2026-07-02,2026-07-02T23:15:42Z,2026-07-02T23:15:42Z,0,0,2
No Detections,TE15,No Detections,No Detections,No Detections,2026-07-03,NA,NA,0,0,2
No Detections,TE15,No Detections,No Detections,No Detections,2026-07-04,NA,NA,0,0,2
No Detections,TE15,No Detections,No Detections,No Detections,2026-07-05,NA,NA,0,0,2
No Detections,TE15,No Detections,No Detections,No Detections,2026-07-06,NA,NA,0,0,2
No Detections,TE15,No Detections,No Detections,No Detections,2026-07-07,NA,NA,0,0,2
Southern Toad,TE15,Amphibia,Anaxyrus,terrestris,2026-07-08,2026-07-08T13:19:28Z,2026-07-08T13:19:28Z,0,0,2
Southern Toad,TE15,Amphibia,Anaxyrus,terrestris,2026-07-09,2026-07-09T16:40:55Z,2026-07-09T16:40:55Z,0,0,2
No Detections,TE15,No Detections,No Detections,No Detections,2026-07-10,NA,NA,0,0,2
No Detections,TE15,No Detections,No Detections,No Detections,2026-07-11,NA,NA,0,0,2
No Detections,TE15,No Detections,No Detections,No Detections,2026-07-12,NA,NA,0,0,2
No Detections,TE15,No Detections,No Detections,No Detections,2026-07-13,NA,NA,0,0,2
No Detections,TE15,No Detections,No Detections,No Detections,2026-07-14,NA,NA,0,0,2
No Detections,TE15,No Detections,No Detections,No Detections,2026-07-15,NA,NA,0,0,2
No Detections,TE15,No Detections,No Detections,No Detections,2026-07-16,NA,NA,0,0,2
Common Kingsnake,TE15,Reptilia,Lampropeltis,getula,2026-07-17,2026-07-17T08:48:43Z,2026-07-17T08:48:43Z,0,0,2
No Detections,TE15,No Detections,No Detections,No Detections,2026-07-18,NA,NA,0,0,2
No Detections,TE15,No Detections,No Detections,No Detections,2026-07-19,NA,NA,0,0,2
No Detections,TE15,No Detections,No Detections,No Detections,2026-07-20,NA,NA,0,0,2
No Detections,TE15,No Detections,No Detections,No Detections,2026-07-21,NA,NA,0,0,2
Southern Leopard Frog,TE15,Amphibia,Lithobates,sphenocephalus,2026-07-22,2026-07-22T03:52:50Z,2026-07-22T03:52:50Z,0,0,2
No Detections,TE15,No Detections,No Detections,No Detections,2026-07-23,NA,NA,0,0,2
No Detections,TE15,No Detections,No Detections,No Detections,2026-07-24,NA,NA,0,0,2
No Detections,TE15,No Detections,No Detections,No Detections,2026-07-25,NA,NA,0,0,2
No Detections,TE15,No Detections,No Detections,No Detections,2026-07-26,NA,NA,0,0,2
No Detections,TE15,No Detections,No Detections,No Detections,2026-07-27,NA,NA,0,0,2
No Detections,TE16,No Detections,No Detections,No Detections,2026-04-02,NA,NA,0,0,2
No Detections,TE16,No Detections,No Detections,No Detections,2026-04-03,NA,NA,0,0,2
No Detections,TE16,No Detections,No Detections,No Detections,2026-04-04,NA,NA,0,0,2
Southeastern Shrew,TE16,Mammalia,Sorex,longirostris,2026-04-05,2026-04-05T03:57:23Z,2026-04-05T03:57:25Z,0,0,2
No Detections,TE16,No Detections,No Detections,No Detections,2026-04-06,NA,NA,0,0,2
No Detections,TE16,No Detections,No Detections,No Detections,2026-04-07,NA,NA,0,0,2
Southeastern Shrew,TE16,Mammalia,Sorex,longirostris,2026-04-08,2026-04-08T04:35:26Z,2026-04-08T04:35:26Z,0,0,2
Peromyscus or Ochrotomys Species,TE16,Mammalia,Peromyscus,NA,2026-04-09,2026-04-09T01:47:13Z,2026-04-09T01:48:26Z,0,0,2
No Detections,TE16,No Detections,No Detections,No Detections,2026-04-10,NA,NA,0,0,2
No Detections,TE16,No Detections,No Detections,No Detections,2026-04-11,NA,NA,0,0,2
Southeastern Shrew,TE16,Mammalia,Sorex,longirostris,2026-04-12,2026-04-12T21:15:12Z,2026-04-12T21:15:22Z,0,0,2
Peromyscus or Ochrotomys Species,TE16,Mammalia,Peromyscus,NA,2026-04-13,2026-04-13T23:10:11Z,2026-04-13T23:10:13Z,0,0,2
No Detections,TE16,No Detections,No Detections,No Detections,2026-04-14,NA,NA,0,0,2
Plestiodon Species,TE16,Reptilia,Plestiodon,NA,2026-04-15,2026-04-15T08:54:49Z,2026-04-15T08:54:49Z,0,0,2
No Detections,TE16,No Detections,No Detections,No Detections,2026-04-16,NA,NA,0,0,2
Peromyscus or Ochrotomys Species,TE16,Mammalia,Peromyscus,NA,2026-04-17,2026-04-17T23:35:39Z,2026-04-17T23:35:41Z,0,0,2
No Detections,TE16,No Detections,No Detections,No Detections,2026-04-18,NA,NA,0,0,2
No Detections,TE16,No Detections,No Detections,No Detections,2026-04-19,NA,NA,0,0,2
No Detections,TE16,No Detections,No Detections,No Detections,2026-04-20,NA,NA,0,0,2
Plestiodon Species,TE16,Reptilia,Plestiodon,NA,2026-04-21,2026-04-21T15:18:51Z,2026-04-21T15:18:51Z,0,0,2
House Mouse,TE16,Mammalia,Mus,musculus,2026-04-21,2026-04-21T21:05:33Z,2026-04-21T21:05:33Z,0,0,2
No Detections,TE16,No Detections,No Detections,No Detections,2026-04-22,NA,NA,0,0,2
Plestiodon Species,TE16,Reptilia,Plestiodon,NA,2026-04-23,2026-04-23T08:48:16Z,2026-04-23T08:48:17Z,0,0,2
Plestiodon Species,TE16,Reptilia,Plestiodon,NA,2026-04-24,2026-04-24T11:27:16Z,2026-04-24T11:27:16Z,0,0,2
No Detections,TE16,No Detections,No Detections,No Detections,2026-04-25,NA,NA,0,0,2
No Detections,TE16,No Detections,No Detections,No Detections,2026-04-26,NA,NA,0,0,2
No Detections,TE16,No Detections,No Detections,No Detections,2026-04-27,NA,NA,0,0,2
No Detections,TE16,No Detections,No Detections,No Detections,2026-04-28,NA,NA,0,0,2
No Detections,TE16,No Detections,No Detections,No Detections,2026-04-29,NA,NA,0,0,2
No Detections,TE16,No Detections,No Detections,No Detections,2026-04-30,NA,NA,0,0,2
Peromyscus or Ochrotomys Species,TE16,Mammalia,Peromyscus,NA,2026-05-01,2026-05-01T01:09:56Z,2026-05-01T01:09:58Z,0,0,2
Peromyscus or Ochrotomys Species,TE16,Mammalia,Peromyscus,NA,2026-05-01,2026-05-01T02:47:25Z,2026-05-01T02:47:25Z,0,0,2
No Detections,TE16,No Detections,No Detections,No Detections,2026-05-02,NA,NA,0,0,2
House Mouse,TE16,Mammalia,Mus,musculus,2026-05-03,2026-05-03T00:43:11Z,2026-05-03T00:43:15Z,0,0,2
Southeastern Shrew,TE16,Mammalia,Sorex,longirostris,2026-05-04,2026-05-04T19:15:25Z,2026-05-04T19:15:28Z,0,0,1
No Detections,TE16,No Detections,No Detections,No Detections,2026-05-05,NA,NA,0,0,1
Southeastern Shrew,TE16,Mammalia,Sorex,longirostris,2026-05-06,2026-05-06T20:41:22Z,2026-05-06T20:41:24Z,0,0,1
No Detections,TE16,No Detections,No Detections,No Detections,2026-05-07,NA,NA,0,0,1
No Detections,TE16,No Detections,No Detections,No Detections,2026-06-02,NA,NA,0,0,2
No Detections,TE16,No Detections,No Detections,No Detections,2026-06-03,NA,NA,0,0,2
No Detections,TE16,No Detections,No Detections,No Detections,2026-06-04,NA,NA,0,0,2
No Detections,TE16,No Detections,No Detections,No Detections,2026-06-05,NA,NA,0,0,2
No Detections,TE16,No Detections,No Detections,No Detections,2026-06-06,NA,NA,0,0,2
Eastern Narrowmouth Toad,TE16,Amphibia,Gastrophryne,carolinensis,2026-06-07,2026-06-07T03:47:36Z,2026-06-07T03:47:37Z,0,0,2
Eastern Racer,TE16,Reptilia,Coluber,constrictor,2026-06-08,2026-06-08T00:11:05Z,2026-06-08T00:11:21Z,0,0,2
No Detections,TE16,No Detections,No Detections,No Detections,2026-06-09,NA,NA,0,0,2
No Detections,TE16,No Detections,No Detections,No Detections,2026-06-10,NA,NA,0,0,2
Plestiodon Species,TE16,Reptilia,Plestiodon,NA,2026-06-11,2026-06-11T07:44:49Z,2026-06-11T07:44:52Z,0,0,2
No Detections,TE16,No Detections,No Detections,No Detections,2026-06-12,NA,NA,0,0,2
No Detections,TE16,No Detections,No Detections,No Detections,2026-06-13,NA,NA,0,0,2
No Detections,TE16,No Detections,No Detections,No Detections,2026-06-14,NA,NA,0,0,2
No Detections,TE16,No Detections,No Detections,No Detections,2026-06-15,NA,NA,0,0,2
No Detections,TE16,No Detections,No Detections,No Detections,2026-06-16,NA,NA,0,0,2
No Detections,TE16,No Detections,No Detections,No Detections,2026-06-17,NA,NA,0,0,2
No Detections,TE16,No Detections,No Detections,No Detections,2026-06-18,NA,NA,0,0,2
No Detections,TE16,No Detections,No Detections,No Detections,2026-06-19,NA,NA,0,0,2
No Detections,TE16,No Detections,No Detections,No Detections,2026-06-20,NA,NA,0,0,2
No Detections,TE16,No Detections,No Detections,No Detections,2026-06-21,NA,NA,0,0,2
No Detections,TE16,No Detections,No Detections,No Detections,2026-06-22,NA,NA,0,0,2
No Detections,TE16,No Detections,No Detections,No Detections,2026-06-23,NA,NA,0,0,2
No Detections,TE16,No Detections,No Detections,No Detections,2026-06-24,NA,NA,0,0,2
No Detections,TE16,No Detections,No Detections,No Detections,2026-06-25,NA,NA,0,0,2
No Detections,TE16,No Detections,No Detections,No Detections,2026-06-26,NA,NA,0,0,2
No Detections,TE16,No Detections,No Detections,No Detections,2026-06-27,NA,NA,0,0,2
Plestiodon Species,TE16,Reptilia,Plestiodon,NA,2026-06-28,2026-06-28T08:55:27Z,2026-06-28T08:55:27Z,0,0,2
No Detections,TE16,No Detections,No Detections,No Detections,2026-06-29,NA,NA,0,0,2
No Detections,TE16,No Detections,No Detections,No Detections,2026-06-30,NA,NA,0,0,2
No Detections,TE16,No Detections,No Detections,No Detections,2026-07-01,NA,NA,0,0,2
Peromyscus or Ochrotomys Species,TE16,Mammalia,Peromyscus,NA,2026-07-02,2026-07-02T09:22:22Z,2026-07-02T09:22:38Z,0,0,2
No Detections,TE16,No Detections,No Detections,No Detections,2026-07-03,NA,NA,0,0,2
No Detections,TE16,No Detections,No Detections,No Detections,2026-07-04,NA,NA,0,0,2
No Detections,TE16,No Detections,No Detections,No Detections,2026-07-05,NA,NA,0,0,2
No Detections,TE16,No Detections,No Detections,No Detections,2026-07-06,NA,NA,0,0,2
No Detections,TE16,No Detections,No Detections,No Detections,2026-07-07,NA,NA,0,0,2
No Detections,TE16,No Detections,No Detections,No Detections,2026-07-08,NA,NA,0,0,2
No Detections,TE16,No Detections,No Detections,No Detections,2026-07-09,NA,NA,0,0,2
Southern Toad,TE16,Amphibia,Anaxyrus,terrestris,2026-07-10,2026-07-10T07:08:11Z,2026-07-10T07:12:31Z,0,0,2
No Detections,TE16,No Detections,No Detections,No Detections,2026-07-11,NA,NA,0,0,2
No Detections,TE16,No Detections,No Detections,No Detections,2026-07-12,NA,NA,0,0,2
No Detections,TE16,No Detections,No Detections,No Detections,2026-07-13,NA,NA,0,0,2
No Detections,TE16,No Detections,No Detections,No Detections,2026-07-14,NA,NA,0,0,2
No Detections,TE16,No Detections,No Detections,No Detections,2026-07-15,NA,NA,0,0,2
No Detections,TE16,No Detections,No Detections,No Detections,2026-07-16,NA,NA,0,0,2
Southern Leopard Frog,TE16,Amphibia,Lithobates,sphenocephalus,2026-07-17,2026-07-17T09:16:11Z,2026-07-17T09:16:11Z,0,0,2
No Detections,TE16,No Detections,No Detections,No Detections,2026-07-18,NA,NA,0,0,2
No Detections,TE16,No Detections,No Detections,No Detections,2026-07-19,NA,NA,0,0,2
No Detections,TE16,No Detections,No Detections,No Detections,2026-07-20,NA,NA,0,0,2
No Detections,TE16,No Detections,No Detections,No Detections,2026-07-21,NA,NA,0,0,2
No Detections,TE16,No Detections,No Detections,No Detections,2026-07-22,NA,NA,0,0,2
House Mouse,TE16,Mammalia,Mus,musculus,2026-07-23,2026-07-23T03:30:18Z,2026-07-23T03:30:18Z,0,0,2
Southeastern Shrew,TE16,Mammalia,Sorex,longirostris,2026-07-23,2026-07-23T03:38:11Z,2026-07-23T03:38:30Z,0,0,2
Southeastern Shrew,TE16,Mammalia,Sorex,longirostris,2026-07-23,2026-07-23T04:50:46Z,2026-07-23T05:06:39Z,0,0,2
No Detections,TE16,No Detections,No Detections,No Detections,2026-07-24,NA,NA,0,0,2
No Detections,TE16,No Detections,No Detections,No Detections,2026-07-25,NA,NA,0,0,2
Hispid Cotton Rat,TE16,Mammalia,Sigmodon,hispidus,2026-07-26,2026-07-26T08:51:51Z,2026-07-26T08:51:51Z,0,0,2
No Detections,TE16,No Detections,No Detections,No Detections,2026-07-27,NA,NA,0,0,2
No Detections,TO01,No Detections,No Detections,No Detections,2026-04-10,NA,NA,0,0,2
No Detections,TO01,No Detections,No Detections,No Detections,2026-04-11,NA,NA,0,0,2
No Detections,TO01,No Detections,No Detections,No Detections,2026-04-12,NA,NA,0,0,2
No Detections,TO01,No Detections,No Detections,No Detections,2026-04-13,NA,NA,0,0,2
No Detections,TO01,No Detections,No Detections,No Detections,2026-04-14,NA,NA,0,0,2
No Detections,TO01,No Detections,No Detections,No Detections,2026-04-15,NA,NA,0,0,2
Little Brown Skink,TO01,Reptilia,Scincella,lateralis,2026-04-16,2026-04-16T09:46:00Z,2026-04-16T09:46:00Z,0,0,2
Eastern Racer,TO01,Reptilia,Coluber,constrictor,2026-04-17,2026-04-17T17:11:51Z,2026-04-17T17:11:56Z,0,0,2
Eastern Racer,TO01,Reptilia,Coluber,constrictor,2026-04-18,2026-04-18T10:32:34Z,2026-04-18T10:32:38Z,0,0,2
No Detections,TO01,No Detections,No Detections,No Detections,2026-04-19,NA,NA,0,0,2
No Detections,TO01,No Detections,No Detections,No Detections,2026-04-20,NA,NA,0,0,2
No Detections,TO01,No Detections,No Detections,No Detections,2026-04-21,NA,NA,0,0,2
No Detections,TO01,No Detections,No Detections,No Detections,2026-04-22,NA,NA,0,0,2
No Detections,TO01,No Detections,No Detections,No Detections,2026-04-23,NA,NA,0,0,2
Southern Toad,TO01,Amphibia,Anaxyrus,terrestris,2026-04-24,2026-04-24T19:28:54Z,2026-04-24T20:07:27Z,0,0,2
Southern Toad,TO01,Amphibia,Anaxyrus,terrestris,2026-04-24,2026-04-24T21:44:09Z,2026-04-24T21:47:33Z,0,0,2
Southern Toad,TO01,Amphibia,Anaxyrus,terrestris,2026-04-25,2026-04-25T04:28:21Z,2026-04-25T05:19:06Z,0,0,2
No Detections,TO01,No Detections,No Detections,No Detections,2026-04-26,NA,NA,0,0,2
No Detections,TO01,No Detections,No Detections,No Detections,2026-04-27,NA,NA,0,0,2
No Detections,TO01,No Detections,No Detections,No Detections,2026-04-28,NA,NA,0,0,2
No Detections,TO01,No Detections,No Detections,No Detections,2026-04-29,NA,NA,0,0,2
Southern Toad,TO01,Amphibia,Anaxyrus,terrestris,2026-04-30,2026-04-30T00:39:01Z,2026-04-30T00:39:01Z,0,0,2
No Detections,TO01,No Detections,No Detections,No Detections,2026-05-01,NA,NA,0,0,2
House Mouse,TO01,Mammalia,Mus,musculus,2026-05-02,2026-05-02T22:10:06Z,2026-05-02T22:10:20Z,0,0,2
Eastern Racer,TO01,Reptilia,Coluber,constrictor,2026-05-03,2026-05-03T12:04:11Z,2026-05-03T12:04:20Z,0,0,2
House Mouse,TO01,Mammalia,Mus,musculus,2026-05-04,2026-05-04T20:51:17Z,2026-05-04T20:52:51Z,0,0,2
Peromyscus or Ochrotomys Species,TO01,Mammalia,Peromyscus,NA,2026-05-04,2026-05-04T20:54:29Z,2026-05-04T20:54:29Z,0,0,2
House Mouse,TO01,Mammalia,Mus,musculus,2026-05-05,2026-05-05T23:57:37Z,2026-05-05T23:57:37Z,0,0,2
House Mouse,TO01,Mammalia,Mus,musculus,2026-05-06,2026-05-06T20:55:03Z,2026-05-06T20:55:09Z,0,0,2
Hispid Cotton Rat,TO01,Mammalia,Sigmodon,hispidus,2026-05-06,2026-05-06T21:17:34Z,2026-05-06T21:17:34Z,0,0,2
House Mouse,TO01,Mammalia,Mus,musculus,2026-05-07,2026-05-07T02:40:30Z,2026-05-07T02:41:17Z,0,0,2
No Detections,TO01,No Detections,No Detections,No Detections,2026-05-08,NA,NA,0,0,2
House Mouse,TO01,Mammalia,Mus,musculus,2026-05-09,2026-05-09T04:52:19Z,2026-05-09T04:52:19Z,0,0,2
House Mouse,TO01,Mammalia,Mus,musculus,2026-05-09,2026-05-09T20:45:54Z,2026-05-09T20:50:05Z,0,0,2
No Detections,TO01,No Detections,No Detections,No Detections,2026-05-10,NA,NA,0,0,2
No Detections,TO01,No Detections,No Detections,No Detections,2026-05-11,NA,NA,0,0,2
No Detections,TO01,No Detections,No Detections,No Detections,2026-05-12,NA,NA,0,0,2
Eastern Racer,TO01,Reptilia,Coluber,constrictor,2026-05-13,2026-05-13T16:48:37Z,2026-05-13T16:48:38Z,0,0,2
House Mouse,TO01,Mammalia,Mus,musculus,2026-05-13,2026-05-13T21:48:11Z,2026-05-13T21:48:11Z,0,0,2
No Detections,TO01,No Detections,No Detections,No Detections,2026-05-14,NA,NA,0,0,2
No Detections,TO01,No Detections,No Detections,No Detections,2026-05-15,NA,NA,0,0,2
No Detections,TO01,No Detections,No Detections,No Detections,2026-05-16,NA,NA,0,0,2
No Detections,TO01,No Detections,No Detections,No Detections,2026-05-17,NA,NA,0,0,2
No Detections,TO01,No Detections,No Detections,No Detections,2026-05-18,NA,NA,0,0,2
No Detections,TO01,No Detections,No Detections,No Detections,2026-05-19,NA,NA,0,0,2
No Detections,TO01,No Detections,No Detections,No Detections,2026-05-20,NA,NA,0,0,2
Southern Toad,TO01,Amphibia,Anaxyrus,terrestris,2026-05-21,2026-05-21T22:46:37Z,2026-05-21T22:46:55Z,0,0,2
No Detections,TO01,No Detections,No Detections,No Detections,2026-05-22,NA,NA,0,0,2
No Detections,TO01,No Detections,No Detections,No Detections,2026-05-23,NA,NA,0,0,2
Peromyscus or Ochrotomys Species,TO01,Mammalia,Peromyscus,NA,2026-05-24,2026-05-24T00:16:42Z,2026-05-24T00:16:44Z,0,0,2
No Detections,TO01,No Detections,No Detections,No Detections,2026-05-25,NA,NA,0,0,2
No Detections,TO01,No Detections,No Detections,No Detections,2026-05-26,NA,NA,0,0,2
No Detections,TO01,No Detections,No Detections,No Detections,2026-05-27,NA,NA,0,0,2
No Detections,TO01,No Detections,No Detections,No Detections,2026-05-28,NA,NA,0,0,2
No Detections,TO01,No Detections,No Detections,No Detections,2026-05-29,NA,NA,0,0,2
Peromyscus or Ochrotomys Species,TO01,Mammalia,Peromyscus,NA,2026-05-30,2026-05-30T23:27:34Z,2026-05-30T23:27:38Z,0,0,2
Southeastern Shrew,TO01,Mammalia,Sorex,longirostris,2026-05-31,2026-05-31T00:29:47Z,2026-05-31T00:29:49Z,0,0,2
No Detections,TO01,No Detections,No Detections,No Detections,2026-06-01,NA,NA,0,0,2
No Detections,TO01,No Detections,No Detections,No Detections,2026-06-02,NA,NA,0,0,2
No Detections,TO01,No Detections,No Detections,No Detections,2026-06-03,NA,NA,0,0,2
Southeastern Shrew,TO01,Mammalia,Sorex,longirostris,2026-06-04,2026-06-04T04:09:54Z,2026-06-04T04:09:56Z,0,0,2
Peromyscus or Ochrotomys Species,TO01,Mammalia,Peromyscus,NA,2026-06-05,2026-06-05T02:15:39Z,2026-06-05T02:15:41Z,0,0,2
No Detections,TO01,No Detections,No Detections,No Detections,2026-06-06,NA,NA,0,0,2
No Detections,TO01,No Detections,No Detections,No Detections,2026-06-07,NA,NA,0,0,2
No Detections,TO01,No Detections,No Detections,No Detections,2026-06-08,NA,NA,0,0,2
No Detections,TO01,No Detections,No Detections,No Detections,2026-06-09,NA,NA,0,0,2
No Detections,TO01,No Detections,No Detections,No Detections,2026-06-10,NA,NA,0,0,2
No Detections,TO01,No Detections,No Detections,No Detections,2026-06-11,NA,NA,0,0,2
No Detections,TO01,No Detections,No Detections,No Detections,2026-06-12,NA,NA,0,0,2
Peromyscus or Ochrotomys Species,TO01,Mammalia,Peromyscus,NA,2026-06-13,2026-06-13T02:18:04Z,2026-06-13T02:18:05Z,0,0,2
No Detections,TO01,No Detections,No Detections,No Detections,2026-06-14,NA,NA,0,0,2
North American Least Shrew,TO01,Mammalia,Cryptotis,parvus,2026-06-15,2026-06-15T00:55:38Z,2026-06-15T00:55:38Z,0,0,2
Southern Leopard Frog,TO01,Amphibia,Lithobates,sphenocephalus,2026-06-15,2026-06-15T02:13:55Z,2026-06-15T02:13:55Z,0,0,2
North American Least Shrew,TO01,Mammalia,Cryptotis,parvus,2026-06-16,2026-06-16T04:05:51Z,2026-06-16T04:05:53Z,0,0,2
Peromyscus or Ochrotomys Species,TO01,Mammalia,Peromyscus,NA,2026-06-16,2026-06-16T05:30:49Z,2026-06-16T05:30:51Z,0,0,2
Hispid Cotton Rat,TO01,Mammalia,Sigmodon,hispidus,2026-06-16,2026-06-16T05:49:46Z,2026-06-16T05:53:53Z,0,0,2
Southern Toad,TO01,Amphibia,Anaxyrus,terrestris,2026-06-16,2026-06-16T21:11:12Z,2026-06-16T21:11:17Z,0,0,2
No Detections,TO01,No Detections,No Detections,No Detections,2026-06-17,NA,NA,0,0,2
Plestiodon Species,TO01,Reptilia,Plestiodon,NA,2026-06-18,2026-06-18T07:21:57Z,2026-06-18T07:21:58Z,0,0,2
No Detections,TO01,No Detections,No Detections,No Detections,2026-06-19,NA,NA,0,0,2
Hispid Cotton Rat,TO01,Mammalia,Sigmodon,hispidus,2026-06-20,2026-06-20T01:49:11Z,2026-06-20T01:49:15Z,0,0,2
Hispid Cotton Rat,TO01,Mammalia,Sigmodon,hispidus,2026-06-20,2026-06-20T05:51:51Z,2026-06-20T05:51:54Z,0,0,2
Hispid Cotton Rat,TO01,Mammalia,Sigmodon,hispidus,2026-06-21,2026-06-21T07:17:40Z,2026-06-21T07:17:54Z,0,0,2
No Detections,TO01,No Detections,No Detections,No Detections,2026-06-22,NA,NA,0,0,2
Southeastern Shrew,TO01,Mammalia,Sorex,longirostris,2026-06-23,2026-06-23T02:47:14Z,2026-06-23T02:47:15Z,0,0,2
Southeastern Shrew,TO01,Mammalia,Sorex,longirostris,2026-06-23,2026-06-23T05:33:18Z,2026-06-23T05:33:19Z,0,0,2
Hispid Cotton Rat,TO01,Mammalia,Sigmodon,hispidus,2026-06-23,2026-06-23T05:51:59Z,2026-06-23T06:08:08Z,0,0,2
No Detections,TO01,No Detections,No Detections,No Detections,2026-06-24,NA,NA,0,0,2
Hispid Cotton Rat,TO01,Mammalia,Sigmodon,hispidus,2026-06-25,2026-06-25T05:59:43Z,2026-06-25T06:00:20Z,0,0,2
No Detections,TO01,No Detections,No Detections,No Detections,2026-06-26,NA,NA,0,0,2
No Detections,TO01,No Detections,No Detections,No Detections,2026-06-27,NA,NA,0,0,2
No Detections,TO01,No Detections,No Detections,No Detections,2026-06-28,NA,NA,0,0,2
No Detections,TO01,No Detections,No Detections,No Detections,2026-06-29,NA,NA,0,0,2
Southern Toad,TO01,Amphibia,Anaxyrus,terrestris,2026-06-30,2026-06-30T20:52:51Z,2026-06-30T21:10:33Z,0,0,2
Hispid Cotton Rat,TO01,Mammalia,Sigmodon,hispidus,2026-06-30,2026-06-30T22:18:13Z,2026-06-30T22:18:14Z,0,0,2
No Detections,TO01,No Detections,No Detections,No Detections,2026-07-01,NA,NA,0,0,2
Southeastern Shrew,TO01,Mammalia,Sorex,longirostris,2026-07-02,2026-07-02T03:50:20Z,2026-07-02T03:50:21Z,0,0,2
Hispid Cotton Rat,TO01,Mammalia,Sigmodon,hispidus,2026-07-02,2026-07-02T23:21:55Z,2026-07-02T23:21:55Z,0,0,2
No Detections,TO01,No Detections,No Detections,No Detections,2026-07-03,NA,NA,0,0,2
No Detections,TO01,No Detections,No Detections,No Detections,2026-07-04,NA,NA,0,0,2
No Detections,TO01,No Detections,No Detections,No Detections,2026-07-05,NA,NA,0,0,2
No Detections,TO01,No Detections,No Detections,No Detections,2026-07-06,NA,NA,0,0,2
Hispid Cotton Rat,TO01,Mammalia,Sigmodon,hispidus,2026-07-07,2026-07-07T18:03:46Z,2026-07-07T18:03:49Z,0,0,2
Hispid Cotton Rat,TO01,Mammalia,Sigmodon,hispidus,2026-07-08,2026-07-08T06:15:30Z,2026-07-08T06:15:30Z,0,0,2
Hispid Cotton Rat,TO01,Mammalia,Sigmodon,hispidus,2026-07-08,2026-07-08T07:17:23Z,2026-07-08T07:17:25Z,0,0,2
Plestiodon Species,TO01,Reptilia,Plestiodon,NA,2026-07-08,2026-07-08T08:47:47Z,2026-07-08T08:47:48Z,0,0,2
Plestiodon Species,TO01,Reptilia,Plestiodon,NA,2026-07-09,2026-07-09T07:54:49Z,2026-07-09T08:00:30Z,0,0,2
No Detections,TO01,No Detections,No Detections,No Detections,2026-07-10,NA,NA,0,0,2
No Detections,TO01,No Detections,No Detections,No Detections,2026-07-11,NA,NA,0,0,2
No Detections,TO01,No Detections,No Detections,No Detections,2026-07-12,NA,NA,0,0,2
Plestiodon Species,TO01,Reptilia,Plestiodon,NA,2026-07-13,2026-07-13T16:26:32Z,2026-07-13T16:26:34Z,0,0,2
Hispid Cotton Rat,TO01,Mammalia,Sigmodon,hispidus,2026-07-13,2026-07-13T19:47:44Z,2026-07-13T19:47:56Z,0,0,2
No Detections,TO01,No Detections,No Detections,No Detections,2026-07-14,NA,NA,0,0,2
Hispid Cotton Rat,TO01,Mammalia,Sigmodon,hispidus,2026-07-15,2026-07-15T06:52:16Z,2026-07-15T07:04:55Z,0,0,2
No Detections,TO01,No Detections,No Detections,No Detections,2026-07-16,NA,NA,0,0,2
Hispid Cotton Rat,TO01,Mammalia,Sigmodon,hispidus,2026-07-17,2026-07-17T05:59:34Z,2026-07-17T05:59:35Z,0,0,2
Hispid Cotton Rat,TO01,Mammalia,Sigmodon,hispidus,2026-07-18,2026-07-18T22:01:01Z,2026-07-18T22:01:02Z,0,0,2
Southern Leopard Frog,TO01,Amphibia,Lithobates,sphenocephalus,2026-07-19,2026-07-19T04:30:35Z,2026-07-19T04:30:36Z,0,0,2
No Detections,TO01,No Detections,No Detections,No Detections,2026-07-20,NA,NA,0,0,2
Plestiodon Species,TO01,Reptilia,Plestiodon,NA,2026-07-21,2026-07-21T09:57:55Z,2026-07-21T09:57:57Z,0,0,2
Hispid Cotton Rat,TO01,Mammalia,Sigmodon,hispidus,2026-07-22,2026-07-22T11:13:30Z,2026-07-22T11:13:32Z,0,0,2
No Detections,TO01,No Detections,No Detections,No Detections,2026-07-23,NA,NA,0,0,2
No Detections,TO01,No Detections,No Detections,No Detections,2026-07-24,NA,NA,0,0,2
No Detections,TO01,No Detections,No Detections,No Detections,2026-07-25,NA,NA,0,0,2
Plestiodon Species,TO01,Reptilia,Plestiodon,NA,2026-07-26,2026-07-26T11:25:09Z,2026-07-26T11:25:16Z,0,0,2
No Detections,TO01,No Detections,No Detections,No Detections,2026-07-27,NA,NA,0,0,2
No Detections,TO02,No Detections,No Detections,No Detections,2026-04-10,NA,NA,0,0,1
No Detections,TO02,No Detections,No Detections,No Detections,2026-04-11,NA,NA,0,0,1
No Detections,TO02,No Detections,No Detections,No Detections,2026-04-12,NA,NA,0,0,1
No Detections,TO02,No Detections,No Detections,No Detections,2026-04-13,NA,NA,0,0,1
Southeastern Shrew,TO02,Mammalia,Sorex,longirostris,2026-04-14,2026-04-14T20:59:56Z,2026-04-14T20:59:57Z,0,0,1
Eastern Harvest Mouse,TO02,Mammalia,Reithrodontomys,humulis,2026-04-15,2026-04-15T23:02:30Z,2026-04-15T23:02:41Z,0,0,1
Eastern Racer,TO02,Reptilia,Coluber,constrictor,2026-04-16,2026-04-16T09:42:27Z,2026-04-16T09:42:28Z,0,0,1
Southern Leopard Frog,TO02,Amphibia,Lithobates,sphenocephalus,2026-04-16,2026-04-16T21:37:16Z,2026-04-16T21:37:42Z,0,0,1
No Detections,TO02,No Detections,No Detections,No Detections,2026-04-17,NA,NA,0,0,1
No Detections,TO02,No Detections,No Detections,No Detections,2026-04-18,NA,NA,0,0,1
No Detections,TO02,No Detections,No Detections,No Detections,2026-04-19,NA,NA,0,0,1
Hispid Cotton Rat,TO02,Mammalia,Sigmodon,hispidus,2026-04-20,2026-04-20T09:18:22Z,2026-04-20T09:18:22Z,0,0,1
No Detections,TO02,No Detections,No Detections,No Detections,2026-04-21,NA,NA,0,0,1
No Detections,TO02,No Detections,No Detections,No Detections,2026-04-22,NA,NA,0,0,1
Peromyscus or Ochrotomys Species,TO02,Mammalia,Peromyscus,NA,2026-04-23,2026-04-23T22:19:35Z,2026-04-23T22:19:47Z,0,0,1
No Detections,TO02,No Detections,No Detections,No Detections,2026-04-24,NA,NA,0,0,1
No Detections,TO02,No Detections,No Detections,No Detections,2026-04-25,NA,NA,0,0,1
No Detections,TO02,No Detections,No Detections,No Detections,2026-04-26,NA,NA,0,0,1
No Detections,TO02,No Detections,No Detections,No Detections,2026-04-27,NA,NA,0,0,1
No Detections,TO02,No Detections,No Detections,No Detections,2026-04-28,NA,NA,0,0,1
No Detections,TO02,No Detections,No Detections,No Detections,2026-04-29,NA,NA,0,0,1
Eastern Racer,TO02,Reptilia,Coluber,constrictor,2026-04-30,2026-04-30T16:42:23Z,2026-04-30T16:42:44Z,0,0,1
No Detections,TO02,No Detections,No Detections,No Detections,2026-05-01,NA,NA,0,0,1
Southeastern Shrew,TO02,Mammalia,Sorex,longirostris,2026-05-02,2026-05-02T21:31:08Z,2026-05-02T21:31:17Z,0,0,1
No Detections,TO02,No Detections,No Detections,No Detections,2026-05-03,NA,NA,0,0,1
No Detections,TO02,No Detections,No Detections,No Detections,2026-05-04,NA,NA,0,0,1
No Detections,TO02,No Detections,No Detections,No Detections,2026-05-05,NA,NA,0,0,1
No Detections,TO02,No Detections,No Detections,No Detections,2026-05-06,NA,NA,0,0,1
Hispid Cotton Rat,TO02,Mammalia,Sigmodon,hispidus,2026-05-07,2026-05-07T22:29:43Z,2026-05-07T22:30:09Z,0,0,1
No Detections,TO02,No Detections,No Detections,No Detections,2026-05-08,NA,NA,0,0,1
House Mouse,TO02,Mammalia,Mus,musculus,2026-05-09,2026-05-09T21:37:32Z,2026-05-09T21:37:32Z,0,0,1
No Detections,TO02,No Detections,No Detections,No Detections,2026-05-10,NA,NA,0,0,1
No Detections,TO02,No Detections,No Detections,No Detections,2026-05-11,NA,NA,0,0,1
No Detections,TO02,No Detections,No Detections,No Detections,2026-05-12,NA,NA,0,0,1
Hispid Cotton Rat,TO02,Mammalia,Sigmodon,hispidus,2026-05-13,2026-05-13T08:23:11Z,2026-05-13T08:23:21Z,0,0,1
No Detections,TO02,No Detections,No Detections,No Detections,2026-05-14,NA,NA,0,0,1
No Detections,TO02,No Detections,No Detections,No Detections,2026-05-15,NA,NA,0,0,1
No Detections,TO02,No Detections,No Detections,No Detections,2026-05-16,NA,NA,0,0,1
No Detections,TO02,No Detections,No Detections,No Detections,2026-05-17,NA,NA,0,0,1
No Detections,TO02,No Detections,No Detections,No Detections,2026-05-18,NA,NA,0,0,1
No Detections,TO02,No Detections,No Detections,No Detections,2026-05-19,NA,NA,0,0,1
No Detections,TO02,No Detections,No Detections,No Detections,2026-05-20,NA,NA,0,0,1
No Detections,TO02,No Detections,No Detections,No Detections,2026-05-21,NA,NA,0,0,1
Peromyscus or Ochrotomys Species,TO02,Mammalia,Peromyscus,NA,2026-05-22,2026-05-22T22:57:21Z,2026-05-22T22:57:21Z,0,0,1
No Detections,TO02,No Detections,No Detections,No Detections,2026-05-23,NA,NA,0,0,1
No Detections,TO02,No Detections,No Detections,No Detections,2026-05-24,NA,NA,0,0,1
No Detections,TO02,No Detections,No Detections,No Detections,2026-05-25,NA,NA,0,0,1
No Detections,TO02,No Detections,No Detections,No Detections,2026-05-26,NA,NA,0,0,1
No Detections,TO02,No Detections,No Detections,No Detections,2026-05-27,NA,NA,0,0,1
No Detections,TO02,No Detections,No Detections,No Detections,2026-05-28,NA,NA,0,0,1
No Detections,TO02,No Detections,No Detections,No Detections,2026-05-29,NA,NA,0,0,1
No Detections,TO02,No Detections,No Detections,No Detections,2026-05-30,NA,NA,0,0,1
No Detections,TO02,No Detections,No Detections,No Detections,2026-05-31,NA,NA,0,0,1
No Detections,TO02,No Detections,No Detections,No Detections,2026-06-01,NA,NA,0,0,1
No Detections,TO02,No Detections,No Detections,No Detections,2026-06-02,NA,NA,0,0,1
No Detections,TO02,No Detections,No Detections,No Detections,2026-06-03,NA,NA,0,0,1
No Detections,TO02,No Detections,No Detections,No Detections,2026-06-04,NA,NA,0,0,1
No Detections,TO02,No Detections,No Detections,No Detections,2026-06-05,NA,NA,0,0,1
No Detections,TO02,No Detections,No Detections,No Detections,2026-06-06,NA,NA,0,0,1
No Detections,TO02,No Detections,No Detections,No Detections,2026-06-07,NA,NA,0,0,1
No Detections,TO02,No Detections,No Detections,No Detections,2026-06-08,NA,NA,0,0,1
No Detections,TO02,No Detections,No Detections,No Detections,2026-06-09,NA,NA,0,0,1
No Detections,TO02,No Detections,No Detections,No Detections,2026-06-10,NA,NA,0,0,1
No Detections,TO02,No Detections,No Detections,No Detections,2026-06-11,NA,NA,0,0,1
No Detections,TO02,No Detections,No Detections,No Detections,2026-06-12,NA,NA,0,0,1
No Detections,TO02,No Detections,No Detections,No Detections,2026-06-13,NA,NA,0,0,1
No Detections,TO02,No Detections,No Detections,No Detections,2026-06-14,NA,NA,0,0,1
No Detections,TO02,No Detections,No Detections,No Detections,2026-06-15,NA,NA,0,0,1
No Detections,TO02,No Detections,No Detections,No Detections,2026-06-16,NA,NA,0,0,1
No Detections,TO02,No Detections,No Detections,No Detections,2026-06-17,NA,NA,0,0,1
No Detections,TO02,No Detections,No Detections,No Detections,2026-06-18,NA,NA,0,0,1
No Detections,TO03,No Detections,No Detections,No Detections,2026-04-10,NA,NA,0,0,2
No Detections,TO03,No Detections,No Detections,No Detections,2026-04-11,NA,NA,0,0,2
No Detections,TO03,No Detections,No Detections,No Detections,2026-04-12,NA,NA,0,0,2
No Detections,TO03,No Detections,No Detections,No Detections,2026-04-13,NA,NA,0,0,2
Southeastern Shrew,TO03,Mammalia,Sorex,longirostris,2026-04-14,2026-04-14T05:41:07Z,2026-04-14T05:41:08Z,0,0,2
No Detections,TO03,No Detections,No Detections,No Detections,2026-04-15,NA,NA,0,0,2
No Detections,TO03,No Detections,No Detections,No Detections,2026-04-16,NA,NA,0,0,2
No Detections,TO03,No Detections,No Detections,No Detections,2026-04-17,NA,NA,0,0,2
No Detections,TO03,No Detections,No Detections,No Detections,2026-04-18,NA,NA,0,0,2
No Detections,TO03,No Detections,No Detections,No Detections,2026-04-19,NA,NA,0,0,2
No Detections,TO03,No Detections,No Detections,No Detections,2026-04-20,NA,NA,0,0,2
No Detections,TO03,No Detections,No Detections,No Detections,2026-04-21,NA,NA,0,0,2
North American Least Shrew,TO03,Mammalia,Cryptotis,parvus,2026-04-22,2026-04-22T07:31:50Z,2026-04-22T07:42:47Z,0,0,2
Little Brown Skink,TO03,Reptilia,Scincella,lateralis,2026-04-22,2026-04-22T10:27:09Z,2026-04-22T10:27:09Z,0,0,2
North American Least Shrew,TO03,Mammalia,Cryptotis,parvus,2026-04-23,2026-04-23T00:35:51Z,2026-04-23T00:35:58Z,0,0,2
Little Brown Skink,TO03,Reptilia,Scincella,lateralis,2026-04-23,2026-04-23T09:15:20Z,2026-04-23T09:15:20Z,0,0,2
Plestiodon Species,TO03,Reptilia,Plestiodon,laticeps,2026-04-23,2026-04-23T16:08:51Z,2026-04-23T16:08:51Z,0,0,2
No Detections,TO03,No Detections,No Detections,No Detections,2026-04-24,NA,NA,0,0,2
No Detections,TO03,No Detections,No Detections,No Detections,2026-04-25,NA,NA,0,0,2
No Detections,TO03,No Detections,No Detections,No Detections,2026-04-26,NA,NA,0,0,2
North American Least Shrew,TO03,Mammalia,Cryptotis,parvus,2026-04-27,2026-04-27T23:47:20Z,2026-04-27T23:47:20Z,0,0,2
No Detections,TO03,No Detections,No Detections,No Detections,2026-04-28,NA,NA,0,0,2
No Detections,TO03,No Detections,No Detections,No Detections,2026-04-29,NA,NA,0,0,2
No Detections,TO03,No Detections,No Detections,No Detections,2026-04-30,NA,NA,0,0,2
No Detections,TO03,No Detections,No Detections,No Detections,2026-05-01,NA,NA,0,0,2
No Detections,TO03,No Detections,No Detections,No Detections,2026-05-02,NA,NA,0,0,2
No Detections,TO03,No Detections,No Detections,No Detections,2026-05-03,NA,NA,0,0,2
No Detections,TO03,No Detections,No Detections,No Detections,2026-05-04,NA,NA,0,0,2
No Detections,TO03,No Detections,No Detections,No Detections,2026-05-05,NA,NA,0,0,2
Little Brown Skink,TO03,Reptilia,Scincella,lateralis,2026-05-06,2026-05-06T10:10:39Z,2026-05-06T10:10:39Z,0,0,2
No Detections,TO03,No Detections,No Detections,No Detections,2026-05-07,NA,NA,0,0,2
Little Brown Skink,TO03,Reptilia,Scincella,lateralis,2026-05-08,2026-05-08T15:03:11Z,2026-05-08T15:03:12Z,0,0,2
No Detections,TO03,No Detections,No Detections,No Detections,2026-05-09,NA,NA,0,0,2
No Detections,TO03,No Detections,No Detections,No Detections,2026-05-10,NA,NA,0,0,2
No Detections,TO03,No Detections,No Detections,No Detections,2026-05-11,NA,NA,0,0,2
No Detections,TO03,No Detections,No Detections,No Detections,2026-05-12,NA,NA,0,0,2
Little Brown Skink,TO03,Reptilia,Scincella,lateralis,2026-05-13,2026-05-13T08:23:33Z,2026-05-13T08:23:33Z,0,0,2
Little Brown Skink,TO03,Reptilia,Scincella,lateralis,2026-05-13,2026-05-13T15:22:11Z,2026-05-13T15:22:11Z,0,0,2
Timber Rattlesnake,TO03,Reptilia,Crotalus,horridus,2026-05-14,2026-05-14T14:17:54Z,2026-05-14T14:17:54Z,0,0,2
No Detections,TO03,No Detections,No Detections,No Detections,2026-05-15,NA,NA,0,0,2
No Detections,TO03,No Detections,No Detections,No Detections,2026-05-16,NA,NA,0,0,2
No Detections,TO03,No Detections,No Detections,No Detections,2026-05-17,NA,NA,0,0,2
No Detections,TO03,No Detections,No Detections,No Detections,2026-05-18,NA,NA,0,0,2
No Detections,TO03,No Detections,No Detections,No Detections,2026-05-19,NA,NA,0,0,2
No Detections,TO03,No Detections,No Detections,No Detections,2026-06-17,NA,NA,0,0,2
No Detections,TO03,No Detections,No Detections,No Detections,2026-06-18,NA,NA,0,0,2
Hispid Cotton Rat,TO03,Mammalia,Sigmodon,hispidus,2026-06-19,2026-06-19T16:03:35Z,2026-06-19T16:04:24Z,0,0,2
No Detections,TO03,No Detections,No Detections,No Detections,2026-06-20,NA,NA,0,0,2
No Detections,TO03,No Detections,No Detections,No Detections,2026-06-21,NA,NA,0,0,2
No Detections,TO03,No Detections,No Detections,No Detections,2026-06-22,NA,NA,0,0,2
No Detections,TO03,No Detections,No Detections,No Detections,2026-06-23,NA,NA,0,0,2
No Detections,TO03,No Detections,No Detections,No Detections,2026-06-24,NA,NA,0,0,2
No Detections,TO03,No Detections,No Detections,No Detections,2026-06-25,NA,NA,0,0,2
No Detections,TO03,No Detections,No Detections,No Detections,2026-06-26,NA,NA,0,0,2
No Detections,TO03,No Detections,No Detections,No Detections,2026-06-27,NA,NA,0,0,2
No Detections,TO03,No Detections,No Detections,No Detections,2026-06-28,NA,NA,0,0,2
No Detections,TO03,No Detections,No Detections,No Detections,2026-06-29,NA,NA,0,0,2
Southeastern Shrew,TO03,Mammalia,Sorex,longirostris,2026-06-30,2026-06-30T03:35:05Z,2026-06-30T03:35:06Z,0,0,2
Hispid Cotton Rat,TO03,Mammalia,Sigmodon,hispidus,2026-06-30,2026-06-30T13:15:45Z,2026-06-30T13:19:07Z,0,0,2
No Detections,TO03,No Detections,No Detections,No Detections,2026-07-01,NA,NA,0,0,2
Hispid Cotton Rat,TO03,Mammalia,Sigmodon,hispidus,2026-07-02,2026-07-02T08:05:41Z,2026-07-02T08:07:49Z,0,0,2
No Detections,TO03,No Detections,No Detections,No Detections,2026-07-03,NA,NA,0,0,2
No Detections,TO03,No Detections,No Detections,No Detections,2026-07-04,NA,NA,0,0,2
Southern Toad,TO03,Amphibia,Anaxyrus,terrestris,2026-07-05,2026-07-05T16:44:02Z,2026-07-05T16:46:37Z,0,0,2
No Detections,TO03,No Detections,No Detections,No Detections,2026-07-06,NA,NA,0,0,2
No Detections,TO03,No Detections,No Detections,No Detections,2026-07-07,NA,NA,0,0,2
No Detections,TO03,No Detections,No Detections,No Detections,2026-07-08,NA,NA,0,0,2
No Detections,TO03,No Detections,No Detections,No Detections,2026-07-09,NA,NA,0,0,2
No Detections,TO03,No Detections,No Detections,No Detections,2026-07-10,NA,NA,0,0,2
No Detections,TO03,No Detections,No Detections,No Detections,2026-07-11,NA,NA,0,0,2
No Detections,TO03,No Detections,No Detections,No Detections,2026-07-12,NA,NA,0,0,2
Hispid Cotton Rat,TO03,Mammalia,Sigmodon,hispidus,2026-07-13,2026-07-13T22:28:25Z,2026-07-13T22:29:44Z,0,0,2
No Detections,TO03,No Detections,No Detections,No Detections,2026-07-14,NA,NA,0,0,2
No Detections,TO03,No Detections,No Detections,No Detections,2026-07-15,NA,NA,0,0,2
No Detections,TO03,No Detections,No Detections,No Detections,2026-07-16,NA,NA,0,0,2
Hispid Cotton Rat,TO03,Mammalia,Sigmodon,hispidus,2026-07-17,2026-07-17T19:46:49Z,2026-07-17T19:56:43Z,0,0,2
No Detections,TO03,No Detections,No Detections,No Detections,2026-07-18,NA,NA,0,0,2
Peromyscus or Ochrotomys Species,TO03,Mammalia,Peromyscus,NA,2026-07-19,2026-07-19T23:39:34Z,2026-07-19T23:39:35Z,0,0,2
No Detections,TO03,No Detections,No Detections,No Detections,2026-07-20,NA,NA,0,0,2
No Detections,TO03,No Detections,No Detections,No Detections,2026-07-21,NA,NA,0,0,2
Hispid Cotton Rat,TO03,Mammalia,Sigmodon,hispidus,2026-07-22,2026-07-22T18:24:31Z,2026-07-22T18:25:27Z,0,0,2
No Detections,TO03,No Detections,No Detections,No Detections,2026-07-23,NA,NA,0,0,2
No Detections,TO03,No Detections,No Detections,No Detections,2026-07-24,NA,NA,0,0,2
No Detections,TO03,No Detections,No Detections,No Detections,2026-07-25,NA,NA,0,0,2
No Detections,TO03,No Detections,No Detections,No Detections,2026-07-26,NA,NA,0,0,2
Hispid Cotton Rat,TO03,Mammalia,Sigmodon,hispidus,2026-07-27,2026-07-27T08:26:01Z,2026-07-27T08:30:28Z,0,0,2
Eastern Harvest Mouse,TO03,Mammalia,Reithrodontomys,humulis,2026-07-28,2026-07-28T04:19:02Z,2026-07-28T04:19:02Z,0,0,2
House Mouse,TO03,Mammalia,Mus,musculus,2026-07-28,2026-07-28T04:20:50Z,2026-07-28T04:31:22Z,0,0,2
Hispid Cotton Rat,TO03,Mammalia,Sigmodon,hispidus,2026-07-28,2026-07-28T09:05:16Z,2026-07-28T09:06:15Z,0,0,2
No Detections,TO04,No Detections,No Detections,No Detections,2026-04-01,NA,NA,0,0,2
No Detections,TO04,No Detections,No Detections,No Detections,2026-04-02,NA,NA,0,0,2
No Detections,TO04,No Detections,No Detections,No Detections,2026-04-03,NA,NA,0,0,2
No Detections,TO04,No Detections,No Detections,No Detections,2026-04-04,NA,NA,0,0,2
No Detections,TO04,No Detections,No Detections,No Detections,2026-04-05,NA,NA,0,0,2
No Detections,TO04,No Detections,No Detections,No Detections,2026-04-06,NA,NA,0,0,2
No Detections,TO04,No Detections,No Detections,No Detections,2026-04-07,NA,NA,0,0,2
No Detections,TO04,No Detections,No Detections,No Detections,2026-04-08,NA,NA,0,0,2
No Detections,TO04,No Detections,No Detections,No Detections,2026-04-09,NA,NA,0,0,2
No Detections,TO04,No Detections,No Detections,No Detections,2026-04-10,NA,NA,0,0,2
No Detections,TO04,No Detections,No Detections,No Detections,2026-04-11,NA,NA,0,0,2
No Detections,TO04,No Detections,No Detections,No Detections,2026-04-12,NA,NA,0,0,2
No Detections,TO04,No Detections,No Detections,No Detections,2026-04-13,NA,NA,0,0,2
No Detections,TO04,No Detections,No Detections,No Detections,2026-04-14,NA,NA,0,0,2
Peromyscus or Ochrotomys Species,TO04,Mammalia,Peromyscus,NA,2026-04-15,2026-04-15T02:06:10Z,2026-04-15T02:06:12Z,0,0,2
House Mouse,TO04,Mammalia,Mus,musculus,2026-04-16,2026-04-16T00:43:29Z,2026-04-16T00:43:31Z,0,0,2
House Mouse,TO04,Mammalia,Mus,musculus,2026-04-16,2026-04-16T23:53:47Z,2026-04-16T23:53:47Z,0,0,2
No Detections,TO04,No Detections,No Detections,No Detections,2026-04-17,NA,NA,0,0,2
No Detections,TO04,No Detections,No Detections,No Detections,2026-04-18,NA,NA,0,0,2
No Detections,TO04,No Detections,No Detections,No Detections,2026-04-19,NA,NA,0,0,2
Peromyscus or Ochrotomys Species,TO04,Mammalia,Peromyscus,NA,2026-04-20,2026-04-20T04:28:07Z,2026-04-20T04:28:07Z,0,0,2
No Detections,TO04,No Detections,No Detections,No Detections,2026-04-21,NA,NA,0,0,2
No Detections,TO04,No Detections,No Detections,No Detections,2026-04-22,NA,NA,0,0,2
Southeastern Shrew,TO04,Mammalia,Sorex,longirostris,2026-04-23,2026-04-23T22:26:17Z,2026-04-23T22:26:59Z,0,0,2
No Detections,TO04,No Detections,No Detections,No Detections,2026-04-24,NA,NA,0,0,2
Southern Toad,TO04,Amphibia,Anaxyrus,terrestris,2026-04-25,2026-04-25T20:28:51Z,2026-04-25T20:29:38Z,0,0,2
No Detections,TO04,No Detections,No Detections,No Detections,2026-04-26,NA,NA,0,0,2
No Detections,TO04,No Detections,No Detections,No Detections,2026-04-27,NA,NA,0,0,2
No Detections,TO04,No Detections,No Detections,No Detections,2026-04-28,NA,NA,0,0,2
House Mouse,TO04,Mammalia,Mus,musculus,2026-04-29,2026-04-29T04:34:48Z,2026-04-29T04:34:50Z,0,0,2
No Detections,TO04,No Detections,No Detections,No Detections,2026-04-30,NA,NA,0,0,2
No Detections,TO04,No Detections,No Detections,No Detections,2026-05-01,NA,NA,0,0,2
No Detections,TO04,No Detections,No Detections,No Detections,2026-05-02,NA,NA,0,0,2
North American Least Shrew,TO04,Mammalia,Cryptotis,parvus,2026-05-03,2026-05-03T05:30:46Z,2026-05-03T05:30:53Z,0,0,2
No Detections,TO04,No Detections,No Detections,No Detections,2026-05-04,NA,NA,0,0,2
No Detections,TO04,No Detections,No Detections,No Detections,2026-05-05,NA,NA,0,0,2
No Detections,TO04,No Detections,No Detections,No Detections,2026-05-06,NA,NA,0,0,2
No Detections,TO04,No Detections,No Detections,No Detections,2026-05-07,NA,NA,0,0,2
No Detections,TO04,No Detections,No Detections,No Detections,2026-05-08,NA,NA,0,0,2
Eastern Harvest Mouse,TO04,Mammalia,Reithrodontomys,humulis,2026-05-09,2026-05-09T00:45:12Z,2026-05-09T00:45:16Z,0,0,2
Southeastern Shrew,TO04,Mammalia,Sorex,longirostris,2026-05-10,2026-05-10T23:59:31Z,2026-05-10T23:59:38Z,0,0,2
No Detections,TO04,No Detections,No Detections,No Detections,2026-05-11,NA,NA,0,0,2
No Detections,TO04,No Detections,No Detections,No Detections,2026-05-12,NA,NA,0,0,2
No Detections,TO04,No Detections,No Detections,No Detections,2026-05-13,NA,NA,0,0,2
No Detections,TO04,No Detections,No Detections,No Detections,2026-05-14,NA,NA,0,0,2
No Detections,TO04,No Detections,No Detections,No Detections,2026-05-15,NA,NA,0,0,2
North American Least Shrew,TO04,Mammalia,Cryptotis,parvus,2026-05-16,2026-05-16T05:12:13Z,2026-05-16T05:12:16Z,0,0,2
No Detections,TO04,No Detections,No Detections,No Detections,2026-05-17,NA,NA,0,0,2
No Detections,TO04,No Detections,No Detections,No Detections,2026-05-18,NA,NA,0,0,2
No Detections,TO04,No Detections,No Detections,No Detections,2026-05-19,NA,NA,0,0,2
No Detections,TO04,No Detections,No Detections,No Detections,2026-05-20,NA,NA,0,0,2
No Detections,TO04,No Detections,No Detections,No Detections,2026-05-21,NA,NA,0,0,2
No Detections,TO04,No Detections,No Detections,No Detections,2026-05-22,NA,NA,0,0,2
No Detections,TO04,No Detections,No Detections,No Detections,2026-05-23,NA,NA,0,0,2
No Detections,TO04,No Detections,No Detections,No Detections,2026-05-24,NA,NA,0,0,2
No Detections,TO04,No Detections,No Detections,No Detections,2026-05-25,NA,NA,0,0,2
No Detections,TO04,No Detections,No Detections,No Detections,2026-05-26,NA,NA,0,0,2
No Detections,TO04,No Detections,No Detections,No Detections,2026-05-27,NA,NA,0,0,2
No Detections,TO04,No Detections,No Detections,No Detections,2026-05-28,NA,NA,0,0,2
No Detections,TO04,No Detections,No Detections,No Detections,2026-05-29,NA,NA,0,0,2
No Detections,TO04,No Detections,No Detections,No Detections,2026-05-30,NA,NA,0,0,2
No Detections,TO04,No Detections,No Detections,No Detections,2026-05-31,NA,NA,0,0,2
No Detections,TO04,No Detections,No Detections,No Detections,2026-06-01,NA,NA,0,0,2
No Detections,TO04,No Detections,No Detections,No Detections,2026-06-02,NA,NA,0,0,2
No Detections,TO04,No Detections,No Detections,No Detections,2026-06-03,NA,NA,0,0,2
No Detections,TO04,No Detections,No Detections,No Detections,2026-06-04,NA,NA,0,0,2
No Detections,TO04,No Detections,No Detections,No Detections,2026-06-05,NA,NA,0,0,2
No Detections,TO04,No Detections,No Detections,No Detections,2026-06-06,NA,NA,0,0,2
No Detections,TO04,No Detections,No Detections,No Detections,2026-06-07,NA,NA,0,0,2
No Detections,TO04,No Detections,No Detections,No Detections,2026-06-08,NA,NA,0,0,2
No Detections,TO04,No Detections,No Detections,No Detections,2026-06-09,NA,NA,0,0,2
No Detections,TO04,No Detections,No Detections,No Detections,2026-06-10,NA,NA,0,0,2
No Detections,TO04,No Detections,No Detections,No Detections,2026-06-11,NA,NA,0,0,2
No Detections,TO04,No Detections,No Detections,No Detections,2026-06-12,NA,NA,0,0,2
No Detections,TO04,No Detections,No Detections,No Detections,2026-06-13,NA,NA,0,0,2
No Detections,TO04,No Detections,No Detections,No Detections,2026-06-14,NA,NA,0,0,2
No Detections,TO04,No Detections,No Detections,No Detections,2026-06-15,NA,NA,0,0,2
No Detections,TO04,No Detections,No Detections,No Detections,2026-06-16,NA,NA,0,0,2
No Detections,TO04,No Detections,No Detections,No Detections,2026-06-17,NA,NA,0,0,2
No Detections,TO04,No Detections,No Detections,No Detections,2026-06-18,NA,NA,0,0,2
No Detections,TO04,No Detections,No Detections,No Detections,2026-06-19,NA,NA,0,0,2
No Detections,TO04,No Detections,No Detections,No Detections,2026-06-20,NA,NA,0,0,2
No Detections,TO04,No Detections,No Detections,No Detections,2026-06-21,NA,NA,0,0,2
No Detections,TO04,No Detections,No Detections,No Detections,2026-06-22,NA,NA,0,0,2
No Detections,TO04,No Detections,No Detections,No Detections,2026-06-23,NA,NA,0,0,2
No Detections,TO04,No Detections,No Detections,No Detections,2026-06-24,NA,NA,0,0,2
No Detections,TO04,No Detections,No Detections,No Detections,2026-06-25,NA,NA,0,0,2
No Detections,TO04,No Detections,No Detections,No Detections,2026-06-26,NA,NA,0,0,2
No Detections,TO04,No Detections,No Detections,No Detections,2026-06-27,NA,NA,0,0,2
No Detections,TO04,No Detections,No Detections,No Detections,2026-06-28,NA,NA,0,0,2
No Detections,TO04,No Detections,No Detections,No Detections,2026-06-29,NA,NA,0,0,2
No Detections,TO04,No Detections,No Detections,No Detections,2026-06-30,NA,NA,0,0,2
No Detections,TO04,No Detections,No Detections,No Detections,2026-07-01,NA,NA,0,0,2
No Detections,TO04,No Detections,No Detections,No Detections,2026-07-02,NA,NA,0,0,2
No Detections,TO04,No Detections,No Detections,No Detections,2026-07-03,NA,NA,0,0,2
No Detections,TO04,No Detections,No Detections,No Detections,2026-07-04,NA,NA,0,0,2
Southern Toad,TO04,Amphibia,Anaxyrus,terrestris,2026-07-05,2026-07-05T20:55:21Z,2026-07-05T21:25:17Z,0,0,2
No Detections,TO04,No Detections,No Detections,No Detections,2026-07-06,NA,NA,0,0,2
No Detections,TO04,No Detections,No Detections,No Detections,2026-07-07,NA,NA,0,0,2
No Detections,TO04,No Detections,No Detections,No Detections,2026-07-08,NA,NA,0,0,2
No Detections,TO04,No Detections,No Detections,No Detections,2026-07-09,NA,NA,0,0,2
No Detections,TO04,No Detections,No Detections,No Detections,2026-07-10,NA,NA,0,0,2
No Detections,TO04,No Detections,No Detections,No Detections,2026-07-11,NA,NA,0,0,2
No Detections,TO04,No Detections,No Detections,No Detections,2026-07-12,NA,NA,0,0,2
No Detections,TO04,No Detections,No Detections,No Detections,2026-07-13,NA,NA,0,0,2
No Detections,TO04,No Detections,No Detections,No Detections,2026-07-14,NA,NA,0,0,2
No Detections,TO04,No Detections,No Detections,No Detections,2026-07-15,NA,NA,0,0,2
No Detections,TO04,No Detections,No Detections,No Detections,2026-07-16,NA,NA,0,0,2
No Detections,TO04,No Detections,No Detections,No Detections,2026-07-17,NA,NA,0,0,2
No Detections,TO04,No Detections,No Detections,No Detections,2026-07-18,NA,NA,0,0,2
No Detections,TO04,No Detections,No Detections,No Detections,2026-07-19,NA,NA,0,0,2
No Detections,TO04,No Detections,No Detections,No Detections,2026-07-20,NA,NA,0,0,2
No Detections,TO04,No Detections,No Detections,No Detections,2026-07-21,NA,NA,0,0,2
No Detections,TO04,No Detections,No Detections,No Detections,2026-07-22,NA,NA,0,0,2
No Detections,TO04,No Detections,No Detections,No Detections,2026-07-23,NA,NA,0,0,2
No Detections,TO04,No Detections,No Detections,No Detections,2026-07-24,NA,NA,0,0,2
No Detections,TO04,No Detections,No Detections,No Detections,2026-07-25,NA,NA,0,0,2
No Detections,TO04,No Detections,No Detections,No Detections,2026-07-26,NA,NA,0,0,2
Plestiodon Species,TO04,Reptilia,Plestiodon,NA,2026-07-27,2026-07-27T09:54:56Z,2026-07-27T09:54:56Z,0,0,2
Plestiodon Species,TO04,Reptilia,Plestiodon,NA,2026-07-28,2026-07-28T08:14:19Z,2026-07-28T08:14:19Z,0,0,2
No Detections,TO04,No Detections,No Detections,No Detections,2026-07-29,NA,NA,0,0,2
No Detections,TO04,No Detections,No Detections,No Detections,2026-07-30,NA,NA,0,0,2
No Detections,TO05,No Detections,No Detections,No Detections,2026-04-02,NA,NA,0,0,1
No Detections,TO05,No Detections,No Detections,No Detections,2026-04-03,NA,NA,0,0,1
No Detections,TO05,No Detections,No Detections,No Detections,2026-04-04,NA,NA,0,0,1
No Detections,TO05,No Detections,No Detections,No Detections,2026-04-05,NA,NA,0,0,1
No Detections,TO05,No Detections,No Detections,No Detections,2026-04-06,NA,NA,0,0,1
No Detections,TO05,No Detections,No Detections,No Detections,2026-04-07,NA,NA,0,0,1
No Detections,TO05,No Detections,No Detections,No Detections,2026-04-08,NA,NA,0,0,1
No Detections,TO05,No Detections,No Detections,No Detections,2026-04-09,NA,NA,0,0,1
No Detections,TO05,No Detections,No Detections,No Detections,2026-04-10,NA,NA,0,0,1
No Detections,TO05,No Detections,No Detections,No Detections,2026-04-11,NA,NA,0,0,1
No Detections,TO05,No Detections,No Detections,No Detections,2026-04-12,NA,NA,0,0,1
No Detections,TO05,No Detections,No Detections,No Detections,2026-04-13,NA,NA,0,0,1
No Detections,TO05,No Detections,No Detections,No Detections,2026-04-14,NA,NA,0,0,1
No Detections,TO05,No Detections,No Detections,No Detections,2026-04-15,NA,NA,0,0,1
No Detections,TO05,No Detections,No Detections,No Detections,2026-04-16,NA,NA,0,0,1
No Detections,TO05,No Detections,No Detections,No Detections,2026-04-17,NA,NA,0,0,1
No Detections,TO05,No Detections,No Detections,No Detections,2026-04-18,NA,NA,0,0,1
No Detections,TO05,No Detections,No Detections,No Detections,2026-04-19,NA,NA,0,0,1
No Detections,TO05,No Detections,No Detections,No Detections,2026-04-20,NA,NA,0,0,1
Peromyscus or Ochrotomys Species,TO05,Mammalia,Peromyscus,NA,2026-04-21,2026-04-21T00:00:24Z,2026-04-21T00:00:26Z,0,0,1
No Detections,TO05,No Detections,No Detections,No Detections,2026-04-22,NA,NA,0,0,1
No Detections,TO05,No Detections,No Detections,No Detections,2026-04-23,NA,NA,0,0,1
No Detections,TO05,No Detections,No Detections,No Detections,2026-04-24,NA,NA,0,0,1
Peromyscus or Ochrotomys Species,TO05,Mammalia,Peromyscus,NA,2026-04-25,2026-04-25T01:14:52Z,2026-04-25T01:14:54Z,0,0,1
No Detections,TO05,No Detections,No Detections,No Detections,2026-04-26,NA,NA,0,0,1
No Detections,TO05,No Detections,No Detections,No Detections,2026-04-27,NA,NA,0,0,1
No Detections,TO05,No Detections,No Detections,No Detections,2026-04-28,NA,NA,0,0,1
No Detections,TO05,No Detections,No Detections,No Detections,2026-04-29,NA,NA,0,0,1
No Detections,TO05,No Detections,No Detections,No Detections,2026-04-30,NA,NA,0,0,1
No Detections,TO05,No Detections,No Detections,No Detections,2026-05-01,NA,NA,0,0,1
No Detections,TO05,No Detections,No Detections,No Detections,2026-05-02,NA,NA,0,0,1
No Detections,TO05,No Detections,No Detections,No Detections,2026-05-03,NA,NA,0,0,1
No Detections,TO05,No Detections,No Detections,No Detections,2026-05-04,NA,NA,0,0,1
No Detections,TO05,No Detections,No Detections,No Detections,2026-05-05,NA,NA,0,0,1
No Detections,TO05,No Detections,No Detections,No Detections,2026-05-06,NA,NA,0,0,1
No Detections,TO05,No Detections,No Detections,No Detections,2026-05-07,NA,NA,0,0,2
No Detections,TO05,No Detections,No Detections,No Detections,2026-05-08,NA,NA,0,0,2
No Detections,TO05,No Detections,No Detections,No Detections,2026-05-09,NA,NA,0,0,2
No Detections,TO05,No Detections,No Detections,No Detections,2026-05-10,NA,NA,0,0,2
No Detections,TO05,No Detections,No Detections,No Detections,2026-05-11,NA,NA,0,0,2
No Detections,TO05,No Detections,No Detections,No Detections,2026-05-12,NA,NA,0,0,2
No Detections,TO05,No Detections,No Detections,No Detections,2026-05-13,NA,NA,0,0,2
No Detections,TO05,No Detections,No Detections,No Detections,2026-05-14,NA,NA,0,0,2
No Detections,TO05,No Detections,No Detections,No Detections,2026-05-15,NA,NA,0,0,2
No Detections,TO05,No Detections,No Detections,No Detections,2026-05-16,NA,NA,0,0,2
No Detections,TO05,No Detections,No Detections,No Detections,2026-05-17,NA,NA,0,0,2
No Detections,TO05,No Detections,No Detections,No Detections,2026-05-18,NA,NA,0,0,2
No Detections,TO05,No Detections,No Detections,No Detections,2026-05-19,NA,NA,0,0,2
No Detections,TO05,No Detections,No Detections,No Detections,2026-05-20,NA,NA,0,0,2
No Detections,TO05,No Detections,No Detections,No Detections,2026-05-21,NA,NA,0,0,2
Peromyscus or Ochrotomys Species,TO05,Mammalia,Peromyscus,NA,2026-05-22,2026-05-22T23:13:50Z,2026-05-22T23:17:32Z,0,0,2
No Detections,TO05,No Detections,No Detections,No Detections,2026-05-23,NA,NA,0,0,2
No Detections,TO05,No Detections,No Detections,No Detections,2026-05-24,NA,NA,0,0,2
No Detections,TO05,No Detections,No Detections,No Detections,2026-05-25,NA,NA,0,0,2
No Detections,TO05,No Detections,No Detections,No Detections,2026-05-26,NA,NA,0,0,2
No Detections,TO05,No Detections,No Detections,No Detections,2026-05-27,NA,NA,0,0,2
No Detections,TO05,No Detections,No Detections,No Detections,2026-05-28,NA,NA,0,0,2
No Detections,TO05,No Detections,No Detections,No Detections,2026-05-29,NA,NA,0,0,2
No Detections,TO05,No Detections,No Detections,No Detections,2026-05-30,NA,NA,0,0,2
No Detections,TO05,No Detections,No Detections,No Detections,2026-05-31,NA,NA,0,0,2
No Detections,TO05,No Detections,No Detections,No Detections,2026-06-01,NA,NA,0,0,2
No Detections,TO05,No Detections,No Detections,No Detections,2026-06-02,NA,NA,0,0,2
No Detections,TO05,No Detections,No Detections,No Detections,2026-06-03,NA,NA,0,0,2
No Detections,TO05,No Detections,No Detections,No Detections,2026-06-04,NA,NA,0,0,2
No Detections,TO05,No Detections,No Detections,No Detections,2026-06-05,NA,NA,0,0,2
No Detections,TO05,No Detections,No Detections,No Detections,2026-06-06,NA,NA,0,0,2
No Detections,TO05,No Detections,No Detections,No Detections,2026-06-07,NA,NA,0,0,2
No Detections,TO05,No Detections,No Detections,No Detections,2026-06-08,NA,NA,0,0,2
No Detections,TO05,No Detections,No Detections,No Detections,2026-06-09,NA,NA,0,0,2
No Detections,TO05,No Detections,No Detections,No Detections,2026-06-10,NA,NA,0,0,2
No Detections,TO05,No Detections,No Detections,No Detections,2026-06-11,NA,NA,0,0,2
No Detections,TO05,No Detections,No Detections,No Detections,2026-06-12,NA,NA,0,0,2
No Detections,TO05,No Detections,No Detections,No Detections,2026-06-13,NA,NA,0,0,2
No Detections,TO05,No Detections,No Detections,No Detections,2026-06-14,NA,NA,0,0,2
No Detections,TO05,No Detections,No Detections,No Detections,2026-06-15,NA,NA,0,0,2
No Detections,TO05,No Detections,No Detections,No Detections,2026-06-16,NA,NA,0,0,2
No Detections,TO05,No Detections,No Detections,No Detections,2026-06-17,NA,NA,0,0,2
North American Least Shrew,TO05,Mammalia,Cryptotis,parvus,2026-06-18,2026-06-18T03:59:02Z,2026-06-18T03:59:02Z,0,0,2
No Detections,TO05,No Detections,No Detections,No Detections,2026-06-19,NA,NA,0,0,2
Eastern Racer,TO05,Reptilia,Coluber,constrictor,2026-06-20,2026-06-20T17:03:27Z,2026-06-20T17:03:30Z,0,0,2
Eastern Harvest Mouse,TO05,Mammalia,Reithrodontomys,humulis,2026-06-21,2026-06-21T01:21:24Z,2026-06-21T01:21:25Z,0,0,2
No Detections,TO05,No Detections,No Detections,No Detections,2026-06-22,NA,NA,0,0,2
No Detections,TO05,No Detections,No Detections,No Detections,2026-06-23,NA,NA,0,0,2
No Detections,TO05,No Detections,No Detections,No Detections,2026-06-24,NA,NA,0,0,2
No Detections,TO05,No Detections,No Detections,No Detections,2026-06-25,NA,NA,0,0,2
No Detections,TO05,No Detections,No Detections,No Detections,2026-06-26,NA,NA,0,0,2
No Detections,TO05,No Detections,No Detections,No Detections,2026-06-27,NA,NA,0,0,2
Eastern Racer,TO05,Reptilia,Coluber,constrictor,2026-06-28,2026-06-28T10:10:37Z,2026-06-28T10:10:37Z,0,0,2
Southern Toad,TO05,Amphibia,Anaxyrus,terrestris,2026-06-28,2026-06-28T20:33:51Z,2026-06-28T20:33:51Z,0,0,2
Southern Leopard Frog,TO05,Amphibia,Lithobates,sphenocephalus,2026-06-28,2026-06-28T20:35:46Z,2026-06-28T20:35:46Z,0,0,2
No Detections,TO05,No Detections,No Detections,No Detections,2026-06-29,NA,NA,0,0,2
No Detections,TO05,No Detections,No Detections,No Detections,2026-06-30,NA,NA,0,0,2
No Detections,TO05,No Detections,No Detections,No Detections,2026-07-01,NA,NA,0,0,2
Southern Toad,TO05,Amphibia,Anaxyrus,terrestris,2026-07-02,2026-07-02T05:51:46Z,2026-07-02T05:51:47Z,0,0,2
No Detections,TO05,No Detections,No Detections,No Detections,2026-07-03,NA,NA,0,0,2
No Detections,TO05,No Detections,No Detections,No Detections,2026-07-04,NA,NA,0,0,2
Eastern Racer,TO05,Reptilia,Coluber,constrictor,2026-07-05,2026-07-05T08:49:51Z,2026-07-05T08:49:52Z,0,0,2
Peromyscus or Ochrotomys Species,TO05,Mammalia,Peromyscus,NA,2026-07-06,2026-07-06T04:11:16Z,2026-07-06T04:11:17Z,0,0,2
No Detections,TO05,No Detections,No Detections,No Detections,2026-07-07,NA,NA,0,0,2
No Detections,TO05,No Detections,No Detections,No Detections,2026-07-08,NA,NA,0,0,2
No Detections,TO05,No Detections,No Detections,No Detections,2026-07-09,NA,NA,0,0,2
Southern Toad,TO05,Amphibia,Anaxyrus,terrestris,2026-07-10,2026-07-10T11:54:30Z,2026-07-10T11:54:31Z,0,0,2
No Detections,TO05,No Detections,No Detections,No Detections,2026-07-11,NA,NA,0,0,1
No Detections,TO05,No Detections,No Detections,No Detections,2026-07-12,NA,NA,0,0,1
No Detections,TO05,No Detections,No Detections,No Detections,2026-07-13,NA,NA,0,0,1
No Detections,TO05,No Detections,No Detections,No Detections,2026-07-14,NA,NA,0,0,1
No Detections,TO05,No Detections,No Detections,No Detections,2026-07-15,NA,NA,0,0,1
No Detections,TO05,No Detections,No Detections,No Detections,2026-07-16,NA,NA,0,0,1
Plestiodon Species,TO05,Reptilia,Plestiodon,NA,2026-07-17,2026-07-17T08:07:48Z,2026-07-17T08:07:48Z,0,0,1
No Detections,TO05,No Detections,No Detections,No Detections,2026-07-18,NA,NA,0,0,1
No Detections,TO05,No Detections,No Detections,No Detections,2026-07-19,NA,NA,0,0,1
No Detections,TO05,No Detections,No Detections,No Detections,2026-07-20,NA,NA,0,0,1
No Detections,TO05,No Detections,No Detections,No Detections,2026-07-21,NA,NA,0,0,1
No Detections,TO05,No Detections,No Detections,No Detections,2026-07-22,NA,NA,0,0,1
No Detections,TO05,No Detections,No Detections,No Detections,2026-07-23,NA,NA,0,0,1
No Detections,TO05,No Detections,No Detections,No Detections,2026-07-24,NA,NA,0,0,1
No Detections,TO05,No Detections,No Detections,No Detections,2026-07-25,NA,NA,0,0,1
No Detections,TO05,No Detections,No Detections,No Detections,2026-07-26,NA,NA,0,0,1
No Detections,TO05,No Detections,No Detections,No Detections,2026-07-27,NA,NA,0,0,1
No Detections,TO05,No Detections,No Detections,No Detections,2026-07-28,NA,NA,0,0,1
No Detections,TO06,No Detections,No Detections,No Detections,2026-04-02,NA,NA,0,0,2
No Detections,TO06,No Detections,No Detections,No Detections,2026-04-03,NA,NA,0,0,2
House Mouse,TO06,Mammalia,Mus,musculus,2026-04-04,2026-04-04T23:38:17Z,2026-04-04T23:38:17Z,0,0,2
No Detections,TO06,No Detections,No Detections,No Detections,2026-04-05,NA,NA,0,0,2
No Detections,TO06,No Detections,No Detections,No Detections,2026-04-06,NA,NA,0,0,2
No Detections,TO06,No Detections,No Detections,No Detections,2026-04-07,NA,NA,0,0,2
No Detections,TO06,No Detections,No Detections,No Detections,2026-04-08,NA,NA,0,0,2
House Mouse,TO06,Mammalia,Mus,musculus,2026-04-09,2026-04-09T23:49:02Z,2026-04-09T23:49:04Z,0,0,2
Peromyscus or Ochrotomys Species,TO06,Mammalia,Peromyscus,NA,2026-04-10,2026-04-10T00:54:42Z,2026-04-10T00:54:42Z,0,0,2
House Mouse,TO06,Mammalia,Mus,musculus,2026-04-10,2026-04-10T20:51:19Z,2026-04-10T20:51:19Z,0,0,2
No Detections,TO06,No Detections,No Detections,No Detections,2026-04-11,NA,NA,0,0,2
Eastern Racer,TO06,Reptilia,Coluber,constrictor,2026-04-12,2026-04-12T15:08:25Z,2026-04-12T15:08:29Z,0,0,2
Southern Toad,TO06,Amphibia,Anaxyrus,terrestris,2026-04-13,2026-04-13T21:12:06Z,2026-04-13T21:12:06Z,0,0,2
Eastern Harvest Mouse,TO06,Mammalia,Reithrodontomys,humulis,2026-04-14,2026-04-14T02:18:55Z,2026-04-14T02:19:08Z,0,0,2
No Detections,TO06,No Detections,No Detections,No Detections,2026-04-15,NA,NA,0,0,2
Hispid Cotton Rat,TO06,Mammalia,Sigmodon,hispidus,2026-04-16,2026-04-16T21:20:10Z,2026-04-16T21:20:10Z,0,0,2
Peromyscus or Ochrotomys Species,TO06,Mammalia,Peromyscus,NA,2026-04-17,2026-04-17T22:47:19Z,2026-04-17T22:47:55Z,0,0,2
House Mouse,TO06,Mammalia,Mus,musculus,2026-04-17,2026-04-17T23:03:20Z,2026-04-17T23:03:20Z,0,0,2
House Mouse,TO06,Mammalia,Mus,musculus,2026-04-18,2026-04-18T00:09:38Z,2026-04-18T00:52:49Z,0,0,2
House Mouse,TO06,Mammalia,Mus,musculus,2026-04-19,2026-04-19T00:57:13Z,2026-04-19T00:57:18Z,0,0,2
No Detections,TO06,No Detections,No Detections,No Detections,2026-04-20,NA,NA,0,0,2
House Mouse,TO06,Mammalia,Mus,musculus,2026-04-21,2026-04-21T21:05:01Z,2026-04-21T21:12:20Z,0,0,2
Eastern Racer,TO06,Reptilia,Coluber,constrictor,2026-04-22,2026-04-22T17:35:36Z,2026-04-22T17:35:41Z,0,0,2
House Mouse,TO06,Mammalia,Mus,musculus,2026-04-22,2026-04-22T20:30:29Z,2026-04-22T20:58:29Z,0,0,2
House Mouse,TO06,Mammalia,Mus,musculus,2026-04-22,2026-04-22T23:18:50Z,2026-04-23T00:14:14Z,0,0,2
House Mouse,TO06,Mammalia,Mus,musculus,2026-04-23,2026-04-23T23:10:02Z,2026-04-23T23:36:14Z,0,0,2
Southeastern Shrew,TO06,Mammalia,Sorex,longirostris,2026-04-24,2026-04-24T00:15:35Z,2026-04-24T00:15:35Z,0,0,2
House Mouse,TO06,Mammalia,Mus,musculus,2026-04-24,2026-04-24T22:19:27Z,2026-04-24T22:22:41Z,0,0,2
No Detections,TO06,No Detections,No Detections,No Detections,2026-04-25,NA,NA,0,0,2
House Mouse,TO06,Mammalia,Mus,musculus,2026-04-26,2026-04-26T03:45:28Z,2026-04-26T03:45:47Z,0,0,2
House Mouse,TO06,Mammalia,Mus,musculus,2026-04-27,2026-04-27T21:42:07Z,2026-04-27T21:42:09Z,0,0,2
House Mouse,TO06,Mammalia,Mus,musculus,2026-04-28,2026-04-28T02:10:20Z,2026-04-28T02:20:54Z,0,0,2
House Mouse,TO06,Mammalia,Mus,musculus,2026-04-28,2026-04-28T20:44:03Z,2026-04-28T21:43:35Z,0,0,2
House Mouse,TO06,Mammalia,Mus,musculus,2026-04-28,2026-04-28T22:58:21Z,2026-04-28T22:58:22Z,0,0,2
House Mouse,TO06,Mammalia,Mus,musculus,2026-04-29,2026-04-29T01:40:46Z,2026-04-29T01:51:12Z,0,0,2
House Mouse,TO06,Mammalia,Mus,musculus,2026-04-29,2026-04-29T04:33:27Z,2026-04-29T05:23:35Z,0,0,2
Peromyscus or Ochrotomys Species,TO06,Mammalia,Peromyscus,NA,2026-04-29,2026-04-29T04:42:16Z,2026-04-29T04:42:24Z,0,0,2
House Mouse,TO06,Mammalia,Mus,musculus,2026-04-29,2026-04-29T20:43:10Z,2026-04-29T21:20:08Z,0,0,2
House Mouse,TO06,Mammalia,Mus,musculus,2026-04-30,2026-04-30T20:35:52Z,2026-04-30T21:06:23Z,0,0,2
Peromyscus or Ochrotomys Species,TO06,Mammalia,Peromyscus,NA,2026-04-30,2026-04-30T21:12:51Z,2026-04-30T21:12:51Z,0,0,2
House Mouse,TO06,Mammalia,Mus,musculus,2026-04-30,2026-04-30T22:42:10Z,2026-04-30T23:56:34Z,0,0,2
Eastern Harvest Mouse,TO06,Mammalia,Reithrodontomys,humulis,2026-04-30,2026-04-30T23:53:17Z,2026-04-30T23:53:37Z,0,0,2
House Mouse,TO06,Mammalia,Mus,musculus,2026-05-01,2026-05-01T03:43:30Z,2026-05-01T03:51:08Z,0,0,2
House Mouse,TO06,Mammalia,Mus,musculus,2026-05-01,2026-05-01T20:37:46Z,2026-05-01T20:47:18Z,0,0,2
House Mouse,TO06,Mammalia,Mus,musculus,2026-05-01,2026-05-01T22:47:44Z,2026-05-01T22:49:09Z,0,0,2
Eastern Harvest Mouse,TO06,Mammalia,Reithrodontomys,humulis,2026-05-02,2026-05-02T01:09:47Z,2026-05-02T01:09:47Z,0,0,2
House Mouse,TO06,Mammalia,Mus,musculus,2026-05-02,2026-05-02T01:11:28Z,2026-05-02T01:19:59Z,0,0,2
House Mouse,TO06,Mammalia,Mus,musculus,2026-05-02,2026-05-02T04:23:47Z,2026-05-02T04:24:14Z,0,0,2
House Mouse,TO06,Mammalia,Mus,musculus,2026-05-02,2026-05-02T20:15:47Z,2026-05-02T20:18:03Z,0,0,2
House Mouse,TO06,Mammalia,Mus,musculus,2026-05-02,2026-05-02T21:24:58Z,2026-05-02T22:20:17Z,0,0,2
Peromyscus or Ochrotomys Species,TO06,Mammalia,Peromyscus,NA,2026-05-02,2026-05-02T21:32:08Z,2026-05-02T21:33:19Z,0,0,2
House Mouse,TO06,Mammalia,Mus,musculus,2026-05-03,2026-05-03T20:10:35Z,2026-05-03T22:17:07Z,0,0,2
Peromyscus or Ochrotomys Species,TO06,Mammalia,Peromyscus,NA,2026-05-03,2026-05-03T22:23:56Z,2026-05-03T22:25:50Z,0,0,2
House Mouse,TO06,Mammalia,Mus,musculus,2026-05-04,2026-05-04T20:18:04Z,2026-05-04T20:18:04Z,0,0,2
Southeastern Shrew,TO06,Mammalia,Sorex,longirostris,2026-05-04,2026-05-04T20:21:39Z,2026-05-04T20:22:22Z,0,0,2
House Mouse,TO06,Mammalia,Mus,musculus,2026-05-04,2026-05-04T22:21:40Z,2026-05-04T23:16:26Z,0,0,2
House Mouse,TO06,Mammalia,Mus,musculus,2026-05-05,2026-05-05T03:31:46Z,2026-05-05T03:31:57Z,0,0,2
House Mouse,TO06,Mammalia,Mus,musculus,2026-05-06,2026-05-06T20:48:30Z,2026-05-06T20:51:01Z,0,0,2
House Mouse,TO06,Mammalia,Mus,musculus,2026-05-07,2026-05-07T03:47:48Z,2026-05-07T03:47:49Z,0,0,2
House Mouse,TO06,Mammalia,Mus,musculus,2026-05-07,2026-05-07T20:35:15Z,2026-05-07T20:36:10Z,0,0,2
North American Least Shrew,TO06,Mammalia,Cryptotis,parvus,2026-05-07,2026-05-07T22:35:54Z,2026-05-07T22:35:55Z,0,0,2
House Mouse,TO06,Mammalia,Mus,musculus,2026-05-08,2026-05-08T00:21:51Z,2026-05-08T00:21:51Z,0,0,2
Southeastern Shrew,TO06,Mammalia,Sorex,longirostris,2026-05-08,2026-05-08T01:44:47Z,2026-05-08T01:44:47Z,0,0,2
House Mouse,TO06,Mammalia,Mus,musculus,2026-05-09,2026-05-09T00:29:58Z,2026-05-09T00:29:59Z,0,0,2
Southeastern Shrew,TO06,Mammalia,Sorex,longirostris,2026-05-09,2026-05-09T20:28:59Z,2026-05-09T20:29:00Z,0,0,2
House Mouse,TO06,Mammalia,Mus,musculus,2026-05-09,2026-05-09T20:54:11Z,2026-05-09T21:34:25Z,0,0,2
House Mouse,TO06,Mammalia,Mus,musculus,2026-05-09,2026-05-09T23:47:36Z,2026-05-09T23:47:37Z,0,0,2
House Mouse,TO06,Mammalia,Mus,musculus,2026-05-10,2026-05-10T01:17:06Z,2026-05-10T01:17:06Z,0,0,2
House Mouse,TO06,Mammalia,Mus,musculus,2026-05-10,2026-05-10T03:29:10Z,2026-05-10T03:29:11Z,0,0,2
House Mouse,TO06,Mammalia,Mus,musculus,2026-05-10,2026-05-10T20:56:13Z,2026-05-10T20:56:14Z,0,0,2
House Mouse,TO06,Mammalia,Mus,musculus,2026-05-10,2026-05-10T21:59:22Z,2026-05-10T22:25:47Z,0,0,2
House Mouse,TO06,Mammalia,Mus,musculus,2026-05-11,2026-05-11T23:39:28Z,2026-05-11T23:54:44Z,0,0,2
Southeastern Shrew,TO06,Mammalia,Sorex,longirostris,2026-05-12,2026-05-12T00:17:39Z,2026-05-12T00:26:22Z,0,0,2
House Mouse,TO06,Mammalia,Mus,musculus,2026-05-12,2026-05-12T23:16:52Z,2026-05-12T23:16:53Z,0,0,2
Eastern Harvest Mouse,TO06,Mammalia,Reithrodontomys,humulis,2026-05-13,2026-05-13T21:22:18Z,2026-05-13T21:22:18Z,0,0,2
House Mouse,TO06,Mammalia,Mus,musculus,2026-05-13,2026-05-13T21:23:32Z,2026-05-13T21:26:37Z,0,0,2
House Mouse,TO06,Mammalia,Mus,musculus,2026-05-13,2026-05-13T23:55:38Z,2026-05-13T23:55:58Z,0,0,2
House Mouse,TO06,Mammalia,Mus,musculus,2026-05-14,2026-05-14T21:31:44Z,2026-05-14T21:52:43Z,0,0,2
House Mouse,TO06,Mammalia,Mus,musculus,2026-05-15,2026-05-15T20:31:41Z,2026-05-15T20:31:41Z,0,0,2
House Mouse,TO06,Mammalia,Mus,musculus,2026-05-15,2026-05-15T22:43:19Z,2026-05-15T22:54:43Z,0,0,2
House Mouse,TO06,Mammalia,Mus,musculus,2026-05-16,2026-05-16T00:00:11Z,2026-05-16T00:00:12Z,0,0,2
House Mouse,TO06,Mammalia,Mus,musculus,2026-05-16,2026-05-16T04:59:14Z,2026-05-16T04:59:14Z,0,0,2
House Mouse,TO06,Mammalia,Mus,musculus,2026-05-17,2026-05-17T03:23:25Z,2026-05-17T03:23:26Z,0,0,2
No Detections,TO06,No Detections,No Detections,No Detections,2026-05-18,NA,NA,0,0,2
House Mouse,TO06,Mammalia,Mus,musculus,2026-05-19,2026-05-19T20:48:35Z,2026-05-19T20:48:36Z,0,0,2
House Mouse,TO06,Mammalia,Mus,musculus,2026-05-20,2026-05-20T21:28:59Z,2026-05-20T21:28:59Z,0,0,2
No Detections,TO06,No Detections,No Detections,No Detections,2026-05-21,NA,NA,0,0,2
No Detections,TO06,No Detections,No Detections,No Detections,2026-05-22,NA,NA,0,0,2
North American Least Shrew,TO06,Mammalia,Cryptotis,parvus,2026-05-23,2026-05-23T01:00:43Z,2026-05-23T01:00:45Z,0,0,2
House Mouse,TO06,Mammalia,Mus,musculus,2026-05-23,2026-05-23T23:42:23Z,2026-05-24T00:27:11Z,0,0,2
House Mouse,TO06,Mammalia,Mus,musculus,2026-05-24,2026-05-24T20:49:04Z,2026-05-24T21:00:01Z,0,0,2
House Mouse,TO06,Mammalia,Mus,musculus,2026-05-24,2026-05-24T23:32:54Z,2026-05-24T23:41:08Z,0,0,2
House Mouse,TO06,Mammalia,Mus,musculus,2026-05-25,2026-05-25T01:06:06Z,2026-05-25T01:06:06Z,0,0,2
House Mouse,TO06,Mammalia,Mus,musculus,2026-05-25,2026-05-25T04:11:47Z,2026-05-25T04:11:48Z,0,0,2
No Detections,TO06,No Detections,No Detections,No Detections,2026-05-26,NA,NA,0,0,2
No Detections,TO06,No Detections,No Detections,No Detections,2026-05-27,NA,NA,0,0,2
No Detections,TO06,No Detections,No Detections,No Detections,2026-05-28,NA,NA,0,0,2
No Detections,TO06,No Detections,No Detections,No Detections,2026-05-29,NA,NA,0,0,2
Southeastern Shrew,TO06,Mammalia,Sorex,longirostris,2026-05-30,2026-05-30T22:36:10Z,2026-05-30T22:36:10Z,0,0,2
No Detections,TO06,No Detections,No Detections,No Detections,2026-05-31,NA,NA,0,0,2
No Detections,TO06,No Detections,No Detections,No Detections,2026-06-01,NA,NA,0,0,2
No Detections,TO06,No Detections,No Detections,No Detections,2026-06-02,NA,NA,0,0,2
Southeastern Shrew,TO06,Mammalia,Sorex,longirostris,2026-06-03,2026-06-03T01:04:25Z,2026-06-03T01:04:26Z,0,0,2
Southeastern Shrew,TO06,Mammalia,Sorex,longirostris,2026-06-03,2026-06-03T22:54:34Z,2026-06-03T22:54:35Z,0,0,2
No Detections,TO06,No Detections,No Detections,No Detections,2026-06-04,NA,NA,0,0,2
House Mouse,TO06,Mammalia,Mus,musculus,2026-06-05,2026-06-05T22:36:02Z,2026-06-05T22:36:03Z,0,0,2
House Mouse,TO06,Mammalia,Mus,musculus,2026-06-06,2026-06-06T21:35:30Z,2026-06-06T21:36:34Z,0,0,2
Southeastern Shrew,TO06,Mammalia,Sorex,longirostris,2026-06-07,2026-06-07T01:51:45Z,2026-06-07T02:15:52Z,0,0,2
House Mouse,TO06,Mammalia,Mus,musculus,2026-06-08,2026-06-08T20:54:38Z,2026-06-08T20:54:38Z,0,0,2
North American Least Shrew,TO06,Mammalia,Cryptotis,parvus,2026-06-09,2026-06-09T23:48:54Z,2026-06-09T23:48:55Z,0,0,2
No Detections,TO06,No Detections,No Detections,No Detections,2026-06-10,NA,NA,0,0,2
House Mouse,TO06,Mammalia,Mus,musculus,2026-06-11,2026-06-11T02:12:04Z,2026-06-11T02:12:05Z,0,0,2
House Mouse,TO06,Mammalia,Mus,musculus,2026-06-12,2026-06-12T21:33:55Z,2026-06-12T21:35:00Z,0,0,2
No Detections,TO06,No Detections,No Detections,No Detections,2026-06-13,NA,NA,0,0,2
No Detections,TO06,No Detections,No Detections,No Detections,2026-06-14,NA,NA,0,0,2
No Detections,TO06,No Detections,No Detections,No Detections,2026-06-15,NA,NA,0,0,2
House Mouse,TO06,Mammalia,Mus,musculus,2026-06-16,2026-06-16T01:27:10Z,2026-06-16T01:27:10Z,0,0,2
House Mouse,TO06,Mammalia,Mus,musculus,2026-06-17,2026-06-17T02:31:15Z,2026-06-17T02:32:20Z,0,0,2
House Mouse,TO06,Mammalia,Mus,musculus,2026-06-17,2026-06-17T23:32:25Z,2026-06-17T23:32:25Z,0,0,2
No Detections,TO06,No Detections,No Detections,No Detections,2026-06-18,NA,NA,0,0,2
No Detections,TO06,No Detections,No Detections,No Detections,2026-06-19,NA,NA,0,0,2
No Detections,TO06,No Detections,No Detections,No Detections,2026-06-20,NA,NA,0,0,2
No Detections,TO06,No Detections,No Detections,No Detections,2026-06-21,NA,NA,0,0,2
No Detections,TO06,No Detections,No Detections,No Detections,2026-06-22,NA,NA,0,0,2
No Detections,TO06,No Detections,No Detections,No Detections,2026-06-23,NA,NA,0,0,1
No Detections,TO06,No Detections,No Detections,No Detections,2026-06-24,NA,NA,0,0,1
No Detections,TO06,No Detections,No Detections,No Detections,2026-06-25,NA,NA,0,0,1
No Detections,TO06,No Detections,No Detections,No Detections,2026-06-26,NA,NA,0,0,1
No Detections,TO06,No Detections,No Detections,No Detections,2026-06-27,NA,NA,0,0,1
No Detections,TO06,No Detections,No Detections,No Detections,2026-06-28,NA,NA,0,0,1
No Detections,TO06,No Detections,No Detections,No Detections,2026-06-29,NA,NA,0,0,1
No Detections,TO06,No Detections,No Detections,No Detections,2026-06-30,NA,NA,0,0,1
No Detections,TO06,No Detections,No Detections,No Detections,2026-07-01,NA,NA,0,0,1
No Detections,TO06,No Detections,No Detections,No Detections,2026-07-02,NA,NA,0,0,1
No Detections,TO06,No Detections,No Detections,No Detections,2026-07-03,NA,NA,0,0,1
No Detections,TO06,No Detections,No Detections,No Detections,2026-07-04,NA,NA,0,0,1
No Detections,TO06,No Detections,No Detections,No Detections,2026-07-05,NA,NA,0,0,1
No Detections,TO06,No Detections,No Detections,No Detections,2026-07-06,NA,NA,0,0,1
No Detections,TO06,No Detections,No Detections,No Detections,2026-07-07,NA,NA,0,0,1
No Detections,TO06,No Detections,No Detections,No Detections,2026-07-08,NA,NA,0,0,1
No Detections,TO06,No Detections,No Detections,No Detections,2026-07-09,NA,NA,0,0,1
No Detections,TO06,No Detections,No Detections,No Detections,2026-07-10,NA,NA,0,0,1
No Detections,TO06,No Detections,No Detections,No Detections,2026-07-11,NA,NA,0,0,1
No Detections,TO06,No Detections,No Detections,No Detections,2026-07-12,NA,NA,0,0,1
No Detections,TO06,No Detections,No Detections,No Detections,2026-07-13,NA,NA,0,0,1
No Detections,TO06,No Detections,No Detections,No Detections,2026-07-14,NA,NA,0,0,1
No Detections,TO06,No Detections,No Detections,No Detections,2026-07-15,NA,NA,0,0,1
No Detections,TO06,No Detections,No Detections,No Detections,2026-07-16,NA,NA,0,0,1
No Detections,TO06,No Detections,No Detections,No Detections,2026-07-17,NA,NA,0,0,1
No Detections,TO06,No Detections,No Detections,No Detections,2026-07-18,NA,NA,0,0,1
No Detections,TO06,No Detections,No Detections,No Detections,2026-07-19,NA,NA,0,0,1
No Detections,TO06,No Detections,No Detections,No Detections,2026-07-20,NA,NA,0,0,1
No Detections,TO06,No Detections,No Detections,No Detections,2026-07-21,NA,NA,0,0,1
No Detections,TO06,No Detections,No Detections,No Detections,2026-07-22,NA,NA,0,0,1
No Detections,TO06,No Detections,No Detections,No Detections,2026-07-23,NA,NA,0,0,1
No Detections,TO06,No Detections,No Detections,No Detections,2026-07-24,NA,NA,0,0,1
No Detections,TO06,No Detections,No Detections,No Detections,2026-07-25,NA,NA,0,0,1
No Detections,TO06,No Detections,No Detections,No Detections,2026-07-26,NA,NA,0,0,1
No Detections,TO06,No Detections,No Detections,No Detections,2026-07-27,NA,NA,0,0,1
No Detections,TO06,No Detections,No Detections,No Detections,2026-07-28,NA,NA,0,0,1
No Detections,TO06,No Detections,No Detections,No Detections,2026-07-29,NA,NA,0,0,1
No Detections,TO06,No Detections,No Detections,No Detections,2026-07-30,NA,NA,0,0,1
No Detections,TO07,No Detections,No Detections,No Detections,2026-04-01,NA,NA,0,0,2
Eastern Racer,TO07,Reptilia,Coluber,constrictor,2026-04-02,2026-04-02T13:05:51Z,2026-04-02T13:05:53Z,0,0,2
No Detections,TO07,No Detections,No Detections,No Detections,2026-04-03,NA,NA,0,0,2
No Detections,TO07,No Detections,No Detections,No Detections,2026-04-04,NA,NA,0,0,2
No Detections,TO07,No Detections,No Detections,No Detections,2026-04-05,NA,NA,0,0,2
No Detections,TO07,No Detections,No Detections,No Detections,2026-04-06,NA,NA,0,0,2
House Mouse,TO07,Mammalia,Mus,musculus,2026-04-07,2026-04-07T20:31:55Z,2026-04-07T20:32:02Z,0,0,2
No Detections,TO07,No Detections,No Detections,No Detections,2026-04-08,NA,NA,0,0,2
No Detections,TO07,No Detections,No Detections,No Detections,2026-04-09,NA,NA,0,0,2
No Detections,TO07,No Detections,No Detections,No Detections,2026-04-10,NA,NA,0,0,2
No Detections,TO07,No Detections,No Detections,No Detections,2026-04-11,NA,NA,0,0,2
House Mouse,TO07,Mammalia,Mus,musculus,2026-04-12,2026-04-12T00:54:38Z,2026-04-12T00:54:38Z,0,0,2
No Detections,TO07,No Detections,No Detections,No Detections,2026-04-13,NA,NA,0,0,2
No Detections,TO07,No Detections,No Detections,No Detections,2026-04-14,NA,NA,0,0,2
No Detections,TO07,No Detections,No Detections,No Detections,2026-04-15,NA,NA,0,0,2
House Mouse,TO07,Mammalia,Mus,musculus,2026-04-16,2026-04-16T04:19:38Z,2026-04-16T04:19:38Z,0,0,2
Eastern Racer,TO07,Reptilia,Coluber,constrictor,2026-04-16,2026-04-16T17:17:09Z,2026-04-16T17:20:09Z,0,0,2
Southern Toad,TO07,Amphibia,Anaxyrus,terrestris,2026-04-16,2026-04-16T20:29:15Z,2026-04-16T20:29:20Z,0,0,2
Hispid Cotton Rat,TO07,Mammalia,Sigmodon,hispidus,2026-04-17,2026-04-17T07:42:03Z,2026-04-17T07:42:03Z,0,0,2
Eastern Racer,TO07,Reptilia,Coluber,constrictor,2026-04-17,2026-04-17T12:21:21Z,2026-04-17T12:21:21Z,0,0,2
No Detections,TO07,No Detections,No Detections,No Detections,2026-04-18,NA,NA,0,0,2
No Detections,TO07,No Detections,No Detections,No Detections,2026-04-19,NA,NA,0,0,2
No Detections,TO07,No Detections,No Detections,No Detections,2026-04-20,NA,NA,0,0,2
No Detections,TO07,No Detections,No Detections,No Detections,2026-04-21,NA,NA,0,0,2
Peromyscus or Ochrotomys Species,TO07,Mammalia,Peromyscus,NA,2026-04-22,2026-04-22T22:05:59Z,2026-04-22T22:06:24Z,0,0,2
No Detections,TO07,No Detections,No Detections,No Detections,2026-04-23,NA,NA,0,0,2
Eastern Harvest Mouse,TO07,Mammalia,Reithrodontomys,humulis,2026-04-24,2026-04-24T21:10:33Z,2026-04-24T21:10:37Z,0,0,2
No Detections,TO07,No Detections,No Detections,No Detections,2026-04-25,NA,NA,0,0,2
No Detections,TO07,No Detections,No Detections,No Detections,2026-04-26,NA,NA,0,0,2
North American Least Shrew,TO07,Mammalia,Cryptotis,parvus,2026-04-27,2026-04-27T03:30:16Z,2026-04-27T03:30:20Z,0,0,2
Marsh Rabbit,TO07,Mammalia,Sylvilagus,palustris,2026-04-28,2026-04-28T21:04:31Z,2026-04-28T22:16:19Z,0,0,2
Marsh Rabbit,TO07,Mammalia,Sylvilagus,palustris,2026-04-29,2026-04-29T02:34:01Z,2026-04-29T03:37:17Z,0,0,2
Marsh Rabbit,TO07,Mammalia,Sylvilagus,palustris,2026-04-29,2026-04-29T05:18:43Z,2026-04-29T05:19:01Z,0,0,2
Marsh Rabbit,TO07,Mammalia,Sylvilagus,palustris,2026-04-29,2026-04-29T16:22:18Z,2026-04-29T16:23:09Z,0,0,2
Marsh Rabbit,TO07,Mammalia,Sylvilagus,palustris,2026-04-29,2026-04-29T23:41:11Z,2026-04-29T23:41:38Z,0,0,2
Marsh Rabbit,TO07,Mammalia,Sylvilagus,palustris,2026-04-30,2026-04-30T01:56:46Z,2026-04-30T01:56:49Z,0,0,2
Hispid Cotton Rat,TO07,Mammalia,Sigmodon,hispidus,2026-04-30,2026-04-30T03:06:31Z,2026-04-30T03:06:31Z,0,0,2
No Detections,TO07,No Detections,No Detections,No Detections,2026-05-01,NA,NA,0,0,2
No Detections,TO07,No Detections,No Detections,No Detections,2026-05-02,NA,NA,0,0,2
Marsh Rabbit,TO07,Mammalia,Sylvilagus,palustris,2026-05-03,2026-05-03T00:38:24Z,2026-05-03T00:39:17Z,0,0,2
Marsh Rabbit,TO07,Mammalia,Sylvilagus,palustris,2026-05-03,2026-05-03T02:43:31Z,2026-05-03T02:43:47Z,0,0,2
Marsh Rabbit,TO07,Mammalia,Sylvilagus,palustris,2026-05-03,2026-05-03T17:39:09Z,2026-05-03T19:02:40Z,0,0,2
Marsh Rabbit,TO07,Mammalia,Sylvilagus,palustris,2026-05-04,2026-05-04T01:29:59Z,2026-05-04T01:30:04Z,0,0,2
Marsh Rabbit,TO07,Mammalia,Sylvilagus,palustris,2026-05-04,2026-05-04T05:31:57Z,2026-05-04T05:31:57Z,0,0,2
House Mouse,TO07,Mammalia,Mus,musculus,2026-05-04,2026-05-04T22:30:18Z,2026-05-04T22:30:41Z,0,0,2
No Detections,TO07,No Detections,No Detections,No Detections,2026-05-05,NA,NA,0,0,2
No Detections,TO07,No Detections,No Detections,No Detections,2026-05-06,NA,NA,0,0,2
No Detections,TO07,No Detections,No Detections,No Detections,2026-05-07,NA,NA,0,0,2
No Detections,TO07,No Detections,No Detections,No Detections,2026-05-08,NA,NA,0,0,2
House Mouse,TO07,Mammalia,Mus,musculus,2026-05-09,2026-05-09T20:38:55Z,2026-05-09T21:34:20Z,0,0,2
House Mouse,TO07,Mammalia,Mus,musculus,2026-05-10,2026-05-10T03:29:09Z,2026-05-10T03:29:09Z,0,0,2
House Mouse,TO07,Mammalia,Mus,musculus,2026-05-10,2026-05-10T22:44:22Z,2026-05-10T22:44:45Z,0,0,2
No Detections,TO07,No Detections,No Detections,No Detections,2026-05-11,NA,NA,0,0,2
Eastern Harvest Mouse,TO07,Mammalia,Reithrodontomys,humulis,2026-05-12,2026-05-12T03:03:09Z,2026-05-12T03:03:10Z,0,0,2
House Mouse,TO07,Mammalia,Mus,musculus,2026-05-12,2026-05-12T05:14:50Z,2026-05-12T05:16:28Z,0,0,2
No Detections,TO07,No Detections,No Detections,No Detections,2026-05-13,NA,NA,0,0,2
No Detections,TO07,No Detections,No Detections,No Detections,2026-05-14,NA,NA,0,0,2
No Detections,TO07,No Detections,No Detections,No Detections,2026-05-15,NA,NA,0,0,2
No Detections,TO07,No Detections,No Detections,No Detections,2026-05-16,NA,NA,0,0,2
No Detections,TO07,No Detections,No Detections,No Detections,2026-05-17,NA,NA,0,0,2
No Detections,TO07,No Detections,No Detections,No Detections,2026-05-18,NA,NA,0,0,2
No Detections,TO07,No Detections,No Detections,No Detections,2026-05-19,NA,NA,0,0,2
No Detections,TO07,No Detections,No Detections,No Detections,2026-05-20,NA,NA,0,0,2
No Detections,TO07,No Detections,No Detections,No Detections,2026-05-21,NA,NA,0,0,2
No Detections,TO07,No Detections,No Detections,No Detections,2026-05-22,NA,NA,0,0,2
No Detections,TO07,No Detections,No Detections,No Detections,2026-05-23,NA,NA,0,0,2
No Detections,TO07,No Detections,No Detections,No Detections,2026-05-24,NA,NA,0,0,2
House Mouse,TO07,Mammalia,Mus,musculus,2026-05-25,2026-05-25T20:55:18Z,2026-05-25T20:55:18Z,0,0,2
Peromyscus or Ochrotomys Species,TO07,Mammalia,Peromyscus,NA,2026-05-26,2026-05-26T22:57:34Z,2026-05-26T22:57:36Z,0,0,2
Eastern Harvest Mouse,TO07,Mammalia,Reithrodontomys,humulis,2026-05-27,2026-05-27T05:01:47Z,2026-05-27T05:01:47Z,0,0,2
House Mouse,TO07,Mammalia,Mus,musculus,2026-05-28,2026-05-28T03:06:06Z,2026-05-28T03:06:06Z,0,0,2
Southern Short-tailed Shrew,TO07,Mammalia,Blarina,carolinensis,2026-05-28,2026-05-28T03:42:03Z,2026-05-28T03:42:03Z,0,0,2
Southeastern Shrew,TO07,Mammalia,Sorex,longirostris,2026-05-29,2026-05-29T01:54:39Z,2026-05-29T01:54:39Z,0,0,2
House Mouse,TO07,Mammalia,Mus,musculus,2026-05-30,2026-05-30T00:17:56Z,2026-05-30T00:19:52Z,0,0,2
No Detections,TO07,No Detections,No Detections,No Detections,2026-05-31,NA,NA,0,0,2
No Detections,TO07,No Detections,No Detections,No Detections,2026-06-01,NA,NA,0,0,2
Marsh Rabbit,TO07,Mammalia,Sylvilagus,palustris,2026-06-02,2026-06-02T06:46:08Z,2026-06-02T06:46:08Z,0,0,2
Hispid Cotton Rat,TO07,Mammalia,Sigmodon,hispidus,2026-06-02,2026-06-02T06:59:22Z,2026-06-02T07:31:50Z,0,0,2
Southeastern Shrew,TO07,Mammalia,Sorex,longirostris,2026-06-02,2026-06-02T22:01:43Z,2026-06-02T22:01:43Z,0,0,2
House Mouse,TO07,Mammalia,Mus,musculus,2026-06-02,2026-06-02T23:13:38Z,2026-06-02T23:44:15Z,0,0,2
Hispid Cotton Rat,TO07,Mammalia,Sigmodon,hispidus,2026-06-03,2026-06-03T05:17:24Z,2026-06-03T05:27:05Z,0,0,2
Hispid Cotton Rat,TO07,Mammalia,Sigmodon,hispidus,2026-06-03,2026-06-03T20:14:15Z,2026-06-03T20:37:26Z,0,0,2
House Mouse,TO07,Mammalia,Mus,musculus,2026-06-04,2026-06-04T00:58:48Z,2026-06-04T00:58:49Z,0,0,2
Hispid Cotton Rat,TO07,Mammalia,Sigmodon,hispidus,2026-06-04,2026-06-04T05:26:25Z,2026-06-04T06:59:25Z,0,0,2
Hispid Cotton Rat,TO07,Mammalia,Sigmodon,hispidus,2026-06-04,2026-06-04T19:56:12Z,2026-06-04T19:56:12Z,0,0,2
Hispid Cotton Rat,TO07,Mammalia,Sigmodon,hispidus,2026-06-05,2026-06-05T05:21:26Z,2026-06-05T05:21:32Z,0,0,2
Hispid Cotton Rat,TO07,Mammalia,Sigmodon,hispidus,2026-06-05,2026-06-05T06:35:39Z,2026-06-05T07:00:16Z,0,0,2
Hispid Cotton Rat,TO07,Mammalia,Sigmodon,hispidus,2026-06-05,2026-06-05T20:35:49Z,2026-06-05T20:36:48Z,0,0,2
No Detections,TO07,No Detections,No Detections,No Detections,2026-06-06,NA,NA,0,0,2
No Detections,TO07,No Detections,No Detections,No Detections,2026-06-07,NA,NA,0,0,2
No Detections,TO07,No Detections,No Detections,No Detections,2026-06-08,NA,NA,0,0,2
Eastern Harvest Mouse,TO07,Mammalia,Reithrodontomys,humulis,2026-06-09,2026-06-09T01:09:30Z,2026-06-09T01:09:30Z,0,0,2
Hispid Cotton Rat,TO07,Mammalia,Sigmodon,hispidus,2026-06-09,2026-06-09T22:49:06Z,2026-06-09T22:49:06Z,0,0,2
Southeastern Shrew,TO07,Mammalia,Sorex,longirostris,2026-06-10,2026-06-10T03:56:26Z,2026-06-10T04:07:59Z,0,0,2
Hispid Cotton Rat,TO07,Mammalia,Sigmodon,hispidus,2026-06-11,2026-06-11T20:40:01Z,2026-06-11T20:40:09Z,0,0,2
Hispid Cotton Rat,TO07,Mammalia,Sigmodon,hispidus,2026-06-12,2026-06-12T20:56:04Z,2026-06-12T20:56:04Z,0,0,2
Peromyscus or Ochrotomys Species,TO07,Mammalia,Peromyscus,NA,2026-06-13,2026-06-13T02:14:20Z,2026-06-13T02:14:24Z,0,0,2
House Mouse,TO07,Mammalia,Mus,musculus,2026-06-13,2026-06-13T02:18:43Z,2026-06-13T02:18:46Z,0,0,2
Hispid Cotton Rat,TO07,Mammalia,Sigmodon,hispidus,2026-06-14,2026-06-14T06:08:16Z,2026-06-14T06:27:28Z,0,0,2
No Detections,TO07,No Detections,No Detections,No Detections,2026-06-15,NA,NA,0,0,2
Hispid Cotton Rat,TO07,Mammalia,Sigmodon,hispidus,2026-06-16,2026-06-16T05:34:26Z,2026-06-16T05:59:32Z,0,0,2
Hispid Cotton Rat,TO07,Mammalia,Sigmodon,hispidus,2026-06-17,2026-06-17T05:49:43Z,2026-06-17T06:49:37Z,0,0,2
No Detections,TO07,No Detections,No Detections,No Detections,2026-06-18,NA,NA,0,0,2
Hispid Cotton Rat,TO07,Mammalia,Sigmodon,hispidus,2026-06-19,2026-06-19T19:10:47Z,2026-06-19T19:11:16Z,0,0,2
Eastern Harvest Mouse,TO07,Mammalia,Reithrodontomys,humulis,2026-06-19,2026-06-19T19:35:41Z,2026-06-19T19:35:41Z,0,0,2
Hispid Cotton Rat,TO07,Mammalia,Sigmodon,hispidus,2026-06-20,2026-06-20T06:54:08Z,2026-06-20T07:01:22Z,0,0,2
Hispid Cotton Rat,TO07,Mammalia,Sigmodon,hispidus,2026-06-20,2026-06-20T08:51:30Z,2026-06-20T08:51:39Z,0,0,2
Hispid Cotton Rat,TO07,Mammalia,Sigmodon,hispidus,2026-06-21,2026-06-21T05:44:29Z,2026-06-21T06:46:25Z,0,0,2
No Detections,TO07,No Detections,No Detections,No Detections,2026-06-22,NA,NA,0,0,2
Peromyscus or Ochrotomys Species,TO07,Mammalia,Peromyscus,NA,2026-06-23,2026-06-23T16:56:40Z,2026-06-23T16:56:40Z,0,0,2
Peromyscus or Ochrotomys Species,TO07,Mammalia,Peromyscus,NA,2026-06-23,2026-06-23T23:58:24Z,2026-06-23T23:58:25Z,0,0,2
Peromyscus or Ochrotomys Species,TO07,Mammalia,Peromyscus,NA,2026-06-24,2026-06-24T16:49:17Z,2026-06-24T16:49:17Z,0,0,2
House Mouse,TO07,Mammalia,Mus,musculus,2026-06-25,2026-06-25T00:33:09Z,2026-06-25T00:33:14Z,0,0,2
Hispid Cotton Rat,TO07,Mammalia,Sigmodon,hispidus,2026-06-25,2026-06-25T06:21:55Z,2026-06-25T06:32:33Z,0,0,2
Hispid Cotton Rat,TO07,Mammalia,Sigmodon,hispidus,2026-06-26,2026-06-26T20:52:58Z,2026-06-26T20:53:08Z,0,0,2
Peromyscus or Ochrotomys Species,TO07,Mammalia,Peromyscus,NA,2026-06-27,2026-06-27T16:09:19Z,2026-06-27T16:09:19Z,0,0,2
No Detections,TO07,No Detections,No Detections,No Detections,2026-06-28,NA,NA,0,0,2
Hispid Cotton Rat,TO07,Mammalia,Sigmodon,hispidus,2026-06-29,2026-06-29T02:31:58Z,2026-06-29T02:31:59Z,0,0,2
Eastern Harvest Mouse,TO07,Mammalia,Reithrodontomys,humulis,2026-06-29,2026-06-29T06:38:20Z,2026-06-29T06:38:20Z,0,0,2
Peromyscus or Ochrotomys Species,TO07,Mammalia,Peromyscus,NA,2026-06-30,2026-06-30T05:53:19Z,2026-06-30T05:53:28Z,0,0,2
Peromyscus or Ochrotomys Species,TO07,Mammalia,Peromyscus,NA,2026-07-01,2026-07-01T23:49:11Z,2026-07-01T23:49:13Z,0,0,2
Hispid Cotton Rat,TO07,Mammalia,Sigmodon,hispidus,2026-07-01,2026-07-01T23:57:09Z,2026-07-01T23:57:22Z,0,0,2
Hispid Cotton Rat,TO07,Mammalia,Sigmodon,hispidus,2026-07-02,2026-07-02T02:29:32Z,2026-07-02T02:29:39Z,0,0,2
No Detections,TO07,No Detections,No Detections,No Detections,2026-07-03,NA,NA,0,0,2
No Detections,TO07,No Detections,No Detections,No Detections,2026-07-04,NA,NA,0,0,2
No Detections,TO07,No Detections,No Detections,No Detections,2026-07-05,NA,NA,0,0,2
No Detections,TO07,No Detections,No Detections,No Detections,2026-07-06,NA,NA,0,0,2
Hispid Cotton Rat,TO07,Mammalia,Sigmodon,hispidus,2026-07-07,2026-07-07T05:42:06Z,2026-07-07T05:42:38Z,0,0,2
Hispid Cotton Rat,TO07,Mammalia,Sigmodon,hispidus,2026-07-08,2026-07-08T05:50:32Z,2026-07-08T05:56:55Z,0,0,2
Hispid Cotton Rat,TO07,Mammalia,Sigmodon,hispidus,2026-07-08,2026-07-08T07:55:15Z,2026-07-08T07:55:15Z,0,0,2
No Detections,TO07,No Detections,No Detections,No Detections,2026-07-09,NA,NA,0,0,2
House Mouse,TO07,Mammalia,Mus,musculus,2026-07-10,2026-07-10T00:58:34Z,2026-07-10T00:58:34Z,0,0,2
Peromyscus or Ochrotomys Species,TO07,Mammalia,Peromyscus,NA,2026-07-10,2026-07-10T04:49:29Z,2026-07-10T04:49:29Z,0,0,2
Hispid Cotton Rat,TO07,Mammalia,Sigmodon,hispidus,2026-07-10,2026-07-10T05:55:25Z,2026-07-10T05:56:07Z,0,0,2
Hispid Cotton Rat,TO07,Mammalia,Sigmodon,hispidus,2026-07-10,2026-07-10T18:30:01Z,2026-07-10T18:30:01Z,0,0,2
No Detections,TO07,No Detections,No Detections,No Detections,2026-07-11,NA,NA,0,0,2
House Mouse,TO07,Mammalia,Mus,musculus,2026-07-12,2026-07-12T03:18:03Z,2026-07-12T03:36:18Z,0,0,2
Eastern Harvest Mouse,TO07,Mammalia,Reithrodontomys,humulis,2026-07-12,2026-07-12T03:21:35Z,2026-07-12T03:21:44Z,0,0,2
Hispid Cotton Rat,TO07,Mammalia,Sigmodon,hispidus,2026-07-12,2026-07-12T05:46:39Z,2026-07-12T07:21:24Z,0,0,2
House Mouse,TO07,Mammalia,Mus,musculus,2026-07-12,2026-07-12T21:40:00Z,2026-07-12T21:40:01Z,0,0,2
No Detections,TO07,No Detections,No Detections,No Detections,2026-07-13,NA,NA,0,0,2
Plestiodon Species,TO07,Reptilia,Plestiodon,NA,2026-07-14,2026-07-14T10:15:04Z,2026-07-14T10:15:04Z,0,0,2
Hispid Cotton Rat,TO07,Mammalia,Sigmodon,hispidus,2026-07-14,2026-07-14T16:56:50Z,2026-07-14T16:56:51Z,0,0,2
Hispid Cotton Rat,TO07,Mammalia,Sigmodon,hispidus,2026-07-15,2026-07-15T06:40:36Z,2026-07-15T06:57:12Z,0,0,2
Hispid Cotton Rat,TO07,Mammalia,Sigmodon,hispidus,2026-07-16,2026-07-16T11:03:27Z,2026-07-16T11:04:37Z,0,0,2
House Mouse,TO07,Mammalia,Mus,musculus,2026-07-17,2026-07-17T04:33:08Z,2026-07-17T04:33:55Z,0,0,2
Hispid Cotton Rat,TO07,Mammalia,Sigmodon,hispidus,2026-07-18,2026-07-18T22:52:57Z,2026-07-18T22:52:58Z,0,0,2
Hispid Cotton Rat,TO07,Mammalia,Sigmodon,hispidus,2026-07-19,2026-07-19T10:00:49Z,2026-07-19T10:00:55Z,0,0,2
Hispid Cotton Rat,TO07,Mammalia,Sigmodon,hispidus,2026-07-20,2026-07-20T08:37:24Z,2026-07-20T08:37:36Z,0,0,2
Hispid Cotton Rat,TO07,Mammalia,Sigmodon,hispidus,2026-07-20,2026-07-20T15:42:07Z,2026-07-20T15:42:09Z,0,0,2
Hispid Cotton Rat,TO07,Mammalia,Sigmodon,hispidus,2026-07-20,2026-07-20T20:09:11Z,2026-07-20T20:21:41Z,0,0,2
No Detections,TO07,No Detections,No Detections,No Detections,2026-07-21,NA,NA,0,0,2
No Detections,TO07,No Detections,No Detections,No Detections,2026-07-22,NA,NA,0,0,2
No Detections,TO07,No Detections,No Detections,No Detections,2026-07-23,NA,NA,0,0,2
Hispid Cotton Rat,TO07,Mammalia,Sigmodon,hispidus,2026-07-24,2026-07-24T05:57:58Z,2026-07-24T05:58:04Z,0,0,2
Hispid Cotton Rat,TO07,Mammalia,Sigmodon,hispidus,2026-07-25,2026-07-25T08:06:57Z,2026-07-25T08:14:35Z,0,0,2
Hispid Cotton Rat,TO07,Mammalia,Sigmodon,hispidus,2026-07-25,2026-07-25T17:24:51Z,2026-07-25T17:25:07Z,0,0,2
Hispid Cotton Rat,TO07,Mammalia,Sigmodon,hispidus,2026-07-26,2026-07-26T04:30:05Z,2026-07-26T04:30:05Z,0,0,2
No Detections,TO07,No Detections,No Detections,No Detections,2026-07-27,NA,NA,0,0,2
Hispid Cotton Rat,TO07,Mammalia,Sigmodon,hispidus,2026-07-28,2026-07-28T06:31:03Z,2026-07-28T06:31:03Z,0,0,2
Hispid Cotton Rat,TO07,Mammalia,Sigmodon,hispidus,2026-07-29,2026-07-29T01:04:21Z,2026-07-29T01:04:25Z,0,0,2
Hispid Cotton Rat,TO07,Mammalia,Sigmodon,hispidus,2026-07-29,2026-07-29T07:32:40Z,2026-07-29T07:32:42Z,0,0,2
Plestiodon Species,TO07,Reptilia,Plestiodon,NA,2026-07-29,2026-07-29T08:46:29Z,2026-07-29T08:46:29Z,0,0,2
No Detections,TO07,No Detections,No Detections,No Detections,2026-07-30,NA,NA,0,0,2
No Detections,TO08,No Detections,No Detections,No Detections,2026-04-02,NA,NA,0,0,1
No Detections,TO08,No Detections,No Detections,No Detections,2026-04-03,NA,NA,0,0,1
No Detections,TO08,No Detections,No Detections,No Detections,2026-04-04,NA,NA,0,0,1
No Detections,TO08,No Detections,No Detections,No Detections,2026-04-05,NA,NA,0,0,1
Eastern Harvest Mouse,TO08,Mammalia,Reithrodontomys,humulis,2026-04-06,2026-04-06T03:08:53Z,2026-04-06T03:08:53Z,0,0,1
No Detections,TO08,No Detections,No Detections,No Detections,2026-04-07,NA,NA,0,0,1
North American Least Shrew,TO08,Mammalia,Cryptotis,parvus,2026-04-08,2026-04-08T04:38:01Z,2026-04-08T04:38:03Z,0,0,1
No Detections,TO08,No Detections,No Detections,No Detections,2026-04-09,NA,NA,0,0,1
No Detections,TO08,No Detections,No Detections,No Detections,2026-04-10,NA,NA,0,0,1
No Detections,TO08,No Detections,No Detections,No Detections,2026-04-11,NA,NA,0,0,1
No Detections,TO08,No Detections,No Detections,No Detections,2026-04-12,NA,NA,0,0,1
House Mouse,TO08,Mammalia,Mus,musculus,2026-04-13,2026-04-13T04:28:21Z,2026-04-13T04:28:21Z,0,0,1
Eastern Harvest Mouse,TO08,Mammalia,Reithrodontomys,humulis,2026-04-14,2026-04-14T23:22:17Z,2026-04-14T23:22:17Z,0,0,1
No Detections,TO08,No Detections,No Detections,No Detections,2026-04-15,NA,NA,0,0,1
No Detections,TO08,No Detections,No Detections,No Detections,2026-04-16,NA,NA,0,0,1
No Detections,TO08,No Detections,No Detections,No Detections,2026-04-17,NA,NA,0,0,1
House Mouse,TO08,Mammalia,Mus,musculus,2026-04-18,2026-04-18T05:07:51Z,2026-04-18T05:07:51Z,0,0,1
Southern Toad,TO08,Amphibia,Anaxyrus,terrestris,2026-04-18,2026-04-18T22:42:44Z,2026-04-18T22:42:44Z,0,0,1
Southern Toad,TO08,Amphibia,Anaxyrus,terrestris,2026-04-18,2026-04-18T23:48:55Z,2026-04-19T00:16:14Z,0,0,1
No Detections,TO08,No Detections,No Detections,No Detections,2026-04-19,NA,NA,0,0,1
No Detections,TO08,No Detections,No Detections,No Detections,2026-04-20,NA,NA,0,0,1
No Detections,TO08,No Detections,No Detections,No Detections,2026-04-21,NA,NA,0,0,1
No Detections,TO08,No Detections,No Detections,No Detections,2026-04-22,NA,NA,0,0,1
No Detections,TO08,No Detections,No Detections,No Detections,2026-04-23,NA,NA,0,0,1
No Detections,TO08,No Detections,No Detections,No Detections,2026-04-24,NA,NA,0,0,1
House Mouse,TO08,Mammalia,Mus,musculus,2026-04-25,2026-04-25T05:47:47Z,2026-04-25T05:47:51Z,0,0,1
No Detections,TO08,No Detections,No Detections,No Detections,2026-04-26,NA,NA,0,0,1
No Detections,TO08,No Detections,No Detections,No Detections,2026-04-27,NA,NA,0,0,1
No Detections,TO08,No Detections,No Detections,No Detections,2026-04-28,NA,NA,0,0,1
No Detections,TO08,No Detections,No Detections,No Detections,2026-04-29,NA,NA,0,0,1
No Detections,TO08,No Detections,No Detections,No Detections,2026-04-30,NA,NA,0,0,1
House Mouse,TO08,Mammalia,Mus,musculus,2026-05-01,2026-05-01T03:19:35Z,2026-05-01T03:19:38Z,0,0,1
No Detections,TO08,No Detections,No Detections,No Detections,2026-05-02,NA,NA,0,0,1
No Detections,TO08,No Detections,No Detections,No Detections,2026-05-03,NA,NA,0,0,1
No Detections,TO08,No Detections,No Detections,No Detections,2026-05-04,NA,NA,0,0,1
No Detections,TO08,No Detections,No Detections,No Detections,2026-05-05,NA,NA,0,0,1
No Detections,TO08,No Detections,No Detections,No Detections,2026-05-06,NA,NA,0,0,1
No Detections,TO08,No Detections,No Detections,No Detections,2026-05-07,NA,NA,0,0,1
No Detections,TO08,No Detections,No Detections,No Detections,2026-05-08,NA,NA,0,0,1
No Detections,TO08,No Detections,No Detections,No Detections,2026-05-09,NA,NA,0,0,1
No Detections,TO08,No Detections,No Detections,No Detections,2026-05-10,NA,NA,0,0,1
No Detections,TO08,No Detections,No Detections,No Detections,2026-05-11,NA,NA,0,0,1
No Detections,TO08,No Detections,No Detections,No Detections,2026-05-12,NA,NA,0,0,1
No Detections,TO08,No Detections,No Detections,No Detections,2026-05-13,NA,NA,0,0,1
No Detections,TO08,No Detections,No Detections,No Detections,2026-05-14,NA,NA,0,0,1
North American Least Shrew,TO08,Mammalia,Cryptotis,parvus,2026-05-15,2026-05-15T06:13:53Z,2026-05-15T06:13:53Z,0,0,1
Southern Short-tailed Shrew,TO08,Mammalia,Blarina,carolinensis,2026-05-15,2026-05-15T06:24:28Z,2026-05-15T06:24:44Z,0,0,1
No Detections,TO08,No Detections,No Detections,No Detections,2026-05-16,NA,NA,0,0,1
No Detections,TO08,No Detections,No Detections,No Detections,2026-05-17,NA,NA,0,0,1
No Detections,TO08,No Detections,No Detections,No Detections,2026-05-18,NA,NA,0,0,1
No Detections,TO08,No Detections,No Detections,No Detections,2026-05-19,NA,NA,0,0,2
No Detections,TO08,No Detections,No Detections,No Detections,2026-05-20,NA,NA,0,0,2
No Detections,TO08,No Detections,No Detections,No Detections,2026-05-21,NA,NA,0,0,2
No Detections,TO08,No Detections,No Detections,No Detections,2026-05-22,NA,NA,0,0,2
No Detections,TO08,No Detections,No Detections,No Detections,2026-05-23,NA,NA,0,0,2
No Detections,TO08,No Detections,No Detections,No Detections,2026-05-24,NA,NA,0,0,2
No Detections,TO08,No Detections,No Detections,No Detections,2026-05-25,NA,NA,0,0,2
No Detections,TO08,No Detections,No Detections,No Detections,2026-05-26,NA,NA,0,0,2
No Detections,TO08,No Detections,No Detections,No Detections,2026-05-27,NA,NA,0,0,2
No Detections,TO08,No Detections,No Detections,No Detections,2026-05-28,NA,NA,0,0,2
No Detections,TO08,No Detections,No Detections,No Detections,2026-05-29,NA,NA,0,0,2
No Detections,TO08,No Detections,No Detections,No Detections,2026-05-30,NA,NA,0,0,2
No Detections,TO08,No Detections,No Detections,No Detections,2026-05-31,NA,NA,0,0,2
No Detections,TO08,No Detections,No Detections,No Detections,2026-06-01,NA,NA,0,0,2
Southeastern Shrew,TO08,Mammalia,Sorex,longirostris,2026-06-02,2026-06-02T20:34:29Z,2026-06-02T20:34:31Z,0,0,2
No Detections,TO08,No Detections,No Detections,No Detections,2026-06-03,NA,NA,0,0,2
No Detections,TO08,No Detections,No Detections,No Detections,2026-06-04,NA,NA,0,0,2
No Detections,TO08,No Detections,No Detections,No Detections,2026-06-05,NA,NA,0,0,2
Southern Toad,TO08,Amphibia,Anaxyrus,terrestris,2026-06-06,2026-06-06T19:55:25Z,2026-06-06T20:08:11Z,0,0,2
Southern Toad,TO08,Amphibia,Anaxyrus,terrestris,2026-06-06,2026-06-06T21:16:16Z,2026-06-06T21:16:16Z,0,0,2
Southern Toad,TO08,Amphibia,Anaxyrus,terrestris,2026-06-07,2026-06-07T00:00:38Z,2026-06-07T00:11:56Z,0,0,2
Southern Toad,TO08,Amphibia,Anaxyrus,terrestris,2026-06-07,2026-06-07T21:10:52Z,2026-06-07T21:36:55Z,0,0,2
Southern Toad,TO08,Amphibia,Anaxyrus,terrestris,2026-06-08,2026-06-08T20:57:12Z,2026-06-08T21:23:42Z,0,0,2
Southern Toad,TO08,Amphibia,Anaxyrus,terrestris,2026-06-09,2026-06-09T04:51:14Z,2026-06-09T04:51:14Z,0,0,2
Southern Toad,TO08,Amphibia,Anaxyrus,terrestris,2026-06-09,2026-06-09T20:40:11Z,2026-06-09T21:56:38Z,0,0,2
Southern Toad,TO08,Amphibia,Anaxyrus,terrestris,2026-06-10,2026-06-10T20:34:55Z,2026-06-10T20:35:09Z,0,0,2
No Detections,TO08,No Detections,No Detections,No Detections,2026-06-11,NA,NA,0,0,2
No Detections,TO08,No Detections,No Detections,No Detections,2026-06-12,NA,NA,0,0,2
No Detections,TO08,No Detections,No Detections,No Detections,2026-06-13,NA,NA,0,0,2
No Detections,TO08,No Detections,No Detections,No Detections,2026-06-14,NA,NA,0,0,2
No Detections,TO08,No Detections,No Detections,No Detections,2026-06-15,NA,NA,0,0,2
Northern Cottonmouth,TO08,Reptilia,Agkistrodon,piscivorus,2026-06-16,2026-06-16T08:21:03Z,2026-06-16T08:21:32Z,0,0,2
No Detections,TO08,No Detections,No Detections,No Detections,2026-06-17,NA,NA,0,0,2
Southeastern Shrew,TO08,Mammalia,Sorex,longirostris,2026-06-18,2026-06-18T02:52:38Z,2026-06-18T02:52:41Z,0,0,2
Hispid Cotton Rat,TO08,Mammalia,Sigmodon,hispidus,2026-06-19,2026-06-19T00:42:18Z,2026-06-19T00:42:29Z,0,0,1
No Detections,TO08,No Detections,No Detections,No Detections,2026-06-20,NA,NA,0,0,1
No Detections,TO08,No Detections,No Detections,No Detections,2026-06-21,NA,NA,0,0,1
No Detections,TO08,No Detections,No Detections,No Detections,2026-06-22,NA,NA,0,0,1
North American Least Shrew,TO08,Mammalia,Cryptotis,parvus,2026-06-23,2026-06-23T00:34:25Z,2026-06-23T00:34:25Z,0,0,1
No Detections,TO08,No Detections,No Detections,No Detections,2026-06-24,NA,NA,0,0,1
No Detections,TO08,No Detections,No Detections,No Detections,2026-06-25,NA,NA,0,0,1
No Detections,TO08,No Detections,No Detections,No Detections,2026-06-26,NA,NA,0,0,1
No Detections,TO08,No Detections,No Detections,No Detections,2026-06-27,NA,NA,0,0,1
No Detections,TO08,No Detections,No Detections,No Detections,2026-06-28,NA,NA,0,0,1
No Detections,TO08,No Detections,No Detections,No Detections,2026-06-29,NA,NA,0,0,1
No Detections,TO08,No Detections,No Detections,No Detections,2026-06-30,NA,NA,0,0,1
No Detections,TO08,No Detections,No Detections,No Detections,2026-07-01,NA,NA,0,0,1
No Detections,TO08,No Detections,No Detections,No Detections,2026-07-02,NA,NA,0,0,1
No Detections,TO08,No Detections,No Detections,No Detections,2026-07-03,NA,NA,0,0,1
No Detections,TO08,No Detections,No Detections,No Detections,2026-07-04,NA,NA,0,0,1
No Detections,TO08,No Detections,No Detections,No Detections,2026-07-05,NA,NA,0,0,1
No Detections,TO08,No Detections,No Detections,No Detections,2026-07-06,NA,NA,0,0,1
No Detections,TO08,No Detections,No Detections,No Detections,2026-07-07,NA,NA,0,0,1
No Detections,TO08,No Detections,No Detections,No Detections,2026-07-08,NA,NA,0,0,1
No Detections,TO08,No Detections,No Detections,No Detections,2026-07-09,NA,NA,0,0,1
No Detections,TO08,No Detections,No Detections,No Detections,2026-07-10,NA,NA,0,0,1
Hispid Cotton Rat,TO08,Mammalia,Sigmodon,hispidus,2026-07-11,2026-07-11T01:37:13Z,2026-07-11T01:38:19Z,0,0,1
No Detections,TO08,No Detections,No Detections,No Detections,2026-07-12,NA,NA,0,0,1
No Detections,TO08,No Detections,No Detections,No Detections,2026-07-13,NA,NA,0,0,1
Eastern Narrowmouth Toad,TO08,Amphibia,Gastrophryne,carolinensis,2026-07-14,2026-07-14T22:15:47Z,2026-07-14T22:15:47Z,0,0,2
No Detections,TO08,No Detections,No Detections,No Detections,2026-07-15,NA,NA,0,0,2
No Detections,TO08,No Detections,No Detections,No Detections,2026-07-16,NA,NA,0,0,2
Hispid Cotton Rat,TO08,Mammalia,Sigmodon,hispidus,2026-07-17,2026-07-17T07:25:20Z,2026-07-17T08:01:12Z,0,0,2
No Detections,TO08,No Detections,No Detections,No Detections,2026-07-18,NA,NA,0,0,2
Hispid Cotton Rat,TO08,Mammalia,Sigmodon,hispidus,2026-07-19,2026-07-19T20:04:41Z,2026-07-19T20:04:55Z,0,0,2
Hispid Cotton Rat,TO08,Mammalia,Sigmodon,hispidus,2026-07-20,2026-07-20T08:37:35Z,2026-07-20T08:37:36Z,0,0,2
Hispid Cotton Rat,TO08,Mammalia,Sigmodon,hispidus,2026-07-20,2026-07-20T12:54:23Z,2026-07-20T12:54:23Z,0,0,2
Hispid Cotton Rat,TO08,Mammalia,Sigmodon,hispidus,2026-07-20,2026-07-20T20:26:48Z,2026-07-20T20:44:33Z,0,0,2
Hispid Cotton Rat,TO08,Mammalia,Sigmodon,hispidus,2026-07-21,2026-07-21T06:10:23Z,2026-07-21T06:39:32Z,0,0,2
No Detections,TO08,No Detections,No Detections,No Detections,2026-07-22,NA,NA,0,0,2
Hispid Cotton Rat,TO08,Mammalia,Sigmodon,hispidus,2026-07-23,2026-07-23T06:12:00Z,2026-07-23T06:12:00Z,0,0,2
Hispid Cotton Rat,TO08,Mammalia,Sigmodon,hispidus,2026-07-23,2026-07-23T17:26:14Z,2026-07-23T17:26:31Z,0,0,2
Hispid Cotton Rat,TO08,Mammalia,Sigmodon,hispidus,2026-07-24,2026-07-24T20:05:32Z,2026-07-24T20:05:32Z,0,0,2
Hispid Cotton Rat,TO08,Mammalia,Sigmodon,hispidus,2026-07-25,2026-07-25T13:18:31Z,2026-07-25T13:40:44Z,0,0,2
North American Least Shrew,TO08,Mammalia,Cryptotis,parvus,2026-07-26,2026-07-26T00:37:44Z,2026-07-26T00:37:44Z,0,0,2
Hispid Cotton Rat,TO08,Mammalia,Sigmodon,hispidus,2026-07-27,2026-07-27T12:21:50Z,2026-07-27T12:21:50Z,0,0,2
No Detections,TO08,No Detections,No Detections,No Detections,2026-07-28,NA,NA,0,0,2
No Detections,TO08,No Detections,No Detections,No Detections,2026-07-29,NA,NA,0,0,2
Hispid Cotton Rat,TO08,Mammalia,Sigmodon,hispidus,2026-07-30,2026-07-30T00:46:13Z,2026-07-30T00:47:32Z,0,0,2
No Detections,TO09,No Detections,No Detections,No Detections,2026-04-08,NA,NA,0,0,1
No Detections,TO09,No Detections,No Detections,No Detections,2026-04-09,NA,NA,0,0,1
Eastern Racer,TO09,Reptilia,Coluber,constrictor,2026-04-10,2026-04-10T17:30:13Z,2026-04-10T17:34:11Z,0,0,1
No Detections,TO09,No Detections,No Detections,No Detections,2026-04-11,NA,NA,0,0,1
No Detections,TO09,No Detections,No Detections,No Detections,2026-04-12,NA,NA,0,0,1
No Detections,TO09,No Detections,No Detections,No Detections,2026-04-13,NA,NA,0,0,1
No Detections,TO09,No Detections,No Detections,No Detections,2026-04-14,NA,NA,0,0,1
No Detections,TO09,No Detections,No Detections,No Detections,2026-04-15,NA,NA,0,0,1
No Detections,TO09,No Detections,No Detections,No Detections,2026-04-16,NA,NA,0,0,1
No Detections,TO09,No Detections,No Detections,No Detections,2026-04-17,NA,NA,0,0,1
No Detections,TO09,No Detections,No Detections,No Detections,2026-04-18,NA,NA,0,0,1
Common Kingsnake,TO09,Reptilia,Lampropeltis,getula,2026-04-19,2026-04-19T11:17:44Z,2026-04-19T11:17:45Z,0,0,1
No Detections,TO09,No Detections,No Detections,No Detections,2026-04-20,NA,NA,0,0,1
No Detections,TO09,No Detections,No Detections,No Detections,2026-04-21,NA,NA,0,0,1
No Detections,TO09,No Detections,No Detections,No Detections,2026-04-22,NA,NA,0,0,1
No Detections,TO09,No Detections,No Detections,No Detections,2026-04-23,NA,NA,0,0,1
No Detections,TO09,No Detections,No Detections,No Detections,2026-04-24,NA,NA,0,0,1
Southern Short-tailed Shrew,TO09,Mammalia,Blarina,carolinensis,2026-04-25,2026-04-25T03:36:09Z,2026-04-25T03:36:14Z,0,0,1
Southern Toad,TO09,Amphibia,Anaxyrus,terrestris,2026-04-25,2026-04-25T21:01:35Z,2026-04-25T21:01:40Z,0,0,1
No Detections,TO09,No Detections,No Detections,No Detections,2026-04-26,NA,NA,0,0,1
No Detections,TO09,No Detections,No Detections,No Detections,2026-04-27,NA,NA,0,0,1
No Detections,TO09,No Detections,No Detections,No Detections,2026-04-28,NA,NA,0,0,1
No Detections,TO09,No Detections,No Detections,No Detections,2026-04-29,NA,NA,0,0,1
No Detections,TO09,No Detections,No Detections,No Detections,2026-04-30,NA,NA,0,0,1
No Detections,TO09,No Detections,No Detections,No Detections,2026-05-01,NA,NA,0,0,1
No Detections,TO09,No Detections,No Detections,No Detections,2026-05-02,NA,NA,0,0,1
North American Least Shrew,TO09,Mammalia,Cryptotis,parvus,2026-05-03,2026-05-03T02:21:43Z,2026-05-03T02:21:43Z,0,0,1
Microtus Species,TO09,Mammalia,Microtus,NA,2026-05-04,2026-05-04T22:52:35Z,2026-05-04T22:53:17Z,0,0,1
No Detections,TO09,No Detections,No Detections,No Detections,2026-05-05,NA,NA,0,0,1
No Detections,TO09,No Detections,No Detections,No Detections,2026-05-06,NA,NA,0,0,1
Southern Toad,TO09,Amphibia,Anaxyrus,terrestris,2026-05-07,2026-05-07T02:04:44Z,2026-05-07T02:04:44Z,0,0,1
No Detections,TO09,No Detections,No Detections,No Detections,2026-05-08,NA,NA,0,0,1
No Detections,TO09,No Detections,No Detections,No Detections,2026-05-09,NA,NA,0,0,1
No Detections,TO09,No Detections,No Detections,No Detections,2026-05-10,NA,NA,0,0,1
No Detections,TO09,No Detections,No Detections,No Detections,2026-05-11,NA,NA,0,0,1
No Detections,TO09,No Detections,No Detections,No Detections,2026-05-12,NA,NA,0,0,1
Common Kingsnake,TO09,Reptilia,Lampropeltis,getula,2026-05-13,2026-05-13T17:30:45Z,2026-05-13T17:30:57Z,0,0,1
No Detections,TO09,No Detections,No Detections,No Detections,2026-05-14,NA,NA,0,0,1
No Detections,TO09,No Detections,No Detections,No Detections,2026-05-15,NA,NA,0,0,1
No Detections,TO09,No Detections,No Detections,No Detections,2026-05-16,NA,NA,0,0,1
Southern Toad,TO09,Amphibia,Anaxyrus,terrestris,2026-05-17,2026-05-17T01:02:47Z,2026-05-17T01:02:47Z,0,0,1
No Detections,TO09,No Detections,No Detections,No Detections,2026-05-18,NA,NA,0,0,1
No Detections,TO09,No Detections,No Detections,No Detections,2026-05-19,NA,NA,0,0,2
No Detections,TO09,No Detections,No Detections,No Detections,2026-05-20,NA,NA,0,0,1
No Detections,TO09,No Detections,No Detections,No Detections,2026-05-21,NA,NA,0,0,1
No Detections,TO09,No Detections,No Detections,No Detections,2026-05-22,NA,NA,0,0,1
No Detections,TO09,No Detections,No Detections,No Detections,2026-05-23,NA,NA,0,0,2
Marsh Rabbit,TO09,Mammalia,Sylvilagus,palustris,2026-05-24,2026-05-24T00:57:24Z,2026-05-24T01:02:29Z,0,0,2
Marsh Rabbit,TO09,Mammalia,Sylvilagus,palustris,2026-05-24,2026-05-24T03:33:24Z,2026-05-24T03:33:25Z,0,0,2
Marsh Rabbit,TO09,Mammalia,Sylvilagus,palustris,2026-05-24,2026-05-24T04:39:38Z,2026-05-24T04:40:15Z,0,0,2
Eastern Racer,TO09,Reptilia,Coluber,constrictor,2026-05-24,2026-05-24T11:44:33Z,2026-05-24T11:44:33Z,0,0,2
Marsh Rabbit,TO09,Mammalia,Sylvilagus,palustris,2026-05-24,2026-05-24T21:23:23Z,2026-05-24T21:23:31Z,0,0,2
Marsh Rabbit,TO09,Mammalia,Sylvilagus,palustris,2026-05-25,2026-05-25T04:46:43Z,2026-05-25T04:48:12Z,0,0,2
No Detections,TO09,No Detections,No Detections,No Detections,2026-05-26,NA,NA,0,0,2
Marsh Rabbit,TO09,Mammalia,Sylvilagus,palustris,2026-05-27,2026-05-27T20:39:53Z,2026-05-27T20:40:07Z,0,0,2
No Detections,TO09,No Detections,No Detections,No Detections,2026-05-28,NA,NA,0,0,2
Marsh Rabbit,TO09,Mammalia,Sylvilagus,palustris,2026-05-29,2026-05-29T00:14:39Z,2026-05-29T00:14:48Z,0,0,2
Marsh Rabbit,TO09,Mammalia,Sylvilagus,palustris,2026-05-29,2026-05-29T04:22:18Z,2026-05-29T04:25:16Z,0,0,2
Marsh Rabbit,TO09,Mammalia,Sylvilagus,palustris,2026-05-29,2026-05-29T20:35:29Z,2026-05-29T21:15:12Z,0,0,2
Marsh Rabbit,TO09,Mammalia,Sylvilagus,palustris,2026-05-30,2026-05-30T20:57:49Z,2026-05-30T20:57:49Z,0,0,2
Marsh Rabbit,TO09,Mammalia,Sylvilagus,palustris,2026-05-30,2026-05-30T22:31:47Z,2026-05-30T22:52:38Z,0,0,2
Marsh Rabbit,TO09,Mammalia,Sylvilagus,palustris,2026-05-31,2026-05-31T22:28:54Z,2026-05-31T22:28:57Z,0,0,2
Marsh Rabbit,TO09,Mammalia,Sylvilagus,palustris,2026-06-01,2026-06-01T01:49:00Z,2026-06-01T01:49:00Z,0,0,2
Marsh Rabbit,TO09,Mammalia,Sylvilagus,palustris,2026-06-02,2026-06-02T21:09:52Z,2026-06-02T21:09:52Z,0,0,2
No Detections,TO09,No Detections,No Detections,No Detections,2026-06-03,NA,NA,0,0,2
No Detections,TO09,No Detections,No Detections,No Detections,2026-06-04,NA,NA,0,0,2
Marsh Rabbit,TO09,Mammalia,Sylvilagus,palustris,2026-06-05,2026-06-05T22:11:46Z,2026-06-05T22:11:46Z,0,0,2
No Detections,TO09,No Detections,No Detections,No Detections,2026-06-06,NA,NA,0,0,2
No Detections,TO09,No Detections,No Detections,No Detections,2026-06-07,NA,NA,0,0,2
No Detections,TO09,No Detections,No Detections,No Detections,2026-06-08,NA,NA,0,0,2
Marsh Rabbit,TO09,Mammalia,Sylvilagus,palustris,2026-06-09,2026-06-09T23:22:49Z,2026-06-09T23:57:37Z,0,0,2
Eastern Cottontail,TO09,Mammalia,Sylvilagus,floridanus,2026-06-09,2026-06-09T23:50:12Z,2026-06-09T23:50:16Z,0,0,2
Marsh Rabbit,TO09,Mammalia,Sylvilagus,palustris,2026-06-10,2026-06-10T01:45:30Z,2026-06-10T01:45:37Z,0,0,2
Southern Toad,TO09,Amphibia,Anaxyrus,terrestris,2026-06-11,2026-06-11T23:05:30Z,2026-06-11T23:05:31Z,0,0,2
Hispid Cotton Rat,TO09,Mammalia,Sigmodon,hispidus,2026-06-12,2026-06-12T02:54:50Z,2026-06-12T02:55:03Z,0,0,2
Marsh Rabbit,TO09,Mammalia,Sylvilagus,palustris,2026-06-13,2026-06-13T02:50:30Z,2026-06-13T02:50:35Z,0,0,2
Eastern Cottontail,TO09,Mammalia,Sylvilagus,floridanus,2026-06-13,2026-06-13T04:05:54Z,2026-06-13T04:05:54Z,0,0,2
No Detections,TO09,No Detections,No Detections,No Detections,2026-06-14,NA,NA,0,0,2
House Mouse,TO09,Mammalia,Mus,musculus,2026-06-15,2026-06-15T23:16:09Z,2026-06-15T23:17:30Z,0,0,2
Marsh Rabbit,TO09,Mammalia,Sylvilagus,palustris,2026-06-16,2026-06-16T23:37:48Z,2026-06-16T23:37:59Z,0,0,2
House Mouse,TO09,Mammalia,Mus,musculus,2026-06-17,2026-06-17T01:55:06Z,2026-06-17T01:55:11Z,0,0,2
No Detections,TO09,No Detections,No Detections,No Detections,2026-06-18,NA,NA,0,0,2
Southern Toad,TO09,Amphibia,Anaxyrus,terrestris,2026-06-19,2026-06-19T20:44:53Z,2026-06-19T20:44:53Z,0,0,2
No Detections,TO09,No Detections,No Detections,No Detections,2026-06-20,NA,NA,0,0,2
Eastern Cottontail,TO09,Mammalia,Sylvilagus,floridanus,2026-06-21,2026-06-21T21:36:10Z,2026-06-21T21:36:10Z,0,0,2
Southern Toad,TO09,Amphibia,Anaxyrus,terrestris,2026-06-21,2026-06-21T23:05:31Z,2026-06-21T23:05:31Z,0,0,2
No Detections,TO09,No Detections,No Detections,No Detections,2026-06-22,NA,NA,0,0,2
Southern Toad,TO09,Amphibia,Anaxyrus,terrestris,2026-06-23,2026-06-23T09:23:46Z,2026-06-23T09:23:53Z,0,0,2
Southeastern Shrew,TO09,Mammalia,Sorex,longirostris,2026-06-24,2026-06-24T02:17:09Z,2026-06-24T02:17:09Z,0,0,2
No Detections,TO09,No Detections,No Detections,No Detections,2026-06-25,NA,NA,0,0,2
Eastern Cottontail,TO09,Mammalia,Sylvilagus,floridanus,2026-06-26,2026-06-26T04:31:02Z,2026-06-26T04:31:38Z,0,0,2
Marsh Rabbit,TO09,Mammalia,Sylvilagus,palustris,2026-06-27,2026-06-27T00:53:01Z,2026-06-27T00:54:28Z,0,0,2
Eastern Cottontail,TO09,Mammalia,Sylvilagus,floridanus,2026-06-28,2026-06-28T05:03:16Z,2026-06-28T05:03:31Z,0,0,2
Common Kingsnake,TO09,Reptilia,Lampropeltis,getula,2026-06-29,2026-06-29T16:35:54Z,2026-06-29T16:35:54Z,0,0,2
Eastern Racer,TO09,Reptilia,Coluber,constrictor,2026-06-30,2026-06-30T12:40:30Z,2026-06-30T12:40:46Z,0,0,2
Marsh Rabbit,TO09,Mammalia,Sylvilagus,palustris,2026-07-01,2026-07-01T02:54:45Z,2026-07-01T03:52:50Z,0,0,2
Eastern Cottontail,TO09,Mammalia,Sylvilagus,floridanus,2026-07-01,2026-07-01T03:48:43Z,2026-07-01T03:49:58Z,0,0,2
House Mouse,TO09,Mammalia,Mus,musculus,2026-07-01,2026-07-01T05:18:55Z,2026-07-01T05:18:58Z,0,0,2
Southern Toad,TO09,Amphibia,Anaxyrus,terrestris,2026-07-01,2026-07-01T20:51:03Z,2026-07-01T20:51:03Z,0,0,2
No Detections,TO09,No Detections,No Detections,No Detections,2026-07-02,NA,NA,0,0,2
No Detections,TO09,No Detections,No Detections,No Detections,2026-07-03,NA,NA,0,0,2
Eastern Cottontail,TO09,Mammalia,Sylvilagus,floridanus,2026-07-04,2026-07-04T22:33:28Z,2026-07-04T22:33:32Z,0,0,1
No Detections,TO09,No Detections,No Detections,No Detections,2026-07-05,NA,NA,0,0,1
No Detections,TO09,No Detections,No Detections,No Detections,2026-07-06,NA,NA,0,0,1
No Detections,TO09,No Detections,No Detections,No Detections,2026-07-07,NA,NA,0,0,1
No Detections,TO09,No Detections,No Detections,No Detections,2026-07-08,NA,NA,0,0,1
Peromyscus or Ochrotomys Species,TO09,Mammalia,Peromyscus,NA,2026-07-09,2026-07-09T02:53:16Z,2026-07-09T02:53:17Z,0,0,1
Eastern Harvest Mouse,TO09,Mammalia,Reithrodontomys,humulis,2026-07-09,2026-07-09T20:56:26Z,2026-07-09T20:56:27Z,0,0,1
No Detections,TO09,No Detections,No Detections,No Detections,2026-07-10,NA,NA,0,0,1
Eastern Harvest Mouse,TO09,Mammalia,Reithrodontomys,humulis,2026-07-11,2026-07-11T23:52:45Z,2026-07-11T23:52:59Z,0,0,1
House Mouse,TO09,Mammalia,Mus,musculus,2026-07-12,2026-07-12T01:10:07Z,2026-07-12T01:10:19Z,0,0,1
No Detections,TO09,No Detections,No Detections,No Detections,2026-07-13,NA,NA,0,0,1
No Detections,TO09,No Detections,No Detections,No Detections,2026-07-14,NA,NA,0,0,1
No Detections,TO09,No Detections,No Detections,No Detections,2026-07-15,NA,NA,0,0,1
No Detections,TO09,No Detections,No Detections,No Detections,2026-07-16,NA,NA,0,0,1
No Detections,TO09,No Detections,No Detections,No Detections,2026-07-17,NA,NA,0,0,1
No Detections,TO09,No Detections,No Detections,No Detections,2026-07-18,NA,NA,0,0,1
Hispid Cotton Rat,TO09,Mammalia,Sigmodon,hispidus,2026-07-19,2026-07-19T20:32:54Z,2026-07-19T20:33:12Z,0,0,1
No Detections,TO09,No Detections,No Detections,No Detections,2026-07-20,NA,NA,0,0,1
No Detections,TO09,No Detections,No Detections,No Detections,2026-07-21,NA,NA,0,0,1
No Detections,TO09,No Detections,No Detections,No Detections,2026-07-22,NA,NA,0,0,1
Southern Leopard Frog,TO09,Amphibia,Lithobates,sphenocephalus,2026-07-23,2026-07-23T23:09:09Z,2026-07-23T23:09:10Z,0,0,1
No Detections,TO09,No Detections,No Detections,No Detections,2026-07-24,NA,NA,0,0,1
No Detections,TO09,No Detections,No Detections,No Detections,2026-07-25,NA,NA,0,0,1
No Detections,TO09,No Detections,No Detections,No Detections,2026-07-26,NA,NA,0,0,1
No Detections,TO09,No Detections,No Detections,No Detections,2026-07-27,NA,NA,0,0,1
No Detections,TO09,No Detections,No Detections,No Detections,2026-07-28,NA,NA,0,0,1
No Detections,TO09,No Detections,No Detections,No Detections,2026-07-29,NA,NA,0,0,1
Southeastern Shrew,TO09,Mammalia,Sorex,longirostris,2026-07-30,2026-07-30T01:13:40Z,2026-07-30T01:13:44Z,0,0,1
No Detections,TO10,No Detections,No Detections,No Detections,2026-04-10,NA,NA,0,0,2
No Detections,TO10,No Detections,No Detections,No Detections,2026-04-11,NA,NA,0,0,2
No Detections,TO10,No Detections,No Detections,No Detections,2026-04-12,NA,NA,0,0,2
No Detections,TO10,No Detections,No Detections,No Detections,2026-04-13,NA,NA,0,0,2
Eastern Racer,TO10,Reptilia,Coluber,constrictor,2026-04-14,2026-04-14T17:25:30Z,2026-04-14T17:25:30Z,0,0,2
No Detections,TO10,No Detections,No Detections,No Detections,2026-04-15,NA,NA,0,0,2
No Detections,TO10,No Detections,No Detections,No Detections,2026-04-16,NA,NA,0,0,2
No Detections,TO10,No Detections,No Detections,No Detections,2026-04-17,NA,NA,0,0,2
No Detections,TO10,No Detections,No Detections,No Detections,2026-04-18,NA,NA,0,0,2
No Detections,TO10,No Detections,No Detections,No Detections,2026-04-19,NA,NA,0,0,2
House Mouse,TO10,Mammalia,Mus,musculus,2026-04-20,2026-04-20T21:29:06Z,2026-04-20T21:29:07Z,0,0,2
No Detections,TO10,No Detections,No Detections,No Detections,2026-04-21,NA,NA,0,0,2
No Detections,TO10,No Detections,No Detections,No Detections,2026-04-22,NA,NA,0,0,2
North American Least Shrew,TO10,Mammalia,Cryptotis,parvus,2026-04-23,2026-04-23T01:27:38Z,2026-04-23T01:27:40Z,0,0,2
No Detections,TO10,No Detections,No Detections,No Detections,2026-04-24,NA,NA,0,0,2
House Mouse,TO10,Mammalia,Mus,musculus,2026-04-25,2026-04-25T21:23:47Z,2026-04-25T21:23:49Z,0,0,2
No Detections,TO10,No Detections,No Detections,No Detections,2026-04-26,NA,NA,0,0,2
No Detections,TO10,No Detections,No Detections,No Detections,2026-04-27,NA,NA,0,0,2
No Detections,TO10,No Detections,No Detections,No Detections,2026-04-28,NA,NA,0,0,2
No Detections,TO10,No Detections,No Detections,No Detections,2026-04-29,NA,NA,0,0,2
No Detections,TO10,No Detections,No Detections,No Detections,2026-04-30,NA,NA,0,0,2
No Detections,TO10,No Detections,No Detections,No Detections,2026-05-01,NA,NA,0,0,2
No Detections,TO10,No Detections,No Detections,No Detections,2026-05-02,NA,NA,0,0,2
No Detections,TO10,No Detections,No Detections,No Detections,2026-05-03,NA,NA,0,0,2
No Detections,TO10,No Detections,No Detections,No Detections,2026-05-04,NA,NA,0,0,2
No Detections,TO10,No Detections,No Detections,No Detections,2026-05-05,NA,NA,0,0,2
No Detections,TO10,No Detections,No Detections,No Detections,2026-05-06,NA,NA,0,0,2
No Detections,TO10,No Detections,No Detections,No Detections,2026-05-07,NA,NA,0,0,2
No Detections,TO10,No Detections,No Detections,No Detections,2026-05-08,NA,NA,0,0,2
No Detections,TO10,No Detections,No Detections,No Detections,2026-05-09,NA,NA,0,0,2
No Detections,TO10,No Detections,No Detections,No Detections,2026-05-10,NA,NA,0,0,2
House Mouse,TO10,Mammalia,Mus,musculus,2026-05-11,2026-05-11T04:03:24Z,2026-05-11T04:03:25Z,0,0,2
Little Brown Skink,TO10,Reptilia,Scincella,lateralis,2026-05-12,2026-05-12T17:43:39Z,2026-05-12T17:43:39Z,0,0,2
House Mouse,TO10,Mammalia,Mus,musculus,2026-05-13,2026-05-13T03:15:10Z,2026-05-13T03:18:10Z,0,0,2
House Mouse,TO10,Mammalia,Mus,musculus,2026-05-14,2026-05-14T00:12:35Z,2026-05-14T00:12:38Z,0,0,2
No Detections,TO10,No Detections,No Detections,No Detections,2026-05-15,NA,NA,0,0,2
Eastern Harvest Mouse,TO10,Mammalia,Reithrodontomys,humulis,2026-05-16,2026-05-16T22:19:12Z,2026-05-16T22:19:13Z,0,0,2
House Mouse,TO10,Mammalia,Mus,musculus,2026-05-16,2026-05-16T23:22:23Z,2026-05-16T23:23:11Z,0,0,2
Southern Toad,TO10,Amphibia,Anaxyrus,terrestris,2026-05-17,2026-05-17T20:48:05Z,2026-05-17T20:48:05Z,0,0,2
Southern Toad,TO10,Amphibia,Anaxyrus,terrestris,2026-05-18,2026-05-18T20:32:35Z,2026-05-18T20:32:35Z,0,0,2
No Detections,TO10,No Detections,No Detections,No Detections,2026-05-19,NA,NA,0,0,2
House Mouse,TO10,Mammalia,Mus,musculus,2026-05-20,2026-05-20T00:53:19Z,2026-05-20T00:54:36Z,0,0,2
No Detections,TO10,No Detections,No Detections,No Detections,2026-05-21,NA,NA,0,0,2
No Detections,TO10,No Detections,No Detections,No Detections,2026-05-22,NA,NA,0,0,2
Southern Toad,TO10,Amphibia,Anaxyrus,terrestris,2026-05-23,2026-05-23T05:10:41Z,2026-05-23T05:10:41Z,0,0,2
No Detections,TO10,No Detections,No Detections,No Detections,2026-05-24,NA,NA,0,0,2
No Detections,TO10,No Detections,No Detections,No Detections,2026-05-25,NA,NA,0,0,2
No Detections,TO10,No Detections,No Detections,No Detections,2026-05-26,NA,NA,0,0,2
No Detections,TO10,No Detections,No Detections,No Detections,2026-05-27,NA,NA,0,0,2
No Detections,TO10,No Detections,No Detections,No Detections,2026-05-28,NA,NA,0,0,2
Southern Toad,TO10,Amphibia,Anaxyrus,terrestris,2026-05-29,2026-05-29T05:15:45Z,2026-05-29T05:18:11Z,0,0,2
Southern Toad,TO10,Amphibia,Anaxyrus,terrestris,2026-05-29,2026-05-29T20:38:32Z,2026-05-29T20:38:33Z,0,0,2
No Detections,TO10,No Detections,No Detections,No Detections,2026-05-30,NA,NA,0,0,2
No Detections,TO10,No Detections,No Detections,No Detections,2026-05-31,NA,NA,0,0,2
No Detections,TO10,No Detections,No Detections,No Detections,2026-06-01,NA,NA,0,0,2
No Detections,TO10,No Detections,No Detections,No Detections,2026-06-02,NA,NA,0,0,2
No Detections,TO10,No Detections,No Detections,No Detections,2026-06-03,NA,NA,0,0,2
No Detections,TO10,No Detections,No Detections,No Detections,2026-06-04,NA,NA,0,0,2
No Detections,TO10,No Detections,No Detections,No Detections,2026-06-05,NA,NA,0,0,2
No Detections,TO10,No Detections,No Detections,No Detections,2026-06-06,NA,NA,0,0,2
No Detections,TO10,No Detections,No Detections,No Detections,2026-06-07,NA,NA,0,0,2
No Detections,TO10,No Detections,No Detections,No Detections,2026-06-08,NA,NA,0,0,2
No Detections,TO10,No Detections,No Detections,No Detections,2026-06-09,NA,NA,0,0,2
No Detections,TO10,No Detections,No Detections,No Detections,2026-06-10,NA,NA,0,0,2
No Detections,TO10,No Detections,No Detections,No Detections,2026-06-11,NA,NA,0,0,2
Southern Toad,TO10,Amphibia,Anaxyrus,terrestris,2026-06-12,2026-06-12T21:14:39Z,2026-06-12T21:14:39Z,0,0,2
Southern Short-tailed Shrew,TO10,Mammalia,Blarina,carolinensis,2026-06-13,2026-06-13T02:54:14Z,2026-06-13T02:54:21Z,0,0,2
No Detections,TO10,No Detections,No Detections,No Detections,2026-06-14,NA,NA,0,0,2
Southern Toad,TO10,Amphibia,Anaxyrus,terrestris,2026-06-15,2026-06-15T05:17:51Z,2026-06-15T05:17:52Z,0,0,2
No Detections,TO10,No Detections,No Detections,No Detections,2026-06-16,NA,NA,0,0,2
No Detections,TO10,No Detections,No Detections,No Detections,2026-06-17,NA,NA,0,0,2
No Detections,TO10,No Detections,No Detections,No Detections,2026-06-18,NA,NA,0,0,2
No Detections,TO10,No Detections,No Detections,No Detections,2026-06-19,NA,NA,0,0,2
No Detections,TO10,No Detections,No Detections,No Detections,2026-06-20,NA,NA,0,0,2
North American Least Shrew,TO10,Mammalia,Cryptotis,parvus,2026-06-21,2026-06-21T05:23:40Z,2026-06-21T05:23:40Z,0,0,2
No Detections,TO10,No Detections,No Detections,No Detections,2026-06-22,NA,NA,0,0,2
No Detections,TO10,No Detections,No Detections,No Detections,2026-06-23,NA,NA,0,0,2
No Detections,TO10,No Detections,No Detections,No Detections,2026-06-24,NA,NA,0,0,2
No Detections,TO10,No Detections,No Detections,No Detections,2026-06-25,NA,NA,0,0,2
No Detections,TO10,No Detections,No Detections,No Detections,2026-06-26,NA,NA,0,0,2
No Detections,TO10,No Detections,No Detections,No Detections,2026-06-27,NA,NA,0,0,2
No Detections,TO10,No Detections,No Detections,No Detections,2026-06-28,NA,NA,0,0,2
No Detections,TO10,No Detections,No Detections,No Detections,2026-06-29,NA,NA,0,0,2
No Detections,TO10,No Detections,No Detections,No Detections,2026-06-30,NA,NA,0,0,2
No Detections,TO10,No Detections,No Detections,No Detections,2026-07-01,NA,NA,0,0,2
No Detections,TO10,No Detections,No Detections,No Detections,2026-07-02,NA,NA,0,0,2
No Detections,TO10,No Detections,No Detections,No Detections,2026-07-03,NA,NA,0,0,2
No Detections,TO10,No Detections,No Detections,No Detections,2026-07-04,NA,NA,0,0,2
No Detections,TO10,No Detections,No Detections,No Detections,2026-07-05,NA,NA,0,0,2
No Detections,TO10,No Detections,No Detections,No Detections,2026-07-06,NA,NA,0,0,2
No Detections,TO10,No Detections,No Detections,No Detections,2026-07-07,NA,NA,0,0,2
No Detections,TO10,No Detections,No Detections,No Detections,2026-07-08,NA,NA,0,0,2
No Detections,TO10,No Detections,No Detections,No Detections,2026-07-09,NA,NA,0,0,2
No Detections,TO10,No Detections,No Detections,No Detections,2026-07-10,NA,NA,0,0,2
No Detections,TO10,No Detections,No Detections,No Detections,2026-07-11,NA,NA,0,0,2
No Detections,TO10,No Detections,No Detections,No Detections,2026-07-12,NA,NA,0,0,2
No Detections,TO10,No Detections,No Detections,No Detections,2026-07-13,NA,NA,0,0,2
No Detections,TO10,No Detections,No Detections,No Detections,2026-07-14,NA,NA,0,0,2
No Detections,TO10,No Detections,No Detections,No Detections,2026-07-15,NA,NA,0,0,2
No Detections,TO10,No Detections,No Detections,No Detections,2026-07-16,NA,NA,0,0,2
No Detections,TO10,No Detections,No Detections,No Detections,2026-07-17,NA,NA,0,0,2
No Detections,TO10,No Detections,No Detections,No Detections,2026-07-18,NA,NA,0,0,2
No Detections,TO10,No Detections,No Detections,No Detections,2026-07-19,NA,NA,0,0,2
No Detections,TO10,No Detections,No Detections,No Detections,2026-07-20,NA,NA,0,0,2
No Detections,TO10,No Detections,No Detections,No Detections,2026-07-21,NA,NA,0,0,2
No Detections,TO10,No Detections,No Detections,No Detections,2026-07-22,NA,NA,0,0,2
No Detections,TO10,No Detections,No Detections,No Detections,2026-07-23,NA,NA,0,0,2
No Detections,TO10,No Detections,No Detections,No Detections,2026-07-24,NA,NA,0,0,2
No Detections,TO10,No Detections,No Detections,No Detections,2026-07-25,NA,NA,0,0,2
Hispid Cotton Rat,TO10,Mammalia,Sigmodon,hispidus,2026-07-26,2026-07-26T18:47:17Z,2026-07-26T18:47:53Z,0,0,2
No Detections,TO10,No Detections,No Detections,No Detections,2026-07-27,NA,NA,0,0,2
No Detections,TO11,No Detections,No Detections,No Detections,2026-04-01,NA,NA,0,0,1
No Detections,TO11,No Detections,No Detections,No Detections,2026-04-02,NA,NA,0,0,1
No Detections,TO11,No Detections,No Detections,No Detections,2026-04-03,NA,NA,0,0,1
No Detections,TO11,No Detections,No Detections,No Detections,2026-04-04,NA,NA,0,0,1
No Detections,TO11,No Detections,No Detections,No Detections,2026-04-05,NA,NA,0,0,1
No Detections,TO11,No Detections,No Detections,No Detections,2026-04-06,NA,NA,0,0,1
No Detections,TO11,No Detections,No Detections,No Detections,2026-04-07,NA,NA,0,0,1
No Detections,TO11,No Detections,No Detections,No Detections,2026-04-08,NA,NA,0,0,1
No Detections,TO11,No Detections,No Detections,No Detections,2026-04-09,NA,NA,0,0,1
No Detections,TO11,No Detections,No Detections,No Detections,2026-04-10,NA,NA,0,0,1
No Detections,TO11,No Detections,No Detections,No Detections,2026-04-11,NA,NA,0,0,1
No Detections,TO11,No Detections,No Detections,No Detections,2026-04-12,NA,NA,0,0,1
No Detections,TO11,No Detections,No Detections,No Detections,2026-04-13,NA,NA,0,0,1
No Detections,TO11,No Detections,No Detections,No Detections,2026-04-14,NA,NA,0,0,1
No Detections,TO11,No Detections,No Detections,No Detections,2026-04-15,NA,NA,0,0,1
No Detections,TO11,No Detections,No Detections,No Detections,2026-04-16,NA,NA,0,0,1
No Detections,TO11,No Detections,No Detections,No Detections,2026-04-17,NA,NA,0,0,1
No Detections,TO11,No Detections,No Detections,No Detections,2026-04-18,NA,NA,0,0,1
No Detections,TO11,No Detections,No Detections,No Detections,2026-04-19,NA,NA,0,0,1
No Detections,TO11,No Detections,No Detections,No Detections,2026-04-20,NA,NA,0,0,1
No Detections,TO11,No Detections,No Detections,No Detections,2026-04-21,NA,NA,0,0,1
No Detections,TO11,No Detections,No Detections,No Detections,2026-04-22,NA,NA,0,0,1
No Detections,TO11,No Detections,No Detections,No Detections,2026-04-23,NA,NA,0,0,1
No Detections,TO11,No Detections,No Detections,No Detections,2026-04-24,NA,NA,0,0,1
No Detections,TO11,No Detections,No Detections,No Detections,2026-04-25,NA,NA,0,0,1
No Detections,TO11,No Detections,No Detections,No Detections,2026-04-26,NA,NA,0,0,1
No Detections,TO11,No Detections,No Detections,No Detections,2026-04-27,NA,NA,0,0,1
No Detections,TO11,No Detections,No Detections,No Detections,2026-04-28,NA,NA,0,0,1
No Detections,TO11,No Detections,No Detections,No Detections,2026-04-29,NA,NA,0,0,1
No Detections,TO11,No Detections,No Detections,No Detections,2026-04-30,NA,NA,0,0,1
No Detections,TO11,No Detections,No Detections,No Detections,2026-05-01,NA,NA,0,0,1
No Detections,TO11,No Detections,No Detections,No Detections,2026-05-02,NA,NA,0,0,1
No Detections,TO11,No Detections,No Detections,No Detections,2026-05-03,NA,NA,0,0,1
No Detections,TO11,No Detections,No Detections,No Detections,2026-05-04,NA,NA,0,0,1
No Detections,TO11,No Detections,No Detections,No Detections,2026-05-05,NA,NA,0,0,1
Eastern Racer,TO11,Reptilia,Coluber,constrictor,2026-05-06,2026-05-06T12:14:21Z,2026-05-06T12:14:21Z,0,0,1
No Detections,TO11,No Detections,No Detections,No Detections,2026-05-07,NA,NA,0,0,2
Eastern Racer,TO11,Reptilia,Coluber,constrictor,2026-05-08,2026-05-08T18:19:40Z,2026-05-08T18:19:48Z,0,0,2
Southeastern Shrew,TO11,Mammalia,Sorex,longirostris,2026-05-09,2026-05-09T03:08:52Z,2026-05-09T03:09:02Z,0,0,2
House Mouse,TO11,Mammalia,Mus,musculus,2026-05-09,2026-05-09T23:06:05Z,2026-05-09T23:06:09Z,0,0,2
No Detections,TO11,No Detections,No Detections,No Detections,2026-05-10,NA,NA,0,0,2
No Detections,TO11,No Detections,No Detections,No Detections,2026-05-11,NA,NA,0,0,2
No Detections,TO11,No Detections,No Detections,No Detections,2026-05-12,NA,NA,0,0,2
Southeastern Shrew,TO11,Mammalia,Sorex,longirostris,2026-05-13,2026-05-13T21:34:27Z,2026-05-13T21:34:39Z,0,0,2
No Detections,TO11,No Detections,No Detections,No Detections,2026-05-14,NA,NA,0,0,2
No Detections,TO11,No Detections,No Detections,No Detections,2026-05-15,NA,NA,0,0,2
No Detections,TO11,No Detections,No Detections,No Detections,2026-05-16,NA,NA,0,0,2
No Detections,TO11,No Detections,No Detections,No Detections,2026-05-17,NA,NA,0,0,2
Southeastern Shrew,TO11,Mammalia,Sorex,longirostris,2026-05-18,2026-05-18T00:39:21Z,2026-05-18T00:39:24Z,0,0,2
No Detections,TO11,No Detections,No Detections,No Detections,2026-05-19,NA,NA,0,0,2
Southern Short-tailed Shrew,TO11,Mammalia,Blarina,carolinensis,2026-05-20,2026-05-20T02:35:59Z,2026-05-20T02:36:11Z,0,0,2
No Detections,TO11,No Detections,No Detections,No Detections,2026-05-21,NA,NA,0,0,2
No Detections,TO11,No Detections,No Detections,No Detections,2026-05-22,NA,NA,0,0,2
No Detections,TO11,No Detections,No Detections,No Detections,2026-05-23,NA,NA,0,0,2
Southeastern Shrew,TO11,Mammalia,Sorex,longirostris,2026-05-24,2026-05-24T00:32:58Z,2026-05-24T00:32:58Z,0,0,2
No Detections,TO11,No Detections,No Detections,No Detections,2026-05-25,NA,NA,0,0,2
No Detections,TO11,No Detections,No Detections,No Detections,2026-05-26,NA,NA,0,0,2
No Detections,TO11,No Detections,No Detections,No Detections,2026-05-27,NA,NA,0,0,2
Eastern Racer,TO11,Reptilia,Coluber,constrictor,2026-05-28,2026-05-28T15:39:28Z,2026-05-28T15:39:31Z,0,0,2
No Detections,TO11,No Detections,No Detections,No Detections,2026-05-29,NA,NA,0,0,2
No Detections,TO11,No Detections,No Detections,No Detections,2026-05-30,NA,NA,0,0,2
Southeastern Shrew,TO11,Mammalia,Sorex,longirostris,2026-05-31,2026-05-31T05:14:23Z,2026-05-31T05:14:32Z,0,0,2
North American Least Shrew,TO11,Mammalia,Cryptotis,parvus,2026-06-01,2026-06-01T02:38:57Z,2026-06-01T02:40:15Z,0,0,2
Southeastern Shrew,TO11,Mammalia,Sorex,longirostris,2026-06-02,2026-06-02T00:24:31Z,2026-06-02T00:24:34Z,0,0,2
North American Least Shrew,TO11,Mammalia,Cryptotis,parvus,2026-06-03,2026-06-03T06:38:04Z,2026-06-03T06:38:06Z,0,0,2
North American Least Shrew,TO11,Mammalia,Cryptotis,parvus,2026-06-04,2026-06-04T01:01:29Z,2026-06-04T01:01:29Z,0,0,2
Eastern Racer,TO11,Reptilia,Coluber,constrictor,2026-06-05,2026-06-05T11:43:34Z,2026-06-05T11:43:49Z,0,0,2
House Mouse,TO11,Mammalia,Mus,musculus,2026-06-06,2026-06-06T03:08:12Z,2026-06-06T03:08:14Z,0,0,2
No Detections,TO11,No Detections,No Detections,No Detections,2026-06-07,NA,NA,0,0,2
No Detections,TO11,No Detections,No Detections,No Detections,2026-06-08,NA,NA,0,0,2
Southern Toad,TO11,Amphibia,Anaxyrus,terrestris,2026-06-09,2026-06-09T13:36:38Z,2026-06-09T13:36:44Z,0,0,2
Microtus Species,TO11,Mammalia,Microtus,NA,2026-06-10,2026-06-10T01:31:13Z,2026-06-10T01:31:29Z,0,0,2
Southern Toad,TO11,Amphibia,Anaxyrus,terrestris,2026-06-11,2026-06-11T09:10:10Z,2026-06-11T09:10:13Z,0,0,2
No Detections,TO11,No Detections,No Detections,No Detections,2026-06-12,NA,NA,0,0,2
No Detections,TO11,No Detections,No Detections,No Detections,2026-06-13,NA,NA,0,0,2
No Detections,TO11,No Detections,No Detections,No Detections,2026-06-14,NA,NA,0,0,2
Eastern Cottontail,TO11,Mammalia,Sylvilagus,floridanus,2026-06-15,2026-06-15T22:06:30Z,2026-06-15T22:11:02Z,0,0,2
No Detections,TO11,No Detections,No Detections,No Detections,2026-06-16,NA,NA,0,0,2
Tree Frog Species,TO11,Amphibia,Dryophytes,squirellus,2026-06-17,2026-06-17T13:12:36Z,2026-06-17T13:12:39Z,0,0,2
Eastern Cottontail,TO11,Mammalia,Sylvilagus,floridanus,2026-06-18,2026-06-18T22:54:15Z,2026-06-18T22:54:45Z,0,0,2
Southeastern Shrew,TO11,Mammalia,Sorex,longirostris,2026-06-19,2026-06-19T22:04:36Z,2026-06-19T22:04:39Z,0,0,1
No Detections,TO11,No Detections,No Detections,No Detections,2026-06-20,NA,NA,0,0,1
No Detections,TO11,No Detections,No Detections,No Detections,2026-06-21,NA,NA,0,0,1
No Detections,TO11,No Detections,No Detections,No Detections,2026-06-22,NA,NA,0,0,1
No Detections,TO11,No Detections,No Detections,No Detections,2026-06-23,NA,NA,0,0,1
No Detections,TO11,No Detections,No Detections,No Detections,2026-06-24,NA,NA,0,0,1
No Detections,TO11,No Detections,No Detections,No Detections,2026-06-25,NA,NA,0,0,1
No Detections,TO11,No Detections,No Detections,No Detections,2026-06-26,NA,NA,0,0,1
No Detections,TO11,No Detections,No Detections,No Detections,2026-06-27,NA,NA,0,0,1
Hispid Cotton Rat,TO11,Mammalia,Sigmodon,hispidus,2026-06-28,2026-06-28T03:20:03Z,2026-06-28T03:20:12Z,0,0,1
No Detections,TO11,No Detections,No Detections,No Detections,2026-06-29,NA,NA,0,0,1
No Detections,TO11,No Detections,No Detections,No Detections,2026-06-30,NA,NA,0,0,1
No Detections,TO11,No Detections,No Detections,No Detections,2026-07-01,NA,NA,0,0,1
No Detections,TO11,No Detections,No Detections,No Detections,2026-07-02,NA,NA,0,0,1
No Detections,TO11,No Detections,No Detections,No Detections,2026-07-03,NA,NA,0,0,1
No Detections,TO11,No Detections,No Detections,No Detections,2026-07-04,NA,NA,0,0,1
No Detections,TO11,No Detections,No Detections,No Detections,2026-07-05,NA,NA,0,0,1
No Detections,TO11,No Detections,No Detections,No Detections,2026-07-06,NA,NA,0,0,1
No Detections,TO11,No Detections,No Detections,No Detections,2026-07-07,NA,NA,0,0,1
No Detections,TO11,No Detections,No Detections,No Detections,2026-07-08,NA,NA,0,0,1
No Detections,TO11,No Detections,No Detections,No Detections,2026-07-09,NA,NA,0,0,1
No Detections,TO11,No Detections,No Detections,No Detections,2026-07-10,NA,NA,0,0,1
No Detections,TO11,No Detections,No Detections,No Detections,2026-07-11,NA,NA,0,0,1
No Detections,TO11,No Detections,No Detections,No Detections,2026-07-12,NA,NA,0,0,1
Southeastern Shrew,TO11,Mammalia,Sorex,longirostris,2026-07-13,2026-07-13T23:08:08Z,2026-07-13T23:08:10Z,0,0,1
No Detections,TO11,No Detections,No Detections,No Detections,2026-07-14,NA,NA,0,0,1
Marsh Rabbit,TO11,Mammalia,Sylvilagus,palustris,2026-07-15,2026-07-15T17:37:11Z,2026-07-15T17:37:14Z,0,0,1
No Detections,TO11,No Detections,No Detections,No Detections,2026-07-16,NA,NA,0,0,1
No Detections,TO11,No Detections,No Detections,No Detections,2026-07-17,NA,NA,0,0,1
No Detections,TO11,No Detections,No Detections,No Detections,2026-07-18,NA,NA,0,0,1
No Detections,TO11,No Detections,No Detections,No Detections,2026-07-19,NA,NA,0,0,1
No Detections,TO11,No Detections,No Detections,No Detections,2026-07-20,NA,NA,0,0,1
Hispid Cotton Rat,TO11,Mammalia,Sigmodon,hispidus,2026-07-21,2026-07-21T20:09:32Z,2026-07-21T20:09:52Z,0,0,1
No Detections,TO11,No Detections,No Detections,No Detections,2026-07-22,NA,NA,0,0,1
No Detections,TO11,No Detections,No Detections,No Detections,2026-07-23,NA,NA,0,0,1
No Detections,TO11,No Detections,No Detections,No Detections,2026-07-24,NA,NA,0,0,1
No Detections,TO11,No Detections,No Detections,No Detections,2026-07-25,NA,NA,0,0,1
No Detections,TO11,No Detections,No Detections,No Detections,2026-07-26,NA,NA,0,0,1
No Detections,TO11,No Detections,No Detections,No Detections,2026-07-27,NA,NA,0,0,1
No Detections,TO12,No Detections,No Detections,No Detections,2026-04-02,NA,NA,0,0,1
House Mouse,TO12,Mammalia,Mus,musculus,2026-04-03,2026-04-03T22:36:46Z,2026-04-03T22:51:01Z,0,0,1
No Detections,TO12,No Detections,No Detections,No Detections,2026-04-04,NA,NA,0,0,1
Hispid Cotton Rat,TO12,Mammalia,Sigmodon,hispidus,2026-04-05,2026-04-05T05:45:05Z,2026-04-05T05:45:05Z,0,0,1
House Mouse,TO12,Mammalia,Mus,musculus,2026-04-06,2026-04-06T22:25:48Z,2026-04-06T22:25:52Z,0,0,1
No Detections,TO12,No Detections,No Detections,No Detections,2026-04-07,NA,NA,0,0,1
No Detections,TO12,No Detections,No Detections,No Detections,2026-04-08,NA,NA,0,0,1
No Detections,TO12,No Detections,No Detections,No Detections,2026-04-09,NA,NA,0,0,1
House Mouse,TO12,Mammalia,Mus,musculus,2026-04-10,2026-04-10T04:55:07Z,2026-04-10T04:56:10Z,0,0,1
No Detections,TO12,No Detections,No Detections,No Detections,2026-04-11,NA,NA,0,0,1
No Detections,TO12,No Detections,No Detections,No Detections,2026-04-12,NA,NA,0,0,1
No Detections,TO12,No Detections,No Detections,No Detections,2026-04-13,NA,NA,0,0,1
House Mouse,TO12,Mammalia,Mus,musculus,2026-04-14,2026-04-14T03:20:31Z,2026-04-14T03:20:43Z,0,0,1
No Detections,TO12,No Detections,No Detections,No Detections,2026-04-15,NA,NA,0,0,1
No Detections,TO12,No Detections,No Detections,No Detections,2026-04-16,NA,NA,0,0,1
No Detections,TO12,No Detections,No Detections,No Detections,2026-04-17,NA,NA,0,0,1
House Mouse,TO12,Mammalia,Mus,musculus,2026-04-18,2026-04-18T03:23:31Z,2026-04-18T03:24:08Z,0,0,1
House Mouse,TO12,Mammalia,Mus,musculus,2026-04-19,2026-04-19T00:05:23Z,2026-04-19T00:05:23Z,0,0,1
Eastern Racer,TO12,Reptilia,Coluber,constrictor,2026-04-20,2026-04-20T11:30:17Z,2026-04-20T11:30:20Z,0,0,1
House Mouse,TO12,Mammalia,Mus,musculus,2026-04-21,2026-04-21T00:17:22Z,2026-04-21T00:25:24Z,0,0,1
No Detections,TO12,No Detections,No Detections,No Detections,2026-04-22,NA,NA,0,0,1
Eastern Harvest Mouse,TO12,Mammalia,Reithrodontomys,humulis,2026-04-23,2026-04-23T20:16:42Z,2026-04-23T20:16:45Z,0,0,1
No Detections,TO12,No Detections,No Detections,No Detections,2026-04-24,NA,NA,0,0,1
House Mouse,TO12,Mammalia,Mus,musculus,2026-04-25,2026-04-25T22:01:15Z,2026-04-25T22:01:21Z,0,0,1
No Detections,TO12,No Detections,No Detections,No Detections,2026-04-26,NA,NA,0,0,1
House Mouse,TO12,Mammalia,Mus,musculus,2026-04-27,2026-04-27T02:01:33Z,2026-04-27T02:01:35Z,0,0,1
Southeastern Shrew,TO12,Mammalia,Sorex,longirostris,2026-04-27,2026-04-27T12:43:32Z,2026-04-27T12:46:23Z,0,0,1
Southeastern Shrew,TO12,Mammalia,Sorex,longirostris,2026-04-27,2026-04-27T14:07:30Z,2026-04-27T14:13:14Z,0,0,1
No Detections,TO12,No Detections,No Detections,No Detections,2026-04-28,NA,NA,0,0,1
No Detections,TO12,No Detections,No Detections,No Detections,2026-04-29,NA,NA,0,0,1
No Detections,TO12,No Detections,No Detections,No Detections,2026-04-30,NA,NA,0,0,1
No Detections,TO12,No Detections,No Detections,No Detections,2026-05-01,NA,NA,0,0,1
No Detections,TO12,No Detections,No Detections,No Detections,2026-05-02,NA,NA,0,0,1
No Detections,TO12,No Detections,No Detections,No Detections,2026-05-03,NA,NA,0,0,1
No Detections,TO12,No Detections,No Detections,No Detections,2026-05-04,NA,NA,0,0,1
No Detections,TO12,No Detections,No Detections,No Detections,2026-05-05,NA,NA,0,0,1
House Mouse,TO12,Mammalia,Mus,musculus,2026-05-06,2026-05-06T02:03:11Z,2026-05-06T02:04:01Z,0,0,1
No Detections,TO12,No Detections,No Detections,No Detections,2026-05-07,NA,NA,0,0,2
No Detections,TO12,No Detections,No Detections,No Detections,2026-05-08,NA,NA,0,0,1
Eastern Rat Snake,TO12,Reptilia,Pantherophis,alleghaniensis,2026-05-09,2026-05-09T11:59:15Z,2026-05-09T11:59:19Z,0,0,1
No Detections,TO12,No Detections,No Detections,No Detections,2026-05-10,NA,NA,0,0,1
No Detections,TO12,No Detections,No Detections,No Detections,2026-05-11,NA,NA,0,0,1
No Detections,TO12,No Detections,No Detections,No Detections,2026-05-12,NA,NA,0,0,1
No Detections,TO12,No Detections,No Detections,No Detections,2026-05-13,NA,NA,0,0,1
No Detections,TO12,No Detections,No Detections,No Detections,2026-05-14,NA,NA,0,0,1
No Detections,TO12,No Detections,No Detections,No Detections,2026-05-15,NA,NA,0,0,1
No Detections,TO12,No Detections,No Detections,No Detections,2026-05-16,NA,NA,0,0,1
No Detections,TO12,No Detections,No Detections,No Detections,2026-05-17,NA,NA,0,0,1
No Detections,TO12,No Detections,No Detections,No Detections,2026-05-18,NA,NA,0,0,1
No Detections,TO12,No Detections,No Detections,No Detections,2026-05-19,NA,NA,0,0,1
No Detections,TO12,No Detections,No Detections,No Detections,2026-05-20,NA,NA,0,0,1
No Detections,TO12,No Detections,No Detections,No Detections,2026-05-21,NA,NA,0,0,1
No Detections,TO12,No Detections,No Detections,No Detections,2026-05-22,NA,NA,0,0,1
No Detections,TO12,No Detections,No Detections,No Detections,2026-05-23,NA,NA,0,0,1
Eastern Racer,TO12,Reptilia,Coluber,constrictor,2026-05-24,2026-05-24T14:01:39Z,2026-05-24T14:01:40Z,0,0,1
House Mouse,TO12,Mammalia,Mus,musculus,2026-05-25,2026-05-25T01:39:10Z,2026-05-25T01:47:58Z,0,0,1
Peromyscus or Ochrotomys Species,TO12,Mammalia,Peromyscus,NA,2026-05-25,2026-05-25T01:50:32Z,2026-05-25T01:50:32Z,0,0,1
No Detections,TO12,No Detections,No Detections,No Detections,2026-05-26,NA,NA,0,0,1
No Detections,TO12,No Detections,No Detections,No Detections,2026-05-27,NA,NA,0,0,1
No Detections,TO12,No Detections,No Detections,No Detections,2026-05-28,NA,NA,0,0,1
No Detections,TO12,No Detections,No Detections,No Detections,2026-05-29,NA,NA,0,0,1
No Detections,TO12,No Detections,No Detections,No Detections,2026-05-30,NA,NA,0,0,1
No Detections,TO12,No Detections,No Detections,No Detections,2026-05-31,NA,NA,0,0,1
No Detections,TO12,No Detections,No Detections,No Detections,2026-06-01,NA,NA,0,0,1
No Detections,TO12,No Detections,No Detections,No Detections,2026-06-02,NA,NA,0,0,2
No Detections,TO12,No Detections,No Detections,No Detections,2026-06-03,NA,NA,0,0,2
House Mouse,TO12,Mammalia,Mus,musculus,2026-06-04,2026-06-04T21:44:34Z,2026-06-04T21:44:34Z,0,0,2
House Mouse,TO12,Mammalia,Mus,musculus,2026-06-05,2026-06-05T00:04:01Z,2026-06-05T00:04:01Z,0,0,2
No Detections,TO12,No Detections,No Detections,No Detections,2026-06-06,NA,NA,0,0,2
House Mouse,TO12,Mammalia,Mus,musculus,2026-06-07,2026-06-07T21:19:01Z,2026-06-07T21:19:02Z,0,0,2
Southeastern Shrew,TO12,Mammalia,Sorex,longirostris,2026-06-08,2026-06-08T21:53:41Z,2026-06-08T21:53:41Z,0,0,2
Southern Toad,TO12,Amphibia,Anaxyrus,terrestris,2026-06-09,2026-06-09T20:50:13Z,2026-06-09T20:50:13Z,0,0,2
No Detections,TO12,No Detections,No Detections,No Detections,2026-06-10,NA,NA,0,0,2
No Detections,TO12,No Detections,No Detections,No Detections,2026-06-11,NA,NA,0,0,2
No Detections,TO12,No Detections,No Detections,No Detections,2026-06-12,NA,NA,0,0,2
No Detections,TO12,No Detections,No Detections,No Detections,2026-06-13,NA,NA,0,0,2
No Detections,TO12,No Detections,No Detections,No Detections,2026-06-14,NA,NA,0,0,2
No Detections,TO12,No Detections,No Detections,No Detections,2026-06-15,NA,NA,0,0,2
Hispid Cotton Rat,TO12,Mammalia,Sigmodon,hispidus,2026-06-16,2026-06-16T22:15:02Z,2026-06-16T22:15:02Z,0,0,2
No Detections,TO12,No Detections,No Detections,No Detections,2026-06-17,NA,NA,0,0,2
Peromyscus or Ochrotomys Species,TO12,Mammalia,Peromyscus,NA,2026-06-18,2026-06-18T01:34:29Z,2026-06-18T01:34:30Z,0,0,2
No Detections,TO12,No Detections,No Detections,No Detections,2026-06-19,NA,NA,0,0,2
No Detections,TO12,No Detections,No Detections,No Detections,2026-06-20,NA,NA,0,0,2
No Detections,TO12,No Detections,No Detections,No Detections,2026-06-21,NA,NA,0,0,2
No Detections,TO12,No Detections,No Detections,No Detections,2026-06-22,NA,NA,0,0,2
No Detections,TO12,No Detections,No Detections,No Detections,2026-06-23,NA,NA,0,0,2
No Detections,TO12,No Detections,No Detections,No Detections,2026-06-24,NA,NA,0,0,2
No Detections,TO12,No Detections,No Detections,No Detections,2026-06-25,NA,NA,0,0,2
No Detections,TO12,No Detections,No Detections,No Detections,2026-06-26,NA,NA,0,0,2
Eastern Harvest Mouse,TO12,Mammalia,Reithrodontomys,humulis,2026-06-27,2026-06-27T23:10:45Z,2026-06-27T23:10:45Z,0,0,2
No Detections,TO12,No Detections,No Detections,No Detections,2026-06-28,NA,NA,0,0,2
No Detections,TO12,No Detections,No Detections,No Detections,2026-06-29,NA,NA,0,0,2
No Detections,TO12,No Detections,No Detections,No Detections,2026-06-30,NA,NA,0,0,2
No Detections,TO12,No Detections,No Detections,No Detections,2026-07-01,NA,NA,0,0,2
No Detections,TO12,No Detections,No Detections,No Detections,2026-07-02,NA,NA,0,0,2
No Detections,TO12,No Detections,No Detections,No Detections,2026-07-03,NA,NA,0,0,2
No Detections,TO12,No Detections,No Detections,No Detections,2026-07-04,NA,NA,0,0,2
No Detections,TO12,No Detections,No Detections,No Detections,2026-07-05,NA,NA,0,0,2
No Detections,TO12,No Detections,No Detections,No Detections,2026-07-06,NA,NA,0,0,2
No Detections,TO12,No Detections,No Detections,No Detections,2026-07-07,NA,NA,0,0,2
No Detections,TO12,No Detections,No Detections,No Detections,2026-07-08,NA,NA,0,0,2
No Detections,TO12,No Detections,No Detections,No Detections,2026-07-09,NA,NA,0,0,2
No Detections,TO12,No Detections,No Detections,No Detections,2026-07-10,NA,NA,0,0,2
No Detections,TO12,No Detections,No Detections,No Detections,2026-07-11,NA,NA,0,0,2
Eastern Narrowmouth Toad,TO12,Amphibia,Gastrophryne,carolinensis,2026-07-12,2026-07-12T04:05:53Z,2026-07-12T04:05:53Z,0,0,2
Hispid Cotton Rat,TO12,Mammalia,Sigmodon,hispidus,2026-07-12,2026-07-12T10:48:17Z,2026-07-12T10:48:39Z,0,0,2
No Detections,TO12,No Detections,No Detections,No Detections,2026-07-13,NA,NA,0,0,2
No Detections,TO12,No Detections,No Detections,No Detections,2026-07-14,NA,NA,0,0,2
No Detections,TO12,No Detections,No Detections,No Detections,2026-07-15,NA,NA,0,0,2
Microtus Species,TO12,Mammalia,Microtus,NA,2026-07-16,2026-07-16T03:08:34Z,2026-07-16T03:08:40Z,0,0,2
No Detections,TO12,No Detections,No Detections,No Detections,2026-07-17,NA,NA,0,0,2
No Detections,TO12,No Detections,No Detections,No Detections,2026-07-18,NA,NA,0,0,2
No Detections,TO12,No Detections,No Detections,No Detections,2026-07-19,NA,NA,0,0,2
No Detections,TO12,No Detections,No Detections,No Detections,2026-07-20,NA,NA,0,0,2
No Detections,TO12,No Detections,No Detections,No Detections,2026-07-21,NA,NA,0,0,2
No Detections,TO12,No Detections,No Detections,No Detections,2026-07-22,NA,NA,0,0,2
No Detections,TO12,No Detections,No Detections,No Detections,2026-07-23,NA,NA,0,0,2
No Detections,TO12,No Detections,No Detections,No Detections,2026-07-24,NA,NA,0,0,2
No Detections,TO12,No Detections,No Detections,No Detections,2026-07-25,NA,NA,0,0,2
No Detections,TO12,No Detections,No Detections,No Detections,2026-07-26,NA,NA,0,0,2
No Detections,TO12,No Detections,No Detections,No Detections,2026-07-27,NA,NA,0,0,2
No Detections,TO13,No Detections,No Detections,No Detections,2026-04-01,NA,NA,0,0,1
No Detections,TO13,No Detections,No Detections,No Detections,2026-04-02,NA,NA,0,0,1
No Detections,TO13,No Detections,No Detections,No Detections,2026-04-03,NA,NA,0,0,1
No Detections,TO13,No Detections,No Detections,No Detections,2026-04-04,NA,NA,0,0,1
No Detections,TO13,No Detections,No Detections,No Detections,2026-04-05,NA,NA,0,0,1
No Detections,TO13,No Detections,No Detections,No Detections,2026-04-06,NA,NA,0,0,1
No Detections,TO13,No Detections,No Detections,No Detections,2026-04-07,NA,NA,0,0,1
No Detections,TO13,No Detections,No Detections,No Detections,2026-04-08,NA,NA,0,0,1
No Detections,TO13,No Detections,No Detections,No Detections,2026-04-09,NA,NA,0,0,1
No Detections,TO13,No Detections,No Detections,No Detections,2026-04-10,NA,NA,0,0,1
No Detections,TO13,No Detections,No Detections,No Detections,2026-04-11,NA,NA,0,0,1
No Detections,TO13,No Detections,No Detections,No Detections,2026-04-12,NA,NA,0,0,1
No Detections,TO13,No Detections,No Detections,No Detections,2026-04-13,NA,NA,0,0,1
No Detections,TO13,No Detections,No Detections,No Detections,2026-04-14,NA,NA,0,0,1
No Detections,TO13,No Detections,No Detections,No Detections,2026-04-15,NA,NA,0,0,1
No Detections,TO13,No Detections,No Detections,No Detections,2026-04-16,NA,NA,0,0,1
No Detections,TO13,No Detections,No Detections,No Detections,2026-04-17,NA,NA,0,0,1
No Detections,TO13,No Detections,No Detections,No Detections,2026-04-18,NA,NA,0,0,1
No Detections,TO13,No Detections,No Detections,No Detections,2026-04-19,NA,NA,0,0,1
No Detections,TO13,No Detections,No Detections,No Detections,2026-04-20,NA,NA,0,0,1
No Detections,TO13,No Detections,No Detections,No Detections,2026-04-21,NA,NA,0,0,1
No Detections,TO13,No Detections,No Detections,No Detections,2026-04-22,NA,NA,0,0,1
No Detections,TO13,No Detections,No Detections,No Detections,2026-04-23,NA,NA,0,0,1
No Detections,TO13,No Detections,No Detections,No Detections,2026-04-24,NA,NA,0,0,1
No Detections,TO13,No Detections,No Detections,No Detections,2026-04-25,NA,NA,0,0,1
No Detections,TO13,No Detections,No Detections,No Detections,2026-04-26,NA,NA,0,0,1
Eastern Rat Snake,TO13,Reptilia,Pantherophis,alleghaniensis,2026-04-27,2026-04-27T12:22:42Z,2026-04-27T12:22:42Z,0,0,1
Eastern Rat Snake,TO13,Reptilia,Pantherophis,alleghaniensis,2026-04-27,2026-04-27T15:11:50Z,2026-04-27T15:11:50Z,0,0,1
No Detections,TO13,No Detections,No Detections,No Detections,2026-04-28,NA,NA,0,0,1
No Detections,TO13,No Detections,No Detections,No Detections,2026-04-29,NA,NA,0,0,1
No Detections,TO13,No Detections,No Detections,No Detections,2026-04-30,NA,NA,0,0,1
No Detections,TO13,No Detections,No Detections,No Detections,2026-05-01,NA,NA,0,0,1
No Detections,TO13,No Detections,No Detections,No Detections,2026-05-02,NA,NA,0,0,1
No Detections,TO13,No Detections,No Detections,No Detections,2026-05-03,NA,NA,0,0,1
No Detections,TO13,No Detections,No Detections,No Detections,2026-05-04,NA,NA,0,0,1
No Detections,TO13,No Detections,No Detections,No Detections,2026-05-05,NA,NA,0,0,1
No Detections,TO13,No Detections,No Detections,No Detections,2026-05-06,NA,NA,0,0,1
No Detections,TO13,No Detections,No Detections,No Detections,2026-05-07,NA,NA,0,0,1
No Detections,TO13,No Detections,No Detections,No Detections,2026-05-08,NA,NA,0,0,1
No Detections,TO13,No Detections,No Detections,No Detections,2026-05-09,NA,NA,0,0,1
No Detections,TO13,No Detections,No Detections,No Detections,2026-05-10,NA,NA,0,0,1
No Detections,TO13,No Detections,No Detections,No Detections,2026-05-11,NA,NA,0,0,1
No Detections,TO13,No Detections,No Detections,No Detections,2026-05-12,NA,NA,0,0,1
No Detections,TO13,No Detections,No Detections,No Detections,2026-05-13,NA,NA,0,0,1
North American Least Shrew,TO13,Mammalia,Cryptotis,parvus,2026-05-14,2026-05-14T00:49:00Z,2026-05-14T00:49:00Z,0,0,1
Southeastern Shrew,TO13,Mammalia,Sorex,longirostris,2026-05-15,2026-05-15T01:06:33Z,2026-05-15T01:06:33Z,0,0,1
No Detections,TO13,No Detections,No Detections,No Detections,2026-05-16,NA,NA,0,0,1
No Detections,TO13,No Detections,No Detections,No Detections,2026-05-17,NA,NA,0,0,1
No Detections,TO13,No Detections,No Detections,No Detections,2026-05-18,NA,NA,0,0,1
No Detections,TO13,No Detections,No Detections,No Detections,2026-05-19,NA,NA,0,0,2
No Detections,TO13,No Detections,No Detections,No Detections,2026-05-20,NA,NA,0,0,2
No Detections,TO13,No Detections,No Detections,No Detections,2026-05-21,NA,NA,0,0,2
No Detections,TO13,No Detections,No Detections,No Detections,2026-05-22,NA,NA,0,0,2
No Detections,TO13,No Detections,No Detections,No Detections,2026-05-23,NA,NA,0,0,2
No Detections,TO13,No Detections,No Detections,No Detections,2026-05-24,NA,NA,0,0,2
No Detections,TO13,No Detections,No Detections,No Detections,2026-05-25,NA,NA,0,0,2
No Detections,TO13,No Detections,No Detections,No Detections,2026-05-26,NA,NA,0,0,2
No Detections,TO13,No Detections,No Detections,No Detections,2026-05-27,NA,NA,0,0,2
No Detections,TO13,No Detections,No Detections,No Detections,2026-05-28,NA,NA,0,0,2
No Detections,TO13,No Detections,No Detections,No Detections,2026-05-29,NA,NA,0,0,2
No Detections,TO13,No Detections,No Detections,No Detections,2026-05-30,NA,NA,0,0,2
No Detections,TO13,No Detections,No Detections,No Detections,2026-05-31,NA,NA,0,0,2
Eastern Rat Snake,TO13,Reptilia,Pantherophis,alleghaniensis,2026-06-01,2026-06-01T13:22:01Z,2026-06-01T13:22:01Z,0,0,2
No Detections,TO13,No Detections,No Detections,No Detections,2026-06-02,NA,NA,0,0,2
No Detections,TO13,No Detections,No Detections,No Detections,2026-06-03,NA,NA,0,0,2
No Detections,TO13,No Detections,No Detections,No Detections,2026-06-04,NA,NA,0,0,2
No Detections,TO13,No Detections,No Detections,No Detections,2026-06-05,NA,NA,0,0,2
No Detections,TO13,No Detections,No Detections,No Detections,2026-06-06,NA,NA,0,0,2
No Detections,TO13,No Detections,No Detections,No Detections,2026-06-07,NA,NA,0,0,2
No Detections,TO13,No Detections,No Detections,No Detections,2026-06-08,NA,NA,0,0,2
No Detections,TO13,No Detections,No Detections,No Detections,2026-06-09,NA,NA,0,0,2
No Detections,TO13,No Detections,No Detections,No Detections,2026-06-10,NA,NA,0,0,2
No Detections,TO13,No Detections,No Detections,No Detections,2026-06-11,NA,NA,0,0,2
No Detections,TO13,No Detections,No Detections,No Detections,2026-06-12,NA,NA,0,0,2
No Detections,TO13,No Detections,No Detections,No Detections,2026-06-13,NA,NA,0,0,2
House Mouse,TO13,Mammalia,Mus,musculus,2026-06-14,2026-06-14T01:13:52Z,2026-06-14T01:13:54Z,0,0,2
No Detections,TO13,No Detections,No Detections,No Detections,2026-06-15,NA,NA,0,0,2
No Detections,TO13,No Detections,No Detections,No Detections,2026-06-16,NA,NA,0,0,2
No Detections,TO13,No Detections,No Detections,No Detections,2026-06-17,NA,NA,0,0,2
No Detections,TO13,No Detections,No Detections,No Detections,2026-06-18,NA,NA,0,0,2
No Detections,TO13,No Detections,No Detections,No Detections,2026-06-19,NA,NA,0,0,2
Eastern Harvest Mouse,TO13,Mammalia,Reithrodontomys,humulis,2026-06-20,2026-06-20T00:29:52Z,2026-06-20T00:29:55Z,0,0,2
House Mouse,TO13,Mammalia,Mus,musculus,2026-06-20,2026-06-20T00:31:16Z,2026-06-20T00:31:17Z,0,0,2
No Detections,TO13,No Detections,No Detections,No Detections,2026-06-21,NA,NA,0,0,2
No Detections,TO13,No Detections,No Detections,No Detections,2026-06-22,NA,NA,0,0,2
No Detections,TO13,No Detections,No Detections,No Detections,2026-06-23,NA,NA,0,0,2
Eastern Harvest Mouse,TO13,Mammalia,Reithrodontomys,humulis,2026-06-24,2026-06-24T03:48:32Z,2026-06-24T03:48:33Z,0,0,2
No Detections,TO13,No Detections,No Detections,No Detections,2026-06-25,NA,NA,0,0,2
No Detections,TO13,No Detections,No Detections,No Detections,2026-06-26,NA,NA,0,0,2
No Detections,TO13,No Detections,No Detections,No Detections,2026-06-27,NA,NA,0,0,2
No Detections,TO13,No Detections,No Detections,No Detections,2026-06-28,NA,NA,0,0,2
No Detections,TO13,No Detections,No Detections,No Detections,2026-06-29,NA,NA,0,0,2
No Detections,TO13,No Detections,No Detections,No Detections,2026-06-30,NA,NA,0,0,2
No Detections,TO13,No Detections,No Detections,No Detections,2026-07-01,NA,NA,0,0,2
Southern Toad,TO13,Amphibia,Anaxyrus,terrestris,2026-07-02,2026-07-02T21:15:16Z,2026-07-02T21:16:52Z,0,0,2
No Detections,TO13,No Detections,No Detections,No Detections,2026-07-03,NA,NA,0,0,2
No Detections,TO13,No Detections,No Detections,No Detections,2026-07-04,NA,NA,0,0,2
No Detections,TO13,No Detections,No Detections,No Detections,2026-07-05,NA,NA,0,0,2
No Detections,TO13,No Detections,No Detections,No Detections,2026-07-06,NA,NA,0,0,2
House Mouse,TO13,Mammalia,Mus,musculus,2026-07-07,2026-07-07T02:15:28Z,2026-07-07T02:15:29Z,0,0,2
Hispid Cotton Rat,TO13,Mammalia,Sigmodon,hispidus,2026-07-08,2026-07-08T03:00:20Z,2026-07-08T03:03:45Z,0,0,2
No Detections,TO13,No Detections,No Detections,No Detections,2026-07-09,NA,NA,0,0,2
No Detections,TO13,No Detections,No Detections,No Detections,2026-07-10,NA,NA,0,0,2
No Detections,TO13,No Detections,No Detections,No Detections,2026-07-11,NA,NA,0,0,2
House Mouse,TO13,Mammalia,Mus,musculus,2026-07-12,2026-07-12T02:06:01Z,2026-07-12T02:06:03Z,0,0,2
House Mouse,TO13,Mammalia,Mus,musculus,2026-07-12,2026-07-12T22:29:53Z,2026-07-12T22:29:58Z,0,0,2
No Detections,TO13,No Detections,No Detections,No Detections,2026-07-13,NA,NA,0,0,2
No Detections,TO13,No Detections,No Detections,No Detections,2026-07-14,NA,NA,0,0,2
No Detections,TO13,No Detections,No Detections,No Detections,2026-07-15,NA,NA,0,0,2
Southeastern Shrew,TO13,Mammalia,Sorex,longirostris,2026-07-16,2026-07-16T05:23:23Z,2026-07-16T05:23:25Z,0,0,2
Hispid Cotton Rat,TO13,Mammalia,Sigmodon,hispidus,2026-07-16,2026-07-16T07:03:41Z,2026-07-16T07:03:41Z,0,0,2
Hispid Cotton Rat,TO13,Mammalia,Sigmodon,hispidus,2026-07-16,2026-07-16T09:07:06Z,2026-07-16T09:07:13Z,0,0,2
No Detections,TO13,No Detections,No Detections,No Detections,2026-07-17,NA,NA,0,0,2
Hispid Cotton Rat,TO13,Mammalia,Sigmodon,hispidus,2026-07-18,2026-07-18T02:28:19Z,2026-07-18T02:54:20Z,0,0,2
Hispid Cotton Rat,TO13,Mammalia,Sigmodon,hispidus,2026-07-18,2026-07-18T06:32:55Z,2026-07-18T06:51:03Z,0,0,2
Hispid Cotton Rat,TO13,Mammalia,Sigmodon,hispidus,2026-07-19,2026-07-19T19:48:06Z,2026-07-19T19:48:06Z,0,0,2
Hispid Cotton Rat,TO13,Mammalia,Sigmodon,hispidus,2026-07-20,2026-07-20T19:30:11Z,2026-07-20T20:17:42Z,0,0,2
House Mouse,TO13,Mammalia,Mus,musculus,2026-07-20,2026-07-20T21:45:10Z,2026-07-20T21:45:11Z,0,0,2
Hispid Cotton Rat,TO13,Mammalia,Sigmodon,hispidus,2026-07-21,2026-07-21T06:02:47Z,2026-07-21T06:19:30Z,0,0,2
House Mouse,TO13,Mammalia,Mus,musculus,2026-07-21,2026-07-21T06:24:11Z,2026-07-21T06:24:12Z,0,0,2
No Detections,TO13,No Detections,No Detections,No Detections,2026-07-22,NA,NA,0,0,2
No Detections,TO13,No Detections,No Detections,No Detections,2026-07-23,NA,NA,0,0,2
Hispid Cotton Rat,TO13,Mammalia,Sigmodon,hispidus,2026-07-24,2026-07-24T20:33:43Z,2026-07-24T20:33:43Z,0,0,2
Hispid Cotton Rat,TO13,Mammalia,Sigmodon,hispidus,2026-07-25,2026-07-25T12:06:45Z,2026-07-25T12:37:43Z,0,0,2
Hispid Cotton Rat,TO13,Mammalia,Sigmodon,hispidus,2026-07-25,2026-07-25T14:55:12Z,2026-07-25T15:31:31Z,0,0,2
Hispid Cotton Rat,TO13,Mammalia,Sigmodon,hispidus,2026-07-25,2026-07-25T18:48:40Z,2026-07-25T18:48:40Z,0,0,2
Hispid Cotton Rat,TO13,Mammalia,Sigmodon,hispidus,2026-07-26,2026-07-26T08:52:35Z,2026-07-26T08:52:36Z,0,0,2
House Mouse,TO13,Mammalia,Mus,musculus,2026-07-27,2026-07-27T01:20:06Z,2026-07-27T01:20:07Z,0,0,2
Hispid Cotton Rat,TO13,Mammalia,Sigmodon,hispidus,2026-07-27,2026-07-27T19:52:15Z,2026-07-27T20:39:12Z,0,0,2
No Detections,TO13,No Detections,No Detections,No Detections,2026-07-28,NA,NA,0,0,2
Southern Toad,TO14,Amphibia,Anaxyrus,terrestris,2026-04-02,2026-04-02T19:57:57Z,2026-04-02T19:58:32Z,0,0,1
No Detections,TO14,No Detections,No Detections,No Detections,2026-04-03,NA,NA,0,0,1
No Detections,TO14,No Detections,No Detections,No Detections,2026-04-04,NA,NA,0,0,1
No Detections,TO14,No Detections,No Detections,No Detections,2026-04-05,NA,NA,0,0,1
No Detections,TO14,No Detections,No Detections,No Detections,2026-04-06,NA,NA,0,0,1
No Detections,TO14,No Detections,No Detections,No Detections,2026-04-07,NA,NA,0,0,1
No Detections,TO14,No Detections,No Detections,No Detections,2026-04-08,NA,NA,0,0,1
No Detections,TO14,No Detections,No Detections,No Detections,2026-04-09,NA,NA,0,0,1
No Detections,TO14,No Detections,No Detections,No Detections,2026-04-10,NA,NA,0,0,1
Peromyscus or Ochrotomys Species,TO14,Mammalia,Peromyscus,NA,2026-04-11,2026-04-11T21:34:40Z,2026-04-11T21:34:40Z,0,0,1
No Detections,TO14,No Detections,No Detections,No Detections,2026-04-12,NA,NA,0,0,1
No Detections,TO14,No Detections,No Detections,No Detections,2026-04-13,NA,NA,0,0,1
No Detections,TO14,No Detections,No Detections,No Detections,2026-04-14,NA,NA,0,0,1
No Detections,TO14,No Detections,No Detections,No Detections,2026-04-15,NA,NA,0,0,1
No Detections,TO14,No Detections,No Detections,No Detections,2026-04-16,NA,NA,0,0,1
No Detections,TO14,No Detections,No Detections,No Detections,2026-04-17,NA,NA,0,0,1
No Detections,TO14,No Detections,No Detections,No Detections,2026-04-18,NA,NA,0,0,1
No Detections,TO14,No Detections,No Detections,No Detections,2026-04-19,NA,NA,0,0,1
No Detections,TO14,No Detections,No Detections,No Detections,2026-04-20,NA,NA,0,0,1
No Detections,TO14,No Detections,No Detections,No Detections,2026-04-21,NA,NA,0,0,1
No Detections,TO14,No Detections,No Detections,No Detections,2026-04-22,NA,NA,0,0,2
No Detections,TO14,No Detections,No Detections,No Detections,2026-04-23,NA,NA,0,0,2
House Mouse,TO14,Mammalia,Mus,musculus,2026-04-24,2026-04-24T21:08:36Z,2026-04-24T21:08:41Z,0,0,2
No Detections,TO14,No Detections,No Detections,No Detections,2026-04-25,NA,NA,0,0,2
No Detections,TO14,No Detections,No Detections,No Detections,2026-04-26,NA,NA,0,0,2
No Detections,TO14,No Detections,No Detections,No Detections,2026-04-27,NA,NA,0,0,2
No Detections,TO14,No Detections,No Detections,No Detections,2026-04-28,NA,NA,0,0,2
No Detections,TO14,No Detections,No Detections,No Detections,2026-04-29,NA,NA,0,0,1
Peromyscus or Ochrotomys Species,TO14,Mammalia,Peromyscus,NA,2026-04-30,2026-04-30T00:26:41Z,2026-04-30T00:26:45Z,0,0,1
No Detections,TO14,No Detections,No Detections,No Detections,2026-05-01,NA,NA,0,0,1
No Detections,TO14,No Detections,No Detections,No Detections,2026-05-02,NA,NA,0,0,1
No Detections,TO14,No Detections,No Detections,No Detections,2026-05-03,NA,NA,0,0,1
No Detections,TO14,No Detections,No Detections,No Detections,2026-05-04,NA,NA,0,0,1
Little Brown Skink,TO14,Reptilia,Scincella,lateralis,2026-05-05,2026-05-05T15:13:20Z,2026-05-05T15:13:20Z,0,0,1
No Detections,TO14,No Detections,No Detections,No Detections,2026-05-06,NA,NA,0,0,1
House Mouse,TO14,Mammalia,Mus,musculus,2026-05-07,2026-05-07T03:33:44Z,2026-05-07T03:33:46Z,0,0,1
No Detections,TO14,No Detections,No Detections,No Detections,2026-05-08,NA,NA,0,0,1
Little Brown Skink,TO14,Reptilia,Scincella,lateralis,2026-05-09,2026-05-09T08:51:24Z,2026-05-09T08:51:24Z,0,0,1
No Detections,TO14,No Detections,No Detections,No Detections,2026-05-10,NA,NA,0,0,1
No Detections,TO14,No Detections,No Detections,No Detections,2026-05-11,NA,NA,0,0,1
No Detections,TO14,No Detections,No Detections,No Detections,2026-05-12,NA,NA,0,0,1
Southeastern Shrew,TO14,Mammalia,Sorex,longirostris,2026-05-13,2026-05-13T01:17:25Z,2026-05-13T01:18:04Z,0,0,1
No Detections,TO14,No Detections,No Detections,No Detections,2026-05-14,NA,NA,0,0,1
No Detections,TO14,No Detections,No Detections,No Detections,2026-05-15,NA,NA,0,0,1
No Detections,TO14,No Detections,No Detections,No Detections,2026-05-16,NA,NA,0,0,1
No Detections,TO14,No Detections,No Detections,No Detections,2026-05-17,NA,NA,0,0,1
No Detections,TO14,No Detections,No Detections,No Detections,2026-05-18,NA,NA,0,0,1
House Mouse,TO14,Mammalia,Mus,musculus,2026-05-19,2026-05-19T03:06:51Z,2026-05-19T03:07:11Z,0,0,1
Peromyscus or Ochrotomys Species,TO14,Mammalia,Peromyscus,NA,2026-05-19,2026-05-19T22:52:48Z,2026-05-19T22:52:50Z,0,0,1
No Detections,TO14,No Detections,No Detections,No Detections,2026-05-20,NA,NA,0,0,1
No Detections,TO14,No Detections,No Detections,No Detections,2026-05-21,NA,NA,0,0,1
No Detections,TO14,No Detections,No Detections,No Detections,2026-05-22,NA,NA,0,0,1
No Detections,TO14,No Detections,No Detections,No Detections,2026-05-23,NA,NA,0,0,1
No Detections,TO14,No Detections,No Detections,No Detections,2026-05-24,NA,NA,0,0,1
No Detections,TO14,No Detections,No Detections,No Detections,2026-05-25,NA,NA,0,0,1
House Mouse,TO14,Mammalia,Mus,musculus,2026-05-26,2026-05-26T21:56:23Z,2026-05-26T21:56:23Z,0,0,1
No Detections,TO14,No Detections,No Detections,No Detections,2026-05-27,NA,NA,0,0,1
No Detections,TO14,No Detections,No Detections,No Detections,2026-05-28,NA,NA,0,0,1
No Detections,TO14,No Detections,No Detections,No Detections,2026-05-29,NA,NA,0,0,1
No Detections,TO14,No Detections,No Detections,No Detections,2026-05-30,NA,NA,0,0,1
No Detections,TO14,No Detections,No Detections,No Detections,2026-05-31,NA,NA,0,0,1
No Detections,TO14,No Detections,No Detections,No Detections,2026-06-01,NA,NA,0,0,1
No Detections,TO14,No Detections,No Detections,No Detections,2026-06-02,NA,NA,0,0,1
No Detections,TO14,No Detections,No Detections,No Detections,2026-06-03,NA,NA,0,0,1
No Detections,TO14,No Detections,No Detections,No Detections,2026-06-04,NA,NA,0,0,1
No Detections,TO14,No Detections,No Detections,No Detections,2026-06-05,NA,NA,0,0,1
No Detections,TO14,No Detections,No Detections,No Detections,2026-06-06,NA,NA,0,0,1
No Detections,TO14,No Detections,No Detections,No Detections,2026-06-07,NA,NA,0,0,1
No Detections,TO14,No Detections,No Detections,No Detections,2026-06-08,NA,NA,0,0,1
No Detections,TO14,No Detections,No Detections,No Detections,2026-06-09,NA,NA,0,0,1
Hispid Cotton Rat,TO14,Mammalia,Sigmodon,hispidus,2026-07-08,2026-07-08T21:15:48Z,2026-07-08T21:15:48Z,0,0,2
Plestiodon Species,TO14,Reptilia,Plestiodon,NA,2026-07-09,2026-07-09T09:16:10Z,2026-07-09T09:16:10Z,0,0,2
Hispid Cotton Rat,TO14,Mammalia,Sigmodon,hispidus,2026-07-10,2026-07-10T21:17:28Z,2026-07-10T21:44:21Z,0,0,2
House Mouse,TO14,Mammalia,Mus,musculus,2026-07-11,2026-07-11T03:06:26Z,2026-07-11T03:07:25Z,0,0,2
Plestiodon Species,TO14,Reptilia,Plestiodon,NA,2026-07-11,2026-07-11T07:50:05Z,2026-07-11T07:50:05Z,0,0,2
Plestiodon Species,TO14,Reptilia,Plestiodon,NA,2026-07-11,2026-07-11T10:02:48Z,2026-07-11T10:02:48Z,0,0,2
House Mouse,TO14,Mammalia,Mus,musculus,2026-07-11,2026-07-11T22:55:35Z,2026-07-11T22:55:35Z,0,0,2
No Detections,TO14,No Detections,No Detections,No Detections,2026-07-12,NA,NA,0,0,2
House Mouse,TO14,Mammalia,Mus,musculus,2026-07-13,2026-07-13T22:08:29Z,2026-07-13T22:08:30Z,0,0,2
No Detections,TO14,No Detections,No Detections,No Detections,2026-07-14,NA,NA,0,0,2
No Detections,TO14,No Detections,No Detections,No Detections,2026-07-15,NA,NA,0,0,2
No Detections,TO14,No Detections,No Detections,No Detections,2026-07-16,NA,NA,0,0,2
House Mouse,TO14,Mammalia,Mus,musculus,2026-07-17,2026-07-17T00:41:34Z,2026-07-17T00:41:34Z,0,0,2
House Mouse,TO14,Mammalia,Mus,musculus,2026-07-17,2026-07-17T21:55:39Z,2026-07-17T21:55:40Z,0,0,2
House Mouse,TO14,Mammalia,Mus,musculus,2026-07-18,2026-07-18T01:13:22Z,2026-07-18T01:19:06Z,0,0,2
House Mouse,TO14,Mammalia,Mus,musculus,2026-07-19,2026-07-19T00:46:08Z,2026-07-19T00:46:08Z,0,0,2
House Mouse,TO14,Mammalia,Mus,musculus,2026-07-19,2026-07-19T23:33:02Z,2026-07-19T23:46:45Z,0,0,2
No Detections,TO14,No Detections,No Detections,No Detections,2026-07-20,NA,NA,0,0,2
House Mouse,TO14,Mammalia,Mus,musculus,2026-07-21,2026-07-21T02:40:13Z,2026-07-21T02:40:36Z,0,0,2
House Mouse,TO14,Mammalia,Mus,musculus,2026-07-21,2026-07-21T21:10:05Z,2026-07-21T21:10:05Z,0,0,2
No Detections,TO14,No Detections,No Detections,No Detections,2026-07-22,NA,NA,0,0,2
Tree Frog Species,TO14,Amphibia,Dryophytes,chrysoscelis,2026-07-23,2026-07-23T22:31:20Z,2026-07-23T22:31:20Z,0,0,2
House Mouse,TO14,Mammalia,Mus,musculus,2026-07-23,2026-07-23T22:50:25Z,2026-07-23T22:50:25Z,0,0,2
House Mouse,TO14,Mammalia,Mus,musculus,2026-07-24,2026-07-24T03:29:16Z,2026-07-24T03:29:17Z,0,0,2
House Mouse,TO14,Mammalia,Mus,musculus,2026-07-24,2026-07-24T23:23:53Z,2026-07-24T23:23:54Z,0,0,2
Eastern Harvest Mouse,TO14,Mammalia,Reithrodontomys,humulis,2026-07-25,2026-07-25T01:51:52Z,2026-07-25T01:51:53Z,0,0,2
House Mouse,TO14,Mammalia,Mus,musculus,2026-07-25,2026-07-25T02:54:03Z,2026-07-25T02:54:21Z,0,0,2
House Mouse,TO14,Mammalia,Mus,musculus,2026-07-25,2026-07-25T04:16:13Z,2026-07-25T04:16:59Z,0,0,2
Hispid Cotton Rat,TO14,Mammalia,Sigmodon,hispidus,2026-07-25,2026-07-25T19:33:22Z,2026-07-25T19:33:44Z,0,0,2
Southern Leopard Frog,TO14,Amphibia,Lithobates,sphenocephalus,2026-07-25,2026-07-25T23:15:09Z,2026-07-25T23:15:09Z,0,0,2
House Mouse,TO14,Mammalia,Mus,musculus,2026-07-25,2026-07-25T23:34:25Z,2026-07-25T23:34:38Z,0,0,2
Peromyscus or Ochrotomys Species,TO14,Mammalia,Peromyscus,NA,2026-07-26,2026-07-26T21:21:26Z,2026-07-26T21:21:42Z,0,0,2
Peromyscus or Ochrotomys Species,TO14,Mammalia,Peromyscus,NA,2026-07-27,2026-07-27T01:00:34Z,2026-07-27T01:00:35Z,0,0,2
No Detections,TO14,No Detections,No Detections,No Detections,2026-07-28,NA,NA,0,0,2
No Detections,TO14,No Detections,No Detections,No Detections,2026-07-29,NA,NA,0,0,2
No Detections,TO14,No Detections,No Detections,No Detections,2026-07-30,NA,NA,0,0,2
No Detections,TO15,No Detections,No Detections,No Detections,2026-04-02,NA,NA,0,0,1
No Detections,TO15,No Detections,No Detections,No Detections,2026-04-03,NA,NA,0,0,1
No Detections,TO15,No Detections,No Detections,No Detections,2026-04-04,NA,NA,0,0,1
No Detections,TO15,No Detections,No Detections,No Detections,2026-04-05,NA,NA,0,0,1
House Mouse,TO15,Mammalia,Mus,musculus,2026-04-06,2026-04-06T20:10:32Z,2026-04-06T20:10:32Z,0,0,1
House Mouse,TO15,Mammalia,Mus,musculus,2026-04-06,2026-04-06T21:18:48Z,2026-04-06T22:05:24Z,0,0,1
House Mouse,TO15,Mammalia,Mus,musculus,2026-04-07,2026-04-07T00:42:57Z,2026-04-07T00:43:34Z,0,0,1
No Detections,TO15,No Detections,No Detections,No Detections,2026-04-08,NA,NA,0,0,1
No Detections,TO15,No Detections,No Detections,No Detections,2026-04-09,NA,NA,0,0,1
No Detections,TO15,No Detections,No Detections,No Detections,2026-04-10,NA,NA,0,0,1
House Mouse,TO15,Mammalia,Mus,musculus,2026-04-11,2026-04-11T00:31:15Z,2026-04-11T00:31:15Z,0,0,1
Eastern Harvest Mouse,TO15,Mammalia,Reithrodontomys,humulis,2026-04-12,2026-04-12T20:41:35Z,2026-04-12T20:41:35Z,0,0,1
House Mouse,TO15,Mammalia,Mus,musculus,2026-04-12,2026-04-12T22:08:29Z,2026-04-12T22:08:29Z,0,0,1
House Mouse,TO15,Mammalia,Mus,musculus,2026-04-13,2026-04-13T03:48:54Z,2026-04-13T03:48:54Z,0,0,1
No Detections,TO15,No Detections,No Detections,No Detections,2026-04-14,NA,NA,0,0,1
No Detections,TO15,No Detections,No Detections,No Detections,2026-04-15,NA,NA,0,0,1
No Detections,TO15,No Detections,No Detections,No Detections,2026-04-16,NA,NA,0,0,1
House Mouse,TO15,Mammalia,Mus,musculus,2026-04-17,2026-04-17T23:55:29Z,2026-04-17T23:55:52Z,0,0,1
No Detections,TO15,No Detections,No Detections,No Detections,2026-04-18,NA,NA,0,0,1
No Detections,TO15,No Detections,No Detections,No Detections,2026-04-19,NA,NA,0,0,1
No Detections,TO15,No Detections,No Detections,No Detections,2026-04-20,NA,NA,0,0,1
No Detections,TO15,No Detections,No Detections,No Detections,2026-04-21,NA,NA,0,0,1
House Mouse,TO15,Mammalia,Mus,musculus,2026-04-22,2026-04-22T19:26:35Z,2026-04-22T19:52:07Z,0,0,1
House Mouse,TO15,Mammalia,Mus,musculus,2026-04-23,2026-04-23T20:08:59Z,2026-04-23T20:09:54Z,0,0,1
House Mouse,TO15,Mammalia,Mus,musculus,2026-04-24,2026-04-24T20:42:36Z,2026-04-24T20:42:36Z,0,0,1
No Detections,TO15,No Detections,No Detections,No Detections,2026-04-25,NA,NA,0,0,1
No Detections,TO15,No Detections,No Detections,No Detections,2026-04-26,NA,NA,0,0,1
No Detections,TO15,No Detections,No Detections,No Detections,2026-04-27,NA,NA,0,0,1
No Detections,TO15,No Detections,No Detections,No Detections,2026-04-28,NA,NA,0,0,1
No Detections,TO15,No Detections,No Detections,No Detections,2026-04-29,NA,NA,0,0,1
No Detections,TO15,No Detections,No Detections,No Detections,2026-04-30,NA,NA,0,0,1
No Detections,TO15,No Detections,No Detections,No Detections,2026-05-01,NA,NA,0,0,1
House Mouse,TO15,Mammalia,Mus,musculus,2026-05-02,2026-05-02T03:48:06Z,2026-05-02T03:48:06Z,0,0,1
House Mouse,TO15,Mammalia,Mus,musculus,2026-05-02,2026-05-02T22:41:49Z,2026-05-02T22:42:33Z,0,0,1
House Mouse,TO15,Mammalia,Mus,musculus,2026-05-03,2026-05-03T01:48:54Z,2026-05-03T01:48:56Z,0,0,1
No Detections,TO15,No Detections,No Detections,No Detections,2026-05-04,NA,NA,0,0,1
No Detections,TO15,No Detections,No Detections,No Detections,2026-05-05,NA,NA,0,0,1
No Detections,TO15,No Detections,No Detections,No Detections,2026-05-06,NA,NA,0,0,1
No Detections,TO15,No Detections,No Detections,No Detections,2026-05-07,NA,NA,0,0,1
No Detections,TO15,No Detections,No Detections,No Detections,2026-05-08,NA,NA,0,0,1
House Mouse,TO15,Mammalia,Mus,musculus,2026-05-09,2026-05-09T01:46:32Z,2026-05-09T01:46:34Z,0,0,1
House Mouse,TO15,Mammalia,Mus,musculus,2026-05-09,2026-05-09T03:04:48Z,2026-05-09T03:04:56Z,0,0,1
Common Kingsnake,TO15,Reptilia,Lampropeltis,getula,2026-05-09,2026-05-09T16:33:15Z,2026-05-09T16:33:15Z,0,0,1
Common Kingsnake,TO15,Reptilia,Lampropeltis,getula,2026-05-10,2026-05-10T18:05:57Z,2026-05-10T18:05:57Z,0,0,1
No Detections,TO15,No Detections,No Detections,No Detections,2026-05-11,NA,NA,0,0,1
No Detections,TO15,No Detections,No Detections,No Detections,2026-05-12,NA,NA,0,0,1
House Mouse,TO15,Mammalia,Mus,musculus,2026-05-13,2026-05-13T23:30:21Z,2026-05-13T23:30:23Z,0,0,1
No Detections,TO15,No Detections,No Detections,No Detections,2026-05-14,NA,NA,0,0,1
Eastern Harvest Mouse,TO15,Mammalia,Reithrodontomys,humulis,2026-05-15,2026-05-15T20:36:44Z,2026-05-15T20:36:44Z,0,0,1
No Detections,TO15,No Detections,No Detections,No Detections,2026-05-16,NA,NA,0,0,1
House Mouse,TO15,Mammalia,Mus,musculus,2026-05-17,2026-05-17T20:52:57Z,2026-05-17T20:52:57Z,0,0,1
No Detections,TO15,No Detections,No Detections,No Detections,2026-05-18,NA,NA,0,0,1
No Detections,TO15,No Detections,No Detections,No Detections,2026-05-19,NA,NA,0,0,2
No Detections,TO15,No Detections,No Detections,No Detections,2026-05-20,NA,NA,0,0,2
No Detections,TO15,No Detections,No Detections,No Detections,2026-05-21,NA,NA,0,0,2
House Mouse,TO15,Mammalia,Mus,musculus,2026-05-22,2026-05-22T00:00:23Z,2026-05-22T00:00:23Z,0,0,2
House Mouse,TO15,Mammalia,Mus,musculus,2026-05-22,2026-05-22T21:08:20Z,2026-05-22T21:08:20Z,0,0,2
House Mouse,TO15,Mammalia,Mus,musculus,2026-05-23,2026-05-23T00:43:02Z,2026-05-23T01:36:45Z,0,0,2
No Detections,TO15,No Detections,No Detections,No Detections,2026-05-24,NA,NA,0,0,2
No Detections,TO15,No Detections,No Detections,No Detections,2026-05-25,NA,NA,0,0,2
Southern Leopard Frog,TO15,Amphibia,Lithobates,sphenocephalus,2026-05-26,2026-05-26T21:40:04Z,2026-05-26T21:40:04Z,0,0,2
House Mouse,TO15,Mammalia,Mus,musculus,2026-05-27,2026-05-27T00:07:24Z,2026-05-27T00:07:25Z,0,0,2
Peromyscus or Ochrotomys Species,TO15,Mammalia,Peromyscus,NA,2026-05-27,2026-05-27T00:37:34Z,2026-05-27T00:37:34Z,0,0,2
Hispid Cotton Rat,TO15,Mammalia,Sigmodon,hispidus,2026-05-28,2026-05-28T18:38:48Z,2026-05-28T18:44:40Z,0,0,2
Peromyscus or Ochrotomys Species,TO15,Mammalia,Ochrotomys,nuttalli,2026-05-28,2026-05-28T23:33:27Z,2026-05-28T23:33:27Z,0,0,2
No Detections,TO15,No Detections,No Detections,No Detections,2026-05-29,NA,NA,0,0,2
Peromyscus or Ochrotomys Species,TO15,Mammalia,Peromyscus,NA,2026-05-30,2026-05-30T22:00:35Z,2026-05-30T22:00:35Z,0,0,2
House Mouse,TO15,Mammalia,Mus,musculus,2026-05-31,2026-05-31T01:57:32Z,2026-05-31T01:57:32Z,0,0,2
Marsh Rice Rat,TO15,Mammalia,Oryzomys,palustris,2026-06-01,2026-06-01T02:01:21Z,2026-06-01T02:01:21Z,0,0,2
North American Least Shrew,TO15,Mammalia,Cryptotis,parvus,2026-06-01,2026-06-01T21:34:24Z,2026-06-01T21:34:36Z,0,0,2
House Mouse,TO15,Mammalia,Mus,musculus,2026-06-01,2026-06-01T21:35:58Z,2026-06-01T21:35:58Z,0,0,2
Hispid Cotton Rat,TO15,Mammalia,Sigmodon,hispidus,2026-06-02,2026-06-02T05:19:25Z,2026-06-02T05:19:25Z,0,0,2
Marsh Rice Rat,TO15,Mammalia,Oryzomys,palustris,2026-06-02,2026-06-02T21:27:41Z,2026-06-02T21:28:39Z,0,0,2
Peromyscus or Ochrotomys Species,TO15,Mammalia,Peromyscus,NA,2026-06-03,2026-06-03T00:34:10Z,2026-06-03T00:34:12Z,0,0,2
Hispid Cotton Rat,TO15,Mammalia,Sigmodon,hispidus,2026-06-03,2026-06-03T21:08:31Z,2026-06-03T21:08:31Z,0,0,2
No Detections,TO15,No Detections,No Detections,No Detections,2026-06-04,NA,NA,0,0,2
House Mouse,TO15,Mammalia,Mus,musculus,2026-06-05,2026-06-05T02:08:48Z,2026-06-05T02:08:48Z,0,0,2
House Mouse,TO15,Mammalia,Mus,musculus,2026-06-06,2026-06-06T02:27:21Z,2026-06-06T02:27:21Z,0,0,2
House Mouse,TO15,Mammalia,Mus,musculus,2026-06-07,2026-06-07T02:30:45Z,2026-06-07T02:30:45Z,0,0,2
House Mouse,TO15,Mammalia,Mus,musculus,2026-06-08,2026-06-08T01:35:40Z,2026-06-08T01:35:40Z,0,0,2
Eastern Cottontail,TO15,Mammalia,Sylvilagus,floridanus,2026-06-08,2026-06-08T03:01:38Z,2026-06-08T03:01:46Z,0,0,2
Peromyscus or Ochrotomys Species,TO15,Mammalia,Peromyscus,NA,2026-06-08,2026-06-08T04:11:02Z,2026-06-08T04:11:06Z,0,0,2
House Mouse,TO15,Mammalia,Mus,musculus,2026-06-08,2026-06-08T21:59:29Z,2026-06-08T21:59:29Z,0,0,2
No Detections,TO15,No Detections,No Detections,No Detections,2026-06-09,NA,NA,0,0,2
Marsh Rabbit,TO15,Mammalia,Sylvilagus,palustris,2026-06-10,2026-06-10T04:18:08Z,2026-06-10T04:34:18Z,0,0,2
Marsh Rabbit,TO15,Mammalia,Sylvilagus,palustris,2026-06-10,2026-06-10T06:06:50Z,2026-06-10T06:20:15Z,0,0,2
Eastern Cottontail,TO15,Mammalia,Sylvilagus,floridanus,2026-06-10,2026-06-10T06:19:04Z,2026-06-10T06:19:04Z,0,0,2
Marsh Rabbit,TO15,Mammalia,Sylvilagus,palustris,2026-06-10,2026-06-10T21:49:43Z,2026-06-10T21:49:43Z,0,0,2
House Mouse,TO15,Mammalia,Mus,musculus,2026-06-11,2026-06-11T21:05:18Z,2026-06-11T21:05:18Z,0,0,2
Southeastern Shrew,TO15,Mammalia,Sorex,longirostris,2026-06-12,2026-06-12T05:42:19Z,2026-06-12T05:42:19Z,0,0,2
Peromyscus or Ochrotomys Species,TO15,Mammalia,Peromyscus,NA,2026-06-12,2026-06-12T23:21:50Z,2026-06-12T23:21:50Z,0,0,2
Southern Toad,TO15,Amphibia,Anaxyrus,terrestris,2026-06-13,2026-06-13T00:57:36Z,2026-06-13T00:57:37Z,0,0,2
Southern Toad,TO15,Amphibia,Anaxyrus,terrestris,2026-06-13,2026-06-13T21:27:23Z,2026-06-13T21:28:01Z,0,0,2
No Detections,TO15,No Detections,No Detections,No Detections,2026-06-14,NA,NA,0,0,2
Hispid Cotton Rat,TO15,Mammalia,Sigmodon,hispidus,2026-06-15,2026-06-15T00:26:16Z,2026-06-15T00:26:34Z,0,0,2
House Mouse,TO15,Mammalia,Mus,musculus,2026-06-15,2026-06-15T02:22:33Z,2026-06-15T02:22:33Z,0,0,2
Peromyscus or Ochrotomys Species,TO15,Mammalia,Peromyscus,NA,2026-06-15,2026-06-15T05:08:10Z,2026-06-15T05:08:10Z,0,0,2
House Mouse,TO15,Mammalia,Mus,musculus,2026-06-16,2026-06-16T02:24:00Z,2026-06-16T02:53:50Z,0,0,2
Southern Toad,TO15,Amphibia,Anaxyrus,terrestris,2026-06-17,2026-06-17T00:23:49Z,2026-06-17T00:35:40Z,0,0,2
Southern Toad,TO15,Amphibia,Anaxyrus,terrestris,2026-06-17,2026-06-17T04:33:36Z,2026-06-17T05:30:48Z,0,0,2
No Detections,TO15,No Detections,No Detections,No Detections,2026-06-18,NA,NA,0,0,2
Southern Toad,TO15,Amphibia,Anaxyrus,terrestris,2026-06-19,2026-06-19T00:20:56Z,2026-06-19T00:20:59Z,0,0,2
Southern Toad,TO15,Amphibia,Anaxyrus,terrestris,2026-06-19,2026-06-19T04:08:46Z,2026-06-19T04:08:46Z,0,0,2
House Mouse,TO15,Mammalia,Mus,musculus,2026-06-19,2026-06-19T21:12:58Z,2026-06-19T21:12:58Z,0,0,2
Southern Short-tailed Shrew,TO15,Mammalia,Blarina,carolinensis,2026-06-20,2026-06-20T21:28:29Z,2026-06-20T21:28:29Z,0,0,2
House Mouse,TO15,Mammalia,Mus,musculus,2026-06-20,2026-06-20T21:50:11Z,2026-06-20T21:50:11Z,0,0,2
No Detections,TO15,No Detections,No Detections,No Detections,2026-06-21,NA,NA,0,0,2
Marsh Rabbit,TO15,Mammalia,Sylvilagus,palustris,2026-06-22,2026-06-22T20:45:59Z,2026-06-22T20:46:34Z,0,0,2
Common Kingsnake,TO15,Reptilia,Lampropeltis,getula,2026-06-23,2026-06-23T03:29:59Z,2026-06-23T03:29:59Z,0,0,2
Southeastern Shrew,TO15,Mammalia,Sorex,longirostris,2026-06-24,2026-06-24T03:05:35Z,2026-06-24T03:05:45Z,0,0,2
House Mouse,TO15,Mammalia,Mus,musculus,2026-06-25,2026-06-25T00:49:29Z,2026-06-25T00:50:29Z,0,0,2
House Mouse,TO15,Mammalia,Mus,musculus,2026-06-25,2026-06-25T01:55:23Z,2026-06-25T01:55:44Z,0,0,2
Marsh Rabbit,TO15,Mammalia,Sylvilagus,palustris,2026-06-25,2026-06-25T15:05:40Z,2026-06-25T15:10:44Z,0,0,2
Eastern Cottontail,TO15,Mammalia,Sylvilagus,floridanus,2026-06-25,2026-06-25T15:26:58Z,2026-06-25T15:28:22Z,0,0,2
No Detections,TO15,No Detections,No Detections,No Detections,2026-06-26,NA,NA,0,0,2
House Mouse,TO15,Mammalia,Mus,musculus,2026-06-27,2026-06-27T21:18:26Z,2026-06-27T21:19:26Z,0,0,2
House Mouse,TO15,Mammalia,Mus,musculus,2026-06-28,2026-06-28T05:07:07Z,2026-06-28T05:07:43Z,0,0,2
House Mouse,TO15,Mammalia,Mus,musculus,2026-06-28,2026-06-28T20:59:09Z,2026-06-28T20:59:49Z,0,0,2
House Mouse,TO15,Mammalia,Mus,musculus,2026-06-29,2026-06-29T05:13:38Z,2026-06-29T05:28:37Z,0,0,2
North American Least Shrew,TO15,Mammalia,Cryptotis,parvus,2026-06-30,2026-06-30T01:54:57Z,2026-06-30T01:54:57Z,0,0,2
House Mouse,TO15,Mammalia,Mus,musculus,2026-07-01,2026-07-01T03:17:46Z,2026-07-01T03:17:46Z,0,0,2
Eastern Cottontail,TO15,Mammalia,Sylvilagus,floridanus,2026-07-02,2026-07-02T07:04:29Z,2026-07-02T07:05:17Z,0,0,2
Marsh Rabbit,TO15,Mammalia,Sylvilagus,palustris,2026-07-02,2026-07-02T15:38:03Z,2026-07-02T15:38:52Z,0,0,2
No Detections,TO15,No Detections,No Detections,No Detections,2026-07-03,NA,NA,0,0,2
No Detections,TO15,No Detections,No Detections,No Detections,2026-07-04,NA,NA,0,0,2
Eastern Cottontail,TO15,Mammalia,Sylvilagus,floridanus,2026-07-05,2026-07-05T07:20:22Z,2026-07-05T07:20:45Z,0,0,2
Southern Toad,TO15,Amphibia,Anaxyrus,terrestris,2026-07-05,2026-07-05T14:28:01Z,2026-07-05T14:28:56Z,0,0,2
No Detections,TO15,No Detections,No Detections,No Detections,2026-07-06,NA,NA,0,0,2
Hispid Cotton Rat,TO15,Mammalia,Sigmodon,hispidus,2026-07-07,2026-07-07T00:10:37Z,2026-07-07T00:10:41Z,0,0,2
No Detections,TO15,No Detections,No Detections,No Detections,2026-07-08,NA,NA,0,0,2
No Detections,TO15,No Detections,No Detections,No Detections,2026-07-09,NA,NA,0,0,2
No Detections,TO15,No Detections,No Detections,No Detections,2026-07-10,NA,NA,0,0,2
No Detections,TO15,No Detections,No Detections,No Detections,2026-07-11,NA,NA,0,0,2
House Mouse,TO15,Mammalia,Mus,musculus,2026-07-12,2026-07-12T23:53:54Z,2026-07-12T23:59:09Z,0,0,2
No Detections,TO15,No Detections,No Detections,No Detections,2026-07-13,NA,NA,0,0,2
No Detections,TO15,No Detections,No Detections,No Detections,2026-07-14,NA,NA,0,0,2
House Mouse,TO15,Mammalia,Mus,musculus,2026-07-15,2026-07-15T03:57:50Z,2026-07-15T03:57:50Z,0,0,2
North American Least Shrew,TO15,Mammalia,Cryptotis,parvus,2026-07-15,2026-07-15T05:05:16Z,2026-07-15T05:05:16Z,0,0,2
Hispid Cotton Rat,TO15,Mammalia,Sigmodon,hispidus,2026-07-15,2026-07-15T06:16:51Z,2026-07-15T06:16:51Z,0,0,2
Hispid Cotton Rat,TO15,Mammalia,Sigmodon,hispidus,2026-07-16,2026-07-16T12:40:27Z,2026-07-16T12:40:27Z,0,0,2
Southern Toad,TO15,Amphibia,Anaxyrus,terrestris,2026-07-17,2026-07-17T20:33:27Z,2026-07-17T20:37:21Z,0,0,2
House Mouse,TO15,Mammalia,Mus,musculus,2026-07-18,2026-07-18T02:08:48Z,2026-07-18T02:08:56Z,0,0,2
Hispid Cotton Rat,TO15,Mammalia,Sigmodon,hispidus,2026-07-19,2026-07-19T01:25:46Z,2026-07-19T01:25:49Z,0,0,2
House Mouse,TO15,Mammalia,Mus,musculus,2026-07-19,2026-07-19T22:11:19Z,2026-07-19T22:11:19Z,0,0,2
House Mouse,TO15,Mammalia,Mus,musculus,2026-07-20,2026-07-20T01:48:42Z,2026-07-20T03:09:10Z,0,0,2
Peromyscus or Ochrotomys Species,TO15,Mammalia,Peromyscus,NA,2026-07-20,2026-07-20T04:54:37Z,2026-07-20T04:54:53Z,0,0,2
House Mouse,TO15,Mammalia,Mus,musculus,2026-07-20,2026-07-20T20:13:08Z,2026-07-20T20:25:05Z,0,0,2
House Mouse,TO15,Mammalia,Mus,musculus,2026-07-20,2026-07-20T22:44:03Z,2026-07-20T23:58:39Z,0,0,2
No Detections,TO15,No Detections,No Detections,No Detections,2026-07-21,NA,NA,0,0,2
House Mouse,TO15,Mammalia,Mus,musculus,2026-07-22,2026-07-22T02:42:13Z,2026-07-22T02:53:51Z,0,0,2
Peromyscus or Ochrotomys Species,TO15,Mammalia,Peromyscus,NA,2026-07-22,2026-07-22T04:04:05Z,2026-07-22T04:05:46Z,0,0,2
Hispid Cotton Rat,TO15,Mammalia,Sigmodon,hispidus,2026-07-22,2026-07-22T17:42:56Z,2026-07-22T17:46:13Z,0,0,2
House Mouse,TO15,Mammalia,Mus,musculus,2026-07-22,2026-07-22T20:33:30Z,2026-07-22T20:34:18Z,0,0,2
House Mouse,TO15,Mammalia,Mus,musculus,2026-07-23,2026-07-23T02:48:29Z,2026-07-23T03:14:51Z,0,0,2
Eastern Harvest Mouse,TO15,Mammalia,Reithrodontomys,humulis,2026-07-23,2026-07-23T03:18:40Z,2026-07-23T03:20:03Z,0,0,2
House Mouse,TO15,Mammalia,Mus,musculus,2026-07-23,2026-07-23T04:57:55Z,2026-07-23T04:59:44Z,0,0,2
House Mouse,TO15,Mammalia,Mus,musculus,2026-07-23,2026-07-23T19:48:13Z,2026-07-23T19:48:45Z,0,0,2
House Mouse,TO15,Mammalia,Mus,musculus,2026-07-23,2026-07-23T21:39:43Z,2026-07-24T05:25:56Z,0,0,2
Eastern Harvest Mouse,TO15,Mammalia,Reithrodontomys,humulis,2026-07-24,2026-07-24T01:18:08Z,2026-07-24T01:18:08Z,0,0,2
Southern Leopard Frog,TO15,Amphibia,Lithobates,sphenocephalus,2026-07-24,2026-07-24T21:23:36Z,2026-07-24T21:23:37Z,0,0,2
House Mouse,TO15,Mammalia,Mus,musculus,2026-07-25,2026-07-25T02:30:59Z,2026-07-25T02:31:25Z,0,0,2
Southern Toad,TO15,Amphibia,Anaxyrus,terrestris,2026-07-25,2026-07-25T03:53:45Z,2026-07-25T03:53:46Z,0,0,2
House Mouse,TO15,Mammalia,Mus,musculus,2026-07-26,2026-07-26T05:35:14Z,2026-07-26T05:35:17Z,0,0,2
Eastern Racer,TO15,Reptilia,Coluber,constrictor,2026-07-26,2026-07-26T13:53:39Z,2026-07-26T13:53:41Z,0,0,2
House Mouse,TO15,Mammalia,Mus,musculus,2026-07-26,2026-07-26T20:57:14Z,2026-07-26T20:57:14Z,0,0,2
Eastern Harvest Mouse,TO15,Mammalia,Reithrodontomys,humulis,2026-07-26,2026-07-26T21:41:56Z,2026-07-26T21:43:03Z,0,0,2
House Mouse,TO15,Mammalia,Mus,musculus,2026-07-27,2026-07-27T00:45:05Z,2026-07-27T00:48:24Z,0,0,2
No Detections,TO16,No Detections,No Detections,No Detections,2026-04-01,NA,NA,0,0,2
No Detections,TO16,No Detections,No Detections,No Detections,2026-04-02,NA,NA,0,0,2
No Detections,TO16,No Detections,No Detections,No Detections,2026-04-03,NA,NA,0,0,2
Southern Toad,TO16,Amphibia,Anaxyrus,terrestris,2026-04-04,2026-04-04T19:54:27Z,2026-04-04T19:55:25Z,0,0,2
No Detections,TO16,No Detections,No Detections,No Detections,2026-04-05,NA,NA,0,0,2
No Detections,TO16,No Detections,No Detections,No Detections,2026-04-06,NA,NA,0,0,2
No Detections,TO16,No Detections,No Detections,No Detections,2026-04-07,NA,NA,0,0,2
No Detections,TO16,No Detections,No Detections,No Detections,2026-04-08,NA,NA,0,0,2
No Detections,TO16,No Detections,No Detections,No Detections,2026-04-09,NA,NA,0,0,2
No Detections,TO16,No Detections,No Detections,No Detections,2026-04-10,NA,NA,0,0,2
Eastern Racer,TO16,Reptilia,Coluber,constrictor,2026-04-11,2026-04-11T08:09:39Z,2026-04-11T08:09:47Z,0,0,2
No Detections,TO16,No Detections,No Detections,No Detections,2026-04-12,NA,NA,0,0,2
No Detections,TO16,No Detections,No Detections,No Detections,2026-04-13,NA,NA,0,0,2
No Detections,TO16,No Detections,No Detections,No Detections,2026-04-14,NA,NA,0,0,2
No Detections,TO16,No Detections,No Detections,No Detections,2026-04-15,NA,NA,0,0,2
No Detections,TO16,No Detections,No Detections,No Detections,2026-04-16,NA,NA,0,0,2
No Detections,TO16,No Detections,No Detections,No Detections,2026-04-17,NA,NA,0,0,2
No Detections,TO16,No Detections,No Detections,No Detections,2026-04-18,NA,NA,0,0,2
No Detections,TO16,No Detections,No Detections,No Detections,2026-04-19,NA,NA,0,0,2
No Detections,TO16,No Detections,No Detections,No Detections,2026-04-20,NA,NA,0,0,2
No Detections,TO16,No Detections,No Detections,No Detections,2026-04-21,NA,NA,0,0,2
No Detections,TO16,No Detections,No Detections,No Detections,2026-04-22,NA,NA,0,0,1
No Detections,TO16,No Detections,No Detections,No Detections,2026-04-23,NA,NA,0,0,1
House Mouse,TO16,Mammalia,Mus,musculus,2026-04-24,2026-04-24T03:15:53Z,2026-04-24T03:15:55Z,0,0,1
No Detections,TO16,No Detections,No Detections,No Detections,2026-04-25,NA,NA,0,0,1
Eastern Harvest Mouse,TO16,Mammalia,Reithrodontomys,humulis,2026-04-26,2026-04-26T03:49:44Z,2026-04-26T03:49:44Z,0,0,1
No Detections,TO16,No Detections,No Detections,No Detections,2026-04-27,NA,NA,0,0,1
No Detections,TO16,No Detections,No Detections,No Detections,2026-04-28,NA,NA,0,0,1
No Detections,TO16,No Detections,No Detections,No Detections,2026-04-29,NA,NA,0,0,1
No Detections,TO16,No Detections,No Detections,No Detections,2026-04-30,NA,NA,0,0,1
No Detections,TO16,No Detections,No Detections,No Detections,2026-05-01,NA,NA,0,0,1
No Detections,TO16,No Detections,No Detections,No Detections,2026-05-02,NA,NA,0,0,1
No Detections,TO16,No Detections,No Detections,No Detections,2026-05-03,NA,NA,0,0,1
Southeastern Shrew,TO16,Mammalia,Sorex,longirostris,2026-05-04,2026-05-04T20:32:44Z,2026-05-04T20:32:44Z,0,0,1
No Detections,TO16,No Detections,No Detections,No Detections,2026-05-05,NA,NA,0,0,1
Eastern Harvest Mouse,TO16,Mammalia,Reithrodontomys,humulis,2026-05-06,2026-05-06T22:36:20Z,2026-05-06T22:36:20Z,0,0,1
Southern Short-tailed Shrew,TO16,Mammalia,Blarina,carolinensis,2026-05-07,2026-05-07T17:57:55Z,2026-05-07T17:57:55Z,0,0,2
No Detections,TO16,No Detections,No Detections,No Detections,2026-05-08,NA,NA,0,0,2
No Detections,TO16,No Detections,No Detections,No Detections,2026-05-09,NA,NA,0,0,2
No Detections,TO16,No Detections,No Detections,No Detections,2026-05-10,NA,NA,0,0,2
No Detections,TO16,No Detections,No Detections,No Detections,2026-05-11,NA,NA,0,0,2
No Detections,TO16,No Detections,No Detections,No Detections,2026-05-12,NA,NA,0,0,2
No Detections,TO16,No Detections,No Detections,No Detections,2026-05-13,NA,NA,0,0,2
No Detections,TO16,No Detections,No Detections,No Detections,2026-05-14,NA,NA,0,0,2
North American Least Shrew,TO16,Mammalia,Cryptotis,parvus,2026-05-15,2026-05-15T00:54:00Z,2026-05-15T00:54:00Z,0,0,2
Peromyscus or Ochrotomys Species,TO16,Mammalia,Peromyscus,NA,2026-05-15,2026-05-15T02:07:14Z,2026-05-15T02:07:14Z,0,0,2
No Detections,TO16,No Detections,No Detections,No Detections,2026-05-16,NA,NA,0,0,2
No Detections,TO16,No Detections,No Detections,No Detections,2026-05-17,NA,NA,0,0,2
No Detections,TO16,No Detections,No Detections,No Detections,2026-05-18,NA,NA,0,0,2
No Detections,TO16,No Detections,No Detections,No Detections,2026-05-19,NA,NA,0,0,2
No Detections,TO16,No Detections,No Detections,No Detections,2026-05-20,NA,NA,0,0,2
No Detections,TO16,No Detections,No Detections,No Detections,2026-05-21,NA,NA,0,0,2
No Detections,TO16,No Detections,No Detections,No Detections,2026-05-22,NA,NA,0,0,2
Peromyscus or Ochrotomys Species,TO16,Mammalia,Peromyscus,NA,2026-05-23,2026-05-23T21:45:00Z,2026-05-23T21:45:00Z,0,0,2
No Detections,TO16,No Detections,No Detections,No Detections,2026-05-24,NA,NA,0,0,2
No Detections,TO16,No Detections,No Detections,No Detections,2026-05-25,NA,NA,0,0,2
No Detections,TO16,No Detections,No Detections,No Detections,2026-05-26,NA,NA,0,0,2
No Detections,TO16,No Detections,No Detections,No Detections,2026-05-27,NA,NA,0,0,2
No Detections,TO16,No Detections,No Detections,No Detections,2026-05-28,NA,NA,0,0,2
Eastern Narrowmouth Toad,TO16,Amphibia,Gastrophryne,carolinensis,2026-05-29,2026-05-29T22:46:29Z,2026-05-29T22:46:30Z,0,0,2
Southern Leopard Frog,TO16,Amphibia,Lithobates,sphenocephalus,2026-05-30,2026-05-30T01:07:21Z,2026-05-30T01:07:21Z,0,0,2
No Detections,TO16,No Detections,No Detections,No Detections,2026-05-31,NA,NA,0,0,2
North American Least Shrew,TO16,Mammalia,Cryptotis,parvus,2026-06-01,2026-06-01T19:37:10Z,2026-06-01T19:37:10Z,0,0,2
House Mouse,TO16,Mammalia,Mus,musculus,2026-06-02,2026-06-02T17:45:38Z,2026-06-02T17:45:49Z,0,0,2
No Detections,TO16,No Detections,No Detections,No Detections,2026-06-03,NA,NA,0,0,1
No Detections,TO16,No Detections,No Detections,No Detections,2026-06-04,NA,NA,0,0,1
No Detections,TO16,No Detections,No Detections,No Detections,2026-06-05,NA,NA,0,0,1
No Detections,TO16,No Detections,No Detections,No Detections,2026-06-06,NA,NA,0,0,1
No Detections,TO16,No Detections,No Detections,No Detections,2026-06-07,NA,NA,0,0,1
No Detections,TO16,No Detections,No Detections,No Detections,2026-06-08,NA,NA,0,0,1
No Detections,TO16,No Detections,No Detections,No Detections,2026-06-09,NA,NA,0,0,1
No Detections,TO16,No Detections,No Detections,No Detections,2026-06-10,NA,NA,0,0,1
No Detections,TO16,No Detections,No Detections,No Detections,2026-06-11,NA,NA,0,0,1
No Detections,TO16,No Detections,No Detections,No Detections,2026-06-12,NA,NA,0,0,1
No Detections,TO16,No Detections,No Detections,No Detections,2026-06-13,NA,NA,0,0,1
No Detections,TO16,No Detections,No Detections,No Detections,2026-06-14,NA,NA,0,0,1
No Detections,TO16,No Detections,No Detections,No Detections,2026-06-15,NA,NA,0,0,1
No Detections,TO16,No Detections,No Detections,No Detections,2026-06-16,NA,NA,0,0,1
No Detections,TO16,No Detections,No Detections,No Detections,2026-06-17,NA,NA,0,0,1
No Detections,TO16,No Detections,No Detections,No Detections,2026-06-18,NA,NA,0,0,1
No Detections,TO16,No Detections,No Detections,No Detections,2026-06-19,NA,NA,0,0,1
Eastern Harvest Mouse,TO16,Mammalia,Reithrodontomys,humulis,2026-06-20,2026-06-20T18:10:03Z,2026-06-20T18:10:03Z,0,0,1
No Detections,TO16,No Detections,No Detections,No Detections,2026-06-21,NA,NA,0,0,1
No Detections,TO16,No Detections,No Detections,No Detections,2026-06-22,NA,NA,0,0,1
No Detections,TO16,No Detections,No Detections,No Detections,2026-06-23,NA,NA,0,0,1
No Detections,TO16,No Detections,No Detections,No Detections,2026-06-24,NA,NA,0,0,1
Eastern Rat Snake,TO16,Reptilia,Pantherophis,alleghaniensis,2026-06-25,2026-06-25T07:46:20Z,2026-06-25T07:46:23Z,0,0,1
No Detections,TO16,No Detections,No Detections,No Detections,2026-06-26,NA,NA,0,0,1
No Detections,TO16,No Detections,No Detections,No Detections,2026-06-27,NA,NA,0,0,1
No Detections,TO16,No Detections,No Detections,No Detections,2026-06-28,NA,NA,0,0,1
No Detections,TO16,No Detections,No Detections,No Detections,2026-06-29,NA,NA,0,0,1
No Detections,TO16,No Detections,No Detections,No Detections,2026-06-30,NA,NA,0,0,1
No Detections,TO16,No Detections,No Detections,No Detections,2026-07-01,NA,NA,0,0,1
No Detections,TO16,No Detections,No Detections,No Detections,2026-07-02,NA,NA,0,0,1
No Detections,TO16,No Detections,No Detections,No Detections,2026-07-03,NA,NA,0,0,1
No Detections,TO16,No Detections,No Detections,No Detections,2026-07-04,NA,NA,0,0,1
No Detections,TO16,No Detections,No Detections,No Detections,2026-07-05,NA,NA,0,0,1
No Detections,TO16,No Detections,No Detections,No Detections,2026-07-06,NA,NA,0,0,1
No Detections,TO16,No Detections,No Detections,No Detections,2026-07-07,NA,NA,0,0,1
No Detections,TO16,No Detections,No Detections,No Detections,2026-07-08,NA,NA,0,0,1
No Detections,TO16,No Detections,No Detections,No Detections,2026-07-09,NA,NA,0,0,1
No Detections,TO16,No Detections,No Detections,No Detections,2026-07-10,NA,NA,0,0,1
No Detections,TO16,No Detections,No Detections,No Detections,2026-07-11,NA,NA,0,0,1
No Detections,TO16,No Detections,No Detections,No Detections,2026-07-12,NA,NA,0,0,1
Eastern Rat Snake,TO16,Reptilia,Pantherophis,alleghaniensis,2026-07-13,2026-07-13T11:29:58Z,2026-07-13T11:29:58Z,0,0,1
No Detections,TO16,No Detections,No Detections,No Detections,2026-07-14,NA,NA,0,0,1
No Detections,TO16,No Detections,No Detections,No Detections,2026-07-15,NA,NA,0,0,1
No Detections,TO16,No Detections,No Detections,No Detections,2026-07-16,NA,NA,0,0,1
No Detections,TO16,No Detections,No Detections,No Detections,2026-07-17,NA,NA,0,0,1
No Detections,TO16,No Detections,No Detections,No Detections,2026-07-18,NA,NA,0,0,1
No Detections,TO16,No Detections,No Detections,No Detections,2026-07-19,NA,NA,0,0,1
No Detections,TO16,No Detections,No Detections,No Detections,2026-07-20,NA,NA,0,0,1
No Detections,TO16,No Detections,No Detections,No Detections,2026-07-21,NA,NA,0,0,1
No Detections,TO16,No Detections,No Detections,No Detections,2026-07-22,NA,NA,0,0,1
No Detections,TO16,No Detections,No Detections,No Detections,2026-07-23,NA,NA,0,0,1
Hispid Cotton Rat,TO16,Mammalia,Sigmodon,hispidus,2026-07-24,2026-07-24T17:10:38Z,2026-07-24T17:10:38Z,0,0,1
No Detections,TO16,No Detections,No Detections,No Detections,2026-07-25,NA,NA,0,0,1
Hispid Cotton Rat,TO16,Mammalia,Sigmodon,hispidus,2026-07-26,2026-07-26T06:53:09Z,2026-07-26T06:53:37Z,0,0,1
No Detections,TO16,No Detections,No Detections,No Detections,2026-07-27,NA,NA,0,0,1
