project_id,deployment_id,placename,longitude,latitude,start_date,end_date,bait_type,bait_description,feature_type,feature_type_methodology,camera_id,camera_name,quiet_period,camera_functioning,sensor_height,height_other,sensor_orientation,orientation_other,plot_treatment,plot_treatment_description,detection_distance,subproject_name,subproject_design,event_name,event_description,event_type,recorded_by,remarks
2011183,RE04_CT09_2026_D1,RE04-CT09,-76.53544,36.14445,2026-07-09 00:00:00,2026-08-21 00:00:00,None,,None,,2181097,Browning Recon Force HP5,0,Camera Functioning,Knee height,,Parallel,,,,9,Timbermill_Camera_Traps_2026,,,,,,Date and time wrong. Fixed manually
2011183,To02_CT05_2026_D1,TO02-CT05,-76.60679,36.14774,2026-06-18 00:00:00,2026-07-28 00:00:00,None,,None,,2181096,Browning Defender Pro Scout Max Extreme HD,0,Camera Functioning,Knee height,,Parallel,,,,24,Timbermill_Camera_Traps_2026,,,,,,
2011183,RE03_AD01_CamB_2026_D1_MC,RE03_AD01,-76.53149,36.1369,2026-03-28 00:00:00,2026-04-22 00:00:00,None,NA,None,NA,2099588,Reconyx HC500 Hyperfire,0,Camera Functioning,Knee height,NA,Pointed Downward,NA,,,0.5,Timbermill_AHDriFT_2026_MC,,,,,,No timelapse
2011183,TE06_AD01_CamB_2026_D3_MC,TE06-AD01,-76.58263397,36.1493454,2026-06-02 00:00:00,2026-07-08 00:00:00,None,,None,,2181097,Browning Recon Force HP5,0,Camera Functioning,Knee height,,Pointed Downward,,,,0.5,Timbermill_AHDriFT_2026_MC,,,,,,
2011183,TE03_AD01_CamA_2026_D1_MC,TE03_AD01,-76.59934,36.14878,2026-04-10 00:00:00,2026-05-19 00:00:00,None,NA,None,NA,2181097,Browning Recon Force HP5,0,Camera Functioning,Knee height,NA,Pointed Downward,NA,,,0.5,Timbermill_AHDriFT_2026_MC,,,,,,No timelapse
2011183,TO03_AD01_CamB_2026_D1_MC,TO03_AD01,-76.59822,36.14922,2026-04-10 00:00:00,2026-05-19 00:00:00,None,NA,None,NA,2181108,Reconyx Hyperfire HC500,0,Camera Functioning,Knee height,NA,Pointed Downward,NA,,,,Timbermill_AHDriFT_2026_MC,,,,,,
2011183,TO02_CT04_2026_D1,TO02-CT04,-76.60613,36.14702,2026-04-10 00:00:00,2026-05-19 00:00:00,None,,None,,2181096,Browning Defender Pro Scout Max Extreme HD,0,Camera Functioning,Knee height,,Parallel,,,,,Timbermill_Camera_Traps_2026,,,,,,No distances
2011183,TO15_AD01_CamA_2026_D3_MC,TO15_AD01,-76.61639,36.15133,2026-06-18 00:00:00,2026-07-27 00:00:00,None,,None,,2188084,Reconyx Hyperfire PC500,0,Camera Functioning,Knee height,,Pointed Downward,,,,,Timbermill_AHDriFT_2026_MC,,,,,,
2011183,TO16_AD01_CamA_2026_D2_MC,TO16-AD01,-76.58946228,36.16297531,2026-05-07 00:00:00,2026-06-02 00:00:00,None,,None,,2099588,Reconyx HC500 Hyperfire,0,Camera Functioning,Knee height,,Pointed Downward,,,,0.5,Timbermill_AHDriFT_2026_MC,,,,,,
2011183,RE03_AD01_CamA_2026_D1_MC,RE03-AD01,-76.53149414,36.13689804,2026-03-28 00:00:00,2026-04-09 00:00:00,None,,None,,2099588,Reconyx HC500 Hyperfire,0,Camera Hardware Failure,Knee height,,Pointed Downward,,,,0.5,Timbermill_AHDriFT_2026_MC,,,,,,1-minute timelapse
2011183,TE07_AD01_CamB_2026_D2_MC,TE07-AD01,-76.58805847,36.13465118,2026-05-19 00:00:00,2026-06-17 00:00:00,None,,None,,2181388,Browning Recon Force HP5 ,0,Camera Functioning,Knee height,,Pointed Downward,,,,0.5,Timbermill_AHDriFT_2026_MC,,,,,,
2011183,TO13_AD01_CamB_2026_D1_MC,TO13-AD01,-76.58172607,36.13502884,2026-04-01 00:00:00,2026-05-19 00:00:00,None,,None,,2181096,Browning Defender Pro Scout Max Extreme HD,0,Camera Functioning,Knee height,,Pointed Downward,,,,0.5,Timbermill_AHDriFT_2026_MC,,,,,,motion capture only
2011183,TE13_AD01_CamB_2026_D1_MC,TE13-AD01,-76.58250427,36.13572693,2026-04-01 00:00:00,2026-05-19 00:00:00,None,,None,,2181096,Browning Defender Pro Scout Max Extreme HD,0,Camera Functioning,Knee height,,Pointed Downward,,,,0.5,Timbermill_AHDriFT_2026_MC,,,,,,No timelapse
2011183,TE12_AD01_CamB_2026_D2_MC,TE12-AD01,-76.5975647,36.16421127,2026-05-07 00:00:00,2026-06-02 00:00:00,None,,None,,2181097,Browning Recon Force HP5,0,Camera Functioning,Knee height,,Pointed Downward,,,,0.5,Timbermill_AHDriFT_2026_MC,,,,,,
2011183,RE04_CT07_2026_D1,RE04_CT07,-76.53468,36.14389,2026-04-02 00:00:00,2026-05-23 00:00:00,None,NA,None,NA,2181393,Browning Strike Force Pro,0,Camera Functioning,Knee height,NA,Parallel,NA,,,,Timbermill_Camera_Traps_2026,,,,,,
2011183,RE06_CT02_2026_D1,RE06-CT02,-76.503,36.14412,2026-04-12 00:00:00,2026-05-06 00:00:00,None,,None,,2181097,Browning Recon Force HP5,0,Camera Functioning,Knee height,,Parallel,,,,0,Timbermill_Camera_Traps_2026,,,,,,No distance recorded
2011183,IF08_AD01_CamB_2026_D3_MC,IF08_AD01,-76.56243,36.13166,2026-05-13 00:00:00,2026-07-08 00:00:00,None,,None,,2181097,Browning Recon Force HP5,0,Camera Functioning,Knee height,,Pointed Downward,,,,0.5,Timbermill_AHDriFT_2026_MC,,,,,,bad angle
2011183,TO04_CT05_2026_D1,TO04-CT04,-76.58525,36.16274,2026-06-26 00:00:00,2026-07-08 00:00:00,None,,None,,2181096,Browning Defender Pro Scout Max Extreme HD,0,Camera Functioning,Knee height,,Parallel,,,,24,Timbermill_Camera_Traps_2026,,,,,,Accidentally moved early. Maybe we shouldn't use this in the final dataset
2011183,RE05_AD01_CamB_2026_D3_MC,TE05-AD01,-76.58969116,36.14929581,2026-06-25 00:00:00,2026-07-03 00:00:00,None,,None,,2181097,Browning Recon Force HP5,0,Wildlife Damage,Knee height,,Pointed Downward,,,,0.5,Timbermill_AHDriFT_2026_MC,,,,,,Flipped by bear 
2011183,RE06_CT06_2026_D1,RE06-CT06,-76.50368,36.14436,2026-05-06 00:00:00,2026-06-25 00:00:00,None,,None,,2181097,Browning Recon Force HP5,0,Camera Functioning,Knee height,,Parallel,,,,9,Timbermill_Camera_Traps_2026,,,,,,Dates and times wrong
2011183,TO08_AD01_CamB_2026_D3_TL,TO08_AD01,-76.59966,36.15628,2026-06-18 00:00:00,2026-07-14 00:00:00,None,,None,,2099588,Reconyx HC500 Hyperfire,0,Camera Functioning,Knee height,,Pointed Downward,,,,0.5,Timbermill_AHDriFT_2026_TL,,,,,,
2011183,TO03_CT03_2026_D1,TO03_CT03,-76.59763,36.14901,2026-05-19 00:00:00,2026-06-17 00:00:00,None,NA,None,NA,2181388,Browning Recon Force HP5 ,0,Camera Functioning,Knee height,NA,Parallel,NA,,,,Timbermill_Camera_Traps_2026,,,,,,
2011183,RE06_CT04_2026_D1,RE06-CT04,-76.50217,36.14412,2026-05-06 00:00:00,2026-05-14 00:00:00,None,,None,,2181097,Browning Recon Force HP5,0,Unknown Failure,Knee height,,Parallel,,,,,Timbermill_Camera_Traps_2026,,,,,,
2011183,RE02_AD01_CamA_2026_D2_MC,RE02_AD01,-76.52989,36.14847,2026-05-06 00:00:00,2026-05-26 00:00:00,None,,None,,2099588,Reconyx HC500 Hyperfire,0,Camera Hardware Failure,Knee height,,Pointed Downward,,,,0.5,Timbermill_AHDriFT_2026_MC,,,,,,
2011183,IF05_AD01_CamA_2026_D1_MC,IF05_AD01,-76.51158,36.15394,2026-03-28 00:00:00,2026-05-06 00:00:00,None,NA,None,NA,2181097,Browning Recon Force HP5,0,Camera Functioning,Knee height,NA,Pointed Downward,NA,,,0.5,Timbermill_AHDriFT_2026_MC,,,,,,No timelapse
2011183,TE04_AD01_CamB_2026_D1_MC,TE04-AD01,-76.58351898,36.16321564,2026-04-01 00:00:00,2026-05-07 00:00:00,None,,None,,2181096,Browning Defender Pro Scout Max Extreme HD,0,Camera Functioning,Knee height,,Pointed Downward,,,,0.5,Timbermill_AHDriFT_2026_MC,,,,,,No timelapse
2011183,TO12_AD01_CamB_2026_D1_MC,TO12-AD01,-76.59700775,36.16479492,2026-04-02 00:00:00,2026-05-07 00:00:00,None,,None,,2099588,Reconyx HC500 Hyperfire,0,Camera Functioning,Knee height,,Pointed Downward,,,,0.5,Timbermill_AHDriFT_2026_MC,,,,,,motion capture only
2011183,TO11_AD01_CamB_2026_D1_MC,TO11-AD01,-76.58255768,36.15662384,2026-04-01 00:00:00,2026-05-07 00:00:00,None,,None,,2181096,Browning Defender Pro Scout Max Extreme HD,0,Camera Functioning,Knee height,,Pointed Downward,,,,0.5,Timbermill_AHDriFT_2026_MC,,,,,,No timelapse
2011183,TO07_AD01_CamB_2026_D1_MC,TO07-AD01,-76.58794403,36.13534927,2026-04-01 00:00:00,2026-05-07 00:00:00,None,,None,,2181096,Browning Defender Pro Scout Max Extreme HD,0,Camera Functioning,Knee height,,Pointed Downward,,,,0.5,Timbermill_AHDriFT_2026_MC,,,,,,No timelapse
2011183,TO09_AD01_Cam1_2026_D3_MC,TO09_AD01,-76.59293,36.13536,2026-06-17 00:00:00,2026-07-03 00:00:00,None,,None,,2188084,Reconyx Hyperfire PC500,0,Camera Hardware Failure,Knee height,,Pointed Downward,,,,,Timbermill_AHDriFT_2026_MC,,,,,,
2011183,TE16_CT02_2026_D1,TE16-CT02,-76.59032,36.16253,2026-05-07 00:00:00,2026-06-02 00:00:00,None,,None,,2181096,Browning Defender Pro Scout Max Extreme HD,0,Camera Functioning,Knee height,,Parallel,,,,6,Timbermill_Camera_Traps_2026,,,,,,
2011183,IF08_AD01_CamB_2026_D1_MC,IF08_AD01,-76.56243,36.13166,2026-03-27 00:00:00,2026-05-13 00:00:00,None,NA,None,NA,2181097,Browning Recon Force HP5,0,Camera Functioning,Knee height,NA,Pointed Downward,NA,,,,Timbermill_AHDriFT_2026_MC,,,,,,No timelapse
2011183,TO12_AD01_CamA_2026_D2_MC,TO12-AD01,-76.59700775,36.16479492,2026-05-07 00:00:00,2026-06-02 00:00:00,None,,None,,2099588,Reconyx HC500 Hyperfire,0,Camera Functioning,Knee height,,Pointed Downward,,,,0.5,Timbermill_AHDriFT_2026_MC,,,,,,
2011183,TO06_CT05_2026_D1,TO06-CT05,-76.58215,36.15039,2026-06-01 00:00:00,2026-08-21 00:00:00,None,,None,,2181096,Browning Defender Pro Scout Max Extreme HD,0,Camera Functioning,Knee height,,Parallel,,,,3,Timbermill_Camera_Traps_2026,,,,,,
2011183,TO04_AD01_CamA_2026_D3_MC,TO04-AD01,-76.58500671,36.16300201,2026-06-03 00:00:00,2026-07-30 00:00:00,None,,None,,2099588,Reconyx HC500 Hyperfire,0,Camera Functioning,Knee height,,Pointed Downward,,,,0.5,Timbermill_AHDriFT_2026_MC,,,,,,
2011183,IF01_AD01_CamA_2026_D2_TL,IF01_AD01,-76.54704,36.13051,2026-05-06 00:00:00,2026-06-01 00:00:00,None,,None,,2181108,Reconyx Hyperfire HC500,0,Camera Functioning,Knee height,,Pointed Downward,,,,0.5,Timbermill_AHDriFT_2026_TL,,,,,,
2011183,TE01_AD01_CamA_2026_D2_TL,TE01_AD01,-76.60043,36.14489,2026-05-23 00:00:00,2026-06-17 00:00:00,None,,None,,2181108,Reconyx Hyperfire HC500,0,Camera Functioning,Knee height,,Pointed Downward,,,,0,Timbermill_AHDriFT_2026_TL,,,,,,
2011183,TO08_CT02_2026_D1,TO08-CT02,-76.59855,36.15657,2026-04-02 00:00:00,2026-05-23 00:00:00,None,,None,,2181097,Browning Recon Force HP5,0,Camera Functioning,Knee height,,Parallel,,,,24,Timbermill_Camera_Traps_2026,,,,,,
2011183,TE07_CT02_2026_D1,TE07-CT02,-76.58729,36.13593,2026-05-07 00:00:00,2026-06-17 00:00:00,None,,None,,2181096,Browning Defender Pro Scout Max Extreme HD,0,Camera Functioning,Chest height,,Parallel,,,,,Timbermill_Camera_Traps_2026,,,,,,
2011183,TE09_AD01_CamA_2026_D3_MC,TE09_AD01,-76.59286,36.13631,2026-06-17 00:00:00,2026-06-26 00:00:00,None,,None,,2099588,Reconyx HC500 Hyperfire,0,Wildlife Damage,Knee height,,Pointed Downward,,,,0.5,Timbermill_AHDriFT_2026_MC,,,,,,Flipped by bear
2011183,TE05_AD01_CamA_2026_D3_MC,TE05-AD01,-76.58969116,36.14929581,2026-06-02 00:00:00,2026-07-07 00:00:00,None,,None,,2181097,Browning Recon Force HP5,0,Camera Functioning,Knee height,,Pointed Downward,,,,2,Timbermill_AHDriFT_2026_MC,,,,,,
2011183,TE11_CT01_2026_D1,TE11-CT01,-76.58155,36.15723,2026-04-01 00:00:00,2026-05-07 00:00:00,None,,None,,2181097,Browning Recon Force HP5,0,Camera Functioning,Knee height,,Parallel,,,,0,Timbermill_Camera_Traps_2026,,,,,,No distance recorded
2011183,RE03_CT07_2026_D1,RE03-CT07,-76.53205,36.13638,2026-06-01 00:00:00,2026-07-28 00:00:00,None,,None,,2181097,Browning Recon Force HP5,0,Camera Functioning,Knee height,,Parallel,,,,9,Timbermill_Camera_Traps_2026,,,,,,
2011183,TE14_AD01_CamB_2026_D2_MC,TE14_AD01,-76.58186,36.14515,2026-05-23 00:00:00,2026-07-08 00:00:00,None,,None,,2181097,Browning Recon Force HP5,0,Camera Functioning,Knee height,,Pointed Downward,,,,0.5,Timbermill_AHDriFT_2026_MC,,,,,,Bad angle
2011183,TO15_AD01_CamB_2026_D3_MC,TO15_AD01,-76.61639,36.15133,2026-06-18 00:00:00,2026-07-27 00:00:00,None,,None,,2181097,Browning Recon Force HP5,0,Camera Functioning,Knee height,,Pointed Downward,,,,0.5,Timbermill_AHDriFT_2026_MC,,,,,,
2011183,TE11_CT02_2026_D1,TE11-CT02,-76.58158,36.15638,2026-05-07 00:00:00,2026-06-02 00:00:00,None,,None,,2181096,Browning Defender Pro Scout Max Extreme HD,0,Camera Functioning,Knee height,,Parallel,,,,15,Timbermill_Camera_Traps_2026,,,,,,
2011183,RE06_CT01_2026_D1,RE06-CT01,-76.50385,36.14429,2026-07-14 00:00:00,2026-08-21 00:00:00,None,,None,,2181097,Browning Recon Force HP5,0,Camera Functioning,Knee height,,Parallel,,,,12,Timbermill_Camera_Traps_2026,,,,,,
2011183,RE01_CT10_2026_D1,RE01-CT10,-76.49390411,36.14631271,2026-05-06 00:00:00,2026-06-16 00:00:00,None,,None,,2181097,Browning Recon Force HP5,0,Camera Functioning,Knee height,,Parallel,,,,12,Timbermill_Camera_Traps_2026,,,,,,
2011183,IF02_CT01_2026_D1,IF02-CT01,-76.52563477,36.16399765,2026-05-06 00:00:00,2026-06-16 00:00:00,None,,None,,2181096,Browning Defender Pro Scout Max Extreme HD,0,Camera Functioning,Knee height,,Parallel,,,,12,Timbermill_Camera_Traps_2026,,,,,,
2011183,TE01_AD01_CamB_2026_D3_MC,TE01_AD01,-76.60043,36.14489,2026-06-17 00:00:00,2026-07-28 00:00:00,None,,None,,2188084,Reconyx Hyperfire PC500,0,Camera Functioning,Knee height,,Pointed Downward,,,,,Timbermill_AHDriFT_2026_MC,,,,,,
2011183,TO15_CT02_2026_D1,TO15-CT02,-76.61579,36.15107,2026-06-18 00:00:00,2026-07-27 00:00:00,None,,None,,2181096,Browning Defender Pro Scout Max Extreme HD,0,Camera Functioning,Knee height,,Parallel,,,,24,Timbermill_Camera_Traps_2026,,,,,,
2011183,TO10_AD01_CamB_2026_D2_MC,TO10_AD01,-76.60828,36.15252,2026-05-07 00:00:00,2026-06-18 00:00:00,None,,None,,2181097,Browning Recon Force HP5,0,Camera Functioning,Knee height,,Pointed Downward,,,,,Timbermill_AHDriFT_2026_MC,,,,,,
2011183,IF07_AD01_CamB_2026_D2_MC,IF07_AD01,-76.56274,36.14658,2026-05-13 00:00:00,2026-06-26 00:00:00,None,,None,,2181097,Browning Recon Force HP5,0,Camera Functioning,Knee height,,Pointed Downward,,,,0.5,Timbermill_AHDriFT_2026_MC,,,,,,
2011183,TO08_AD01_CamB_2026_D1_MC,TO08-AD01,-76.59965515,36.15628052,2026-04-02 00:00:00,2026-05-19 00:00:00,None,,None,,2181096,Browning Defender Pro Scout Max Extreme HD,0,Camera Functioning,Knee height,,Pointed Downward,,,,0.5,Timbermill_AHDriFT_2026_MC,,,,,,
2011183,TO10_AD01_CamA_2026_D2_MC,TO10_AD01,-76.60828,36.15252,2026-05-13 00:00:00,2026-06-18 00:00:00,None,,None,,2099588,Reconyx HC500 Hyperfire,0,Camera Functioning,Knee height,,Pointed Downward,,,,,Timbermill_AHDriFT_2026_MC,,,,,,
2011183,RE03_AD01_CamB_2026_D3_MC,RE03_AD01,-76.53149,36.1369,2026-05-06 00:00:00,2026-05-31 00:00:00,None,,None,,2181097,Browning Recon Force HP5,0,Unknown Failure,Knee height,,Pointed Downward,,,,0.5,Timbermill_AHDriFT_2026_MC,,,,,,
2011183,TE05_AD01_CamB_2026_D1_MC,TE05-AD01,-76.58969116,36.14929581,2026-04-02 00:00:00,2026-05-07 00:00:00,None,,None,,2181097,Browning Recon Force HP5,0,Camera Functioning,Knee height,,Pointed Downward,,,,0.5,Timbermill_AHDriFT_2026_MC,,,,,,"No timelapse
"
2011183,TE11_AD01_CamA_2026_D2_TL,TE11-AD01,-76.5831604,36.15631866,2026-05-07 00:00:00,2026-06-02 00:00:00,None,,None,,2181108,Reconyx Hyperfire HC500,0,Camera Functioning,Knee height,,Pointed Downward,,,,0.5,Timbermill_AHDriFT_2026_TL,,,,,,
2011183,TO05_AD01_Camb_2026_D4_MC,TO05-AD01,-76.5892868,36.14854813,2026-06-18 00:00:00,2026-07-10 00:00:00,None,,None,,2181097,Browning Recon Force HP5,0,Wildlife Damage,Knee height,,Pointed Downward,,,,,Timbermill_AHDriFT_2026_MC,,,,,,
2011183,RE04_CT04_2026_D2,RE04-CT04,-76.53545,36.14462,2026-06-17 00:00:00,2026-07-09 00:00:00,None,,None,,2181097,Browning Recon Force HP5,0,Camera Functioning,Knee height,,Parallel,,,,18,Timbermill_Camera_Traps_2026,,,,,,Date and time were initially wrong. Updated manually 
2011183,TE12_CT02_2026_D1,TE12-CT02,-76.59592,36.16511,2026-05-07 00:00:00,2026-06-02 00:00:00,None,,None,,2181096,Browning Defender Pro Scout Max Extreme HD,0,Camera Functioning,Knee height,,Parallel,,,,21,Timbermill_Camera_Traps_2026,,,,,,
2011183,TO14_AD01_CamA_2026_D4_MC,TO14_AD01,-76.58107,36.14517,2026-07-08 00:00:00,2026-07-30 00:00:00,None,,None,,2099588,Reconyx HC500 Hyperfire,0,Camera Functioning,Knee height,,Pointed Downward,,,,0.5,Timbermill_AHDriFT_2026_MC,,,,,,
2011183,IF01_CT03_2026_D1,IF01-CT03,-76.54702759,36.13045502,2026-03-28 00:00:00,2026-05-06 00:00:00,None,,None,,2181097,Browning Recon Force HP5,0,Camera Functioning,Knee height,,Parallel,,,,,Timbermill_Camera_Traps_2026,,,,,,No distance recorded
2011183,TE02_AD01_CamB_2026_D3_MC,TE02_AD01,-76.60591,36.1469,2026-05-19 00:00:00,2026-05-20 00:00:00,None,,None,,2181388,Browning Recon Force HP5 ,0,Wildlife Damage,Knee height,,Pointed Downward,,,,0.5,Timbermill_AHDriFT_2026_MC,,,,,,Camera flipped by a bear the day it was deployed. Internal times are wrong. Edited manually 
2011183,TE14_CT02_2026_D1,TE14-CT02,-76.58162,36.14475,2026-07-08 00:00:00,2026-08-21 00:00:00,None,,None,,2181096,Browning Defender Pro Scout Max Extreme HD,0,Camera Functioning,Knee height,,Parallel,,,,21,Timbermill_Camera_Traps_2026,,,,,,
2011183,TO06_AD01_CamA_2026_D4_MC,TO06-AD01,-76.58169556,36.1496048,2026-07-08 00:00:00,2026-07-30 00:00:00,None,,None,,2181388,Browning Recon Force HP5 ,0,Camera Functioning,Knee height,,Pointed Downward,,,,,Timbermill_AHDriFT_2026_MC,,,,,,Date and time are wrong. Most TL pics are blank
2011183,TE10_AD01_CamB_2026_D3_TL,TE10_AD01,-76.60902,36.15204,2026-06-18 00:00:00,2026-07-27 00:00:00,None,,None,,2188084,Reconyx Hyperfire PC500,0,Camera Functioning,Knee height,,Pointed Downward,,,,,Timbermill_AHDriFT_2026_TL,,,,,,
2011183,TO04_AD01_CamB_2026_D2_MC,TO04-AD01,-76.58500671,36.16300201,2026-05-07 00:00:00,2026-06-02 00:00:00,None,,None,,2181108,Reconyx Hyperfire HC500,0,Camera Functioning,Knee height,,Pointed Downward,,,,0.5,Timbermill_Disrupted_Deployments,Deployments that were removed from the main Timbermill project due to issues with sensor malfunctions or wildlife damage,,,,,Time is wrong. Can't fix without reference photos 
2011183,TO05_CT05_2026_D1,TO05-CT05,-76.5898,36.14922,2026-04-02 00:00:00,2026-05-07 00:00:00,None,,None,,2181097,Browning Recon Force HP5,0,Camera Functioning,Knee height,,Parallel,,,,0,Timbermill_Camera_Traps_2026,,,,,,No distance recorded
2011183,TE01_AD01_CamB_2026_D1_MC,TE01_AD01,-76.60043,36.14489,2026-04-10 00:00:00,2026-05-23 00:00:00,None,NA,None,NA,2181097,Browning Recon Force HP5,0,Camera Functioning,Knee height,NA,Pointed Downward,NA,,,0.5,Timbermill_AHDriFT_2026_MC,,,,,,No timelapse
2011183,TO03_AD01_CamA_2026_D1_MC,TO03-AD01,-76.59822083,36.14921951,2026-04-10 00:00:00,2026-05-19 00:00:00,None,,None,,2099588,Reconyx HC500 Hyperfire,0,Camera Functioning,Knee height,,Pointed Downward,,,,0.5,Timbermill_AHDriFT_2026_MC,,,,,,motion capture
2011183,TE16_AD01_CamB_2026_D1_MC,TE16-AD01,-76.59059906,36.16350937,2026-04-02 00:00:00,2026-05-07 00:00:00,None,,None,,2181096,Browning Defender Pro Scout Max Extreme HD,0,Camera Functioning,Knee height,,Pointed Downward,,,,0.5,Timbermill_AHDriFT_2026_MC,,,,,,No timelapse
2011183,TO01_AD01_CamB_2026_D3_MC,TO01-AD01,-76.60003662,36.14388657,2026-06-17 00:00:00,2026-07-27 00:00:00,None,,None,,2181097,Browning Recon Force HP5,0,Camera Functioning,Knee height,,Pointed Downward,,,,,Timbermill_AHDriFT_2026_MC,,,,,,
2011183,TO04_CT01_2026_D1,TO04-CT01,-76.58403,36.16372,2026-05-07 00:00:00,2026-06-02 00:00:00,None,,None,,2181096,Browning Defender Pro Scout Max Extreme HD,0,Unknown Failure,Knee height,,Parallel,,,,24,Timbermill_Camera_Traps_2026,,,,,,
2011183,IF02_AD01_CamB_2026_D2_MC,IF02_AD01,-76.52563,36.16337,2026-05-06 00:00:00,2026-06-16 00:00:00,None,,None,,2181388,Browning Recon Force HP5 ,0,Camera Functioning,Knee height,,Pointed Downward,,,,0.5,Timbermill_AHDriFT_2026_MC,,,,,,
2011183,TE14_CT03_2026_D1,TE14-CT03,-76.58188,36.14528,2026-05-23 00:00:00,2026-07-08 00:00:00,None,,None,,2181096,Browning Defender Pro Scout Max Extreme HD,0,Camera Functioning,Knee height,,Parallel,,,,18,Timbermill_Camera_Traps_2026,,,,,,
2011183,TO04_AD01_CamA_2026_D2_TL,TO04-AD01,-76.58500671,36.16300201,2026-05-07 00:00:00,2026-06-02 00:00:00,None,,None,,2099588,Reconyx HC500 Hyperfire,0,Camera Functioning,Knee height,,Pointed Downward,,,,0.5,Timbermill_AHDriFT_2026_TL,,,,,,
2011183,RE01_CT04_2026_D1,RE01-CT04,-76.49330902,36.14593124,2026-04-12 00:00:00,2026-05-06 00:00:00,None,,None,,2181097,Browning Recon Force HP5,0,Camera Functioning,Knee height,,Parallel,,,,0,Timbermill_Camera_Traps_2026,,,,,,No distance recorded
2011183,TE04_CT04_2026_D1,TE04-CT04,-76.58548,36.16298,2026-04-01 00:00:00,2026-05-07 00:00:00,None,,None,,2181097,Browning Recon Force HP5,0,Camera Functioning,Knee height,,Parallel,,,,,Timbermill_Camera_Traps_2026,,,,,,No distance recorded
2011183,TO07_AD01_CamA_2026_D3_TL,TO07-AD01,-76.58794403,36.13534927,2026-06-02 00:00:00,2026-07-30 00:00:00,None,,None,,2181387,Reconyx Hyperfire PC800,0,Camera Functioning,Knee height,,Pointed Downward,,,,0.5,Timbermill_AHDriFT_2026_TL,,,,,,
2011183,TE15_AD01_CamB_2026_D4_MC,TE15-AD01,-76.61750793,36.15167236,2026-06-18 00:00:00,2026-07-27 00:00:00,None,,None,,2181097,Browning Recon Force HP5,0,Camera Functioning,Knee height,,Pointed Downward,,,,,Timbermill_AHDriFT_2026_MC,,,,,,
2011183,TE15_AD01_CamA_2026_D3_TL,TE15_AD01,-76.61751,36.15167,2026-04-22 00:00:00,2026-06-18 00:00:00,None,,None,,2099588,Reconyx HC500 Hyperfire,0,Camera Functioning,Knee height,,Pointed Downward,,,,0.5,Timbermill_AHDriFT_2026_TL,,,,,,
2011183,RE06_AD01_CamB_2026_D1_MC,RE06_AD01,-76.50294,36.14434,2026-04-12 00:00:00,2026-05-06 00:00:00,None,NA,None,NA,2181097,Browning Recon Force HP5,0,Camera Functioning,Knee height,NA,Pointed Downward,NA,,,0.5,Timbermill_AHDriFT_2026_MC,,,,,,No timelapse
2011183,RE05_CT02_2026_D1,RE05-CT02,-76.51765,36.14217,2026-05-06 00:00:00,2026-06-06 00:00:00,None,,None,,2181108,Reconyx Hyperfire HC500,0,Camera Hardware Failure,Knee height,,Parallel,,,,6,Timbermill_Camera_Traps_2026,,,,,,
2011183,IF04_CT02_2026_D1,IF04-CT02,-76.51585388,36.16268539,2026-05-06 00:00:00,2026-06-01 00:00:00,None,,None,,2181096,Browning Defender Pro Scout Max Extreme HD,0,Camera Functioning,Knee height,,Parallel,,,,,Timbermill_Camera_Traps_2026,,,,,,
2011183,IF07_AD01_CamA_2026_D1_MC,IF07_AD01,-76.56274,36.14658,2026-03-27 00:00:00,2026-05-13 00:00:00,None,NA,None,NA,2181108,Reconyx Hyperfire HC500,0,Camera Functioning,Knee height,NA,Pointed Downward,NA,,,1,Timbermill_AHDriFT_2026_MC,,,,,,1-minute timelapse
2011183,TE10_AD01_CamB_2026_D2_MC,TE10_AD01,-76.60902,36.15204,2026-05-13 00:00:00,2026-06-18 00:00:00,None,,None,,2181388,Browning Recon Force HP5 ,0,Camera Functioning,Knee height,,Pointed Downward,,,,,Timbermill_AHDriFT_2026_MC,,,,,,
2011183,IF01_AD01_CamB_2026_D2_TL,IF01_AD01,-76.54704,36.13051,2026-05-06 00:00:00,2026-06-01 00:00:00,None,,None,,2181097,Browning Recon Force HP5,0,Camera Functioning,Knee height,,Pointed Downward,,,,0.5,Timbermill_AHDriFT_2026_TL,,,,,,
2011183,TE13_AD01_CamB_2026_D3_MC,TE13-AD01,-76.58250427,36.13572693,2026-06-17 00:00:00,2026-07-28 00:00:00,None,,None,,2181097,Browning Recon Force HP5,0,Camera Functioning,Knee height,,Pointed Downward,,,,,Timbermill_AHDriFT_2026_MC,,,,,,
2011183,RE08_AD01_CamB_2026_D2_MC,RE08_AD01,-76.49445,36.15331,2026-05-07 00:00:00,2026-06-25 00:00:00,None,,None,,2181388,Browning Recon Force HP5 ,0,Camera Functioning,Knee height,,Pointed Downward,,,,0.5,Timbermill_AHDriFT_2026_MC,,,,,,
2011183,RE03_AD01_CamB_2026_D3_TL,RE03_AD01,-76.53149,36.1369,2026-05-06 00:00:00,2026-05-31 00:00:00,None,,None,,2181388,Browning Recon Force HP5 ,0,Camera Hardware Failure,Knee height,,Pointed Downward,,,,0.5,Timbermill_AHDriFT_2026_TL,,,,,,
2011183,IF07_CT04_2026_D1,IF07-CT04,-76.5622406,36.14691162,2026-06-26 00:00:00,2026-07-31 00:00:00,None,,None,,2181097,Browning Recon Force HP5,0,Camera Functioning,Knee height,,Parallel,,,,15,Timbermill_Camera_Traps_2026,,,,,,
2011183,TE09_CT05_2026_D1,TE09-CT05,-76.59322,36.13624,2026-06-17 00:00:00,2026-07-30 00:00:00,None,,None,,2181097,Browning Recon Force HP5,0,Camera Functioning,Knee height,,Parallel,,,,12,Timbermill_Camera_Traps_2026,,,,,,
2011183,TE15_AD01_CamA_2026_D4_MC,TE15-AD01,-76.61750793,36.15167236,2026-06-18 00:00:00,2026-07-27 00:00:00,None,,None,,2188084,Reconyx Hyperfire PC500,0,Camera Functioning,Knee height,,Pointed Downward,,,,,Timbermill_AHDriFT_2026_MC,,,,,,
2011183,TE15_CT04_2026_D1,TE15-CT04,-76.61758,36.15118,2026-06-18 00:00:00,2026-07-27 00:00:00,None,,None,,2181096,Browning Defender Pro Scout Max Extreme HD,0,Camera Functioning,Knee height,,Parallel,,,,24,Timbermill_Camera_Traps_2026,,,,,,
2011183,TE02_AD01_CamA_2026_D1_MC,TE02_AD01,-76.60591,36.1469,2026-04-10 00:00:00,2026-05-02 00:00:00,None,NA,None,NA,2181387,Reconyx Hyperfire PC800,0,Camera Hardware Failure,Knee height,NA,Pointed Downward,NA,,,0.5,Timbermill_AHDriFT_2026_MC,,,,,,1-minute timelapse
2011183,RE01_AD01_CamA_2026_D2_TL,RE01_AD01,-76.49314,36.14607,2026-05-06 00:00:00,2026-06-16 00:00:00,None,,None,,2181388,Browning Recon Force HP5 ,0,Camera Functioning,Knee height,,Pointed Downward,,,,0.5,Timbermill_AHDriFT_2026_TL,,,,,,
2011183,TE03_AD01_CamA_2026_D3_MC,TE03-AD01,-76.59934235,36.14878082,2026-06-17 00:00:00,2026-07-28 00:00:00,None,,None,,2181097,Browning Recon Force HP5,0,Camera Functioning,Knee height,,Pointed Downward,,,,,Timbermill_AHDriFT_2026_MC,,,,,,
2011183,TE11_AD01_CamB_2026_D3_MC,TE11-AD01,-76.5831604,36.15631866,2026-06-02 00:00:00,2026-07-27 00:00:00,None,,None,,2181097,Browning Recon Force HP5,0,Camera Functioning,Knee height,,Pointed Downward,,,,0.5,Timbermill_AHDriFT_2026_MC,,,,,,
2011183,TE14_CT01_2026_D1,TE14_CT01,-76.58022,36.14467,2026-04-02 00:00:00,2026-05-23 00:00:00,None,NA,None,NA,2181097,Browning Recon Force HP5,0,Camera Functioning,Knee height,NA,Parallel,NA,,,,Timbermill_Camera_Traps_2026,,,,,,
2011183,IF06_CT04_2026_D1,IF06-CT04,-76.54521942,36.14646912,2026-06-26 00:00:00,2026-07-31 00:00:00,None,,None,,2181097,Browning Recon Force HP5,0,Camera Functioning,Knee height,,Parallel,,,,9,Timbermill_Camera_Traps_2026,,,,,,Date and time shifted six days ahead
2011183,TE16_AD01_CamA_2026_D3_MC,TE16-AD01,-76.59059906,36.16350937,2026-06-02 00:00:00,2026-07-27 00:00:00,None,,None,,2099588,Reconyx HC500 Hyperfire,0,Camera Functioning,Knee height,,Pointed Downward,,,,0.5,Timbermill_AHDriFT_2026_MC,,,,,,
2011183,IF09_AD01_CamB_2026_D3_MC,IF09_AD01,-76.53577,36.16352,2026-06-16 00:00:00,2026-07-27 00:00:00,None,,None,,2188084,Reconyx Hyperfire PC500,0,Camera Functioning,Knee height,,Pointed Downward,,,,,Timbermill_AHDriFT_2026_MC,,,,,,
2011183,TO07_CT02_2026_D1,TO07-CT02,-76.58755,36.13488,2026-04-01 00:00:00,2026-05-07 00:00:00,None,,None,,2181097,Browning Recon Force HP5,0,Camera Functioning,Knee height,,Parallel,,,,,Timbermill_Camera_Traps_2026,,,,,,No distances
2011183,TE06_AD01_CamB_2026_D1_MC,TE06-AD01,-76.58263397,36.1493454,2026-04-02 00:00:00,2026-05-07 00:00:00,None,,None,,2181388,Browning Recon Force HP5 ,0,Camera Functioning,Knee height,,Pointed Downward,,,,0.5,Timbermill_AHDriFT_2026_MC,,,,,,No timelapse
2011183,TE16_CT01_2026_D1,TE16-CT01,-76.58976,36.16396,2026-06-02 00:00:00,2026-07-27 00:00:00,None,,None,,2181096,Browning Defender Pro Scout Max Extreme HD,0,Camera Functioning,Knee height,,Parallel,,,,6,Timbermill_Camera_Traps_2026,,,,,,
2011183,TE03_AD01_CamA_2026_D2_MC,TE03_AD01,-76.59934,36.14878,2026-05-19 00:00:00,2026-06-17 00:00:00,None,,None,,2181097,Browning Recon Force HP5,0,Camera Functioning,Knee height,,Pointed Downward,,,,0.5,Timbermill_AHDriFT_2026_MC,,,,,,
2011183,TO14_CT05_2026_D1,TO14-CT05,-76.58131,36.14596,2026-07-08 00:00:00,2026-08-16 00:00:00,None,,None,,2181096,Browning Defender Pro Scout Max Extreme HD,0,Camera Hardware Failure,Knee height,,Parallel,,,,24,Timbermill_Camera_Traps_2026,,,,,,
2011183,TE09_AD01_CamA_2026_D2_MC,TE09_AD01,-76.59286,36.13631,2026-05-19 00:00:00,2026-06-17 00:00:00,None,,None,,2099588,Reconyx HC500 Hyperfire,25,Camera Functioning,Knee height,,Pointed Downward,,,,0.5,Timbermill_AHDriFT_2026_MC,,,,,,bad angle
2011183,RE04_AD01_CamB_2026_D2_MC,RE04_AD01,-76.53487,36.1441,2026-05-23 00:00:00,2026-06-17 00:00:00,None,,None,,2181097,Browning Recon Force HP5,0,Camera Functioning,Knee height,,Pointed Downward,,,,0.5,Timbermill_AHDriFT_2026_MC,,,,,,
2011183,RE06_AD01_CamA_2026_D2_MC,RE06_AD01,-76.50294,36.14434,2026-05-06 00:00:00,2026-06-25 00:00:00,None,,None,,2181097,Browning Recon Force HP5,0,Camera Functioning,Knee height,,Pointed Downward,,,,0.5,Timbermill_AHDriFT_2026_MC,,,,,,
2011183,TO03_AD01_CamA_2026_D3_MC,TO03-AD01,-76.59822083,36.14921951,2026-06-17 00:00:00,2026-07-28 00:00:00,None,,None,,2181097,Browning Recon Force HP5,0,Camera Functioning,Knee height,,Pointed Downward,,,,,Timbermill_AHDriFT_2026_MC,,,,,,
2011183,TO05_CT02_2026_D1,TO05-CT02,-76.58894,36.14835,2026-07-08 00:00:00,2026-07-28 00:00:00,None,,None,,2181097,Browning Recon Force HP5,0,Camera Functioning,Knee height,,Parallel,,,,24,Timbermill_Camera_Traps_2026,,,,,,
2011183,TE09_AD01_CamA_2026_D2_TL,TE09_AD01,-76.59286,36.13631,2026-05-19 00:00:00,2026-06-17 00:00:00,None,,None,,2099588,Reconyx HC500 Hyperfire,0,Camera Functioning,Knee height,,Pointed Downward,,,,0.5,Timbermill_AHDriFT_2026_TL,,,,,,bad angle
2011183,RE03_CT09_2026_D1,RE03-CT09,-76.53101,36.13735,2026-05-06 00:00:00,2026-06-01 00:00:00,None,,None,,2181097,Browning Recon Force HP5,0,Camera Functioning,Knee height,,Parallel,,,,9,Timbermill_Camera_Traps_2026,,,,,,
2011183,TE08_AD01_CamA_2026_D3_MC,TE08-AD01,-76.59858704,36.15674591,2026-06-02 00:00:00,2026-07-06 00:00:00,None,,None,,2188084,Reconyx Hyperfire PC500,0,Camera Hardware Failure,Knee height,,Pointed Downward,,,,,Timbermill_AHDriFT_2026_MC,,,,,,
2011183,RE06_CT07_2026_D1,RE06-CT07,-76.50293,36.14439,2026-04-12 00:00:00,2026-05-06 00:00:00,None,,None,,2181097,Browning Recon Force HP5,0,Camera Functioning,Knee height,,Parallel,,,,0,Timbermill_Camera_Traps_2026,,,,,,No distance recorded
2011183,RE08_CT02_2026_D2,RE08-CT02,-76.49467,36.1529,2026-06-25 00:00:00,2026-07-14 00:00:00,None,,None,,2181097,Browning Recon Force HP5,0,Camera Functioning,Knee height,,Parallel,,,,8,Timbermill_Camera_Traps_2026,,,,,,
2011183,IF01_CT04_2026_D1,IF01-CT04,-76.54702759,36.13008118,2026-06-01 00:00:00,2026-07-30 00:00:00,None,,None,,2181097,Browning Recon Force HP5,0,Camera Functioning,Knee height,,Parallel,,,,15,Timbermill_Camera_Traps_2026,,,,,,
2011183,TE13_AD01_CamA_2026_D3_MC,TE13-AD01,-76.58250427,36.13572693,2026-06-17 00:00:00,2026-07-30 00:00:00,None,,None,,2188084,Reconyx Hyperfire PC500,0,Camera Functioning,Knee height,,Pointed Downward,,,,,Timbermill_AHDriFT_2026_MC,,,,,,
2011183,TE05_CT03_2026_D1,TE05-CT03,-76.58912,36.14787,2026-04-02 00:00:00,2026-05-07 00:00:00,None,,None,,2181097,Browning Recon Force HP5,0,Camera Functioning,Knee height,,Parallel,,,,0,Timbermill_Camera_Traps_2026,,,,,,No distance recorded
2011183,RE09_AD01_CamB_2026_D2_TL,RE09_AD01,-76.52644,36.17043,2026-05-06 00:00:00,2026-06-16 00:00:00,None,,None,,2181388,Browning Recon Force HP5 ,0,Camera Functioning,Knee height,,Pointed Downward,,,,0.5,Timbermill_AHDriFT_2026_TL,,,,,,
2011183,TE07_CT04_2026_D1,TE07-CT04,-76.58881,36.13491,2026-07-08 00:00:00,2026-08-21 00:00:00,None,,None,,2181096,Browning Defender Pro Scout Max Extreme HD,0,Camera Functioning,Knee height,,Parallel,,,,9,Timbermill_Camera_Traps_2026,,,,,,Date and time added manually
2011183,TE08_CT01_2026_D1,TE08-CT01,-76.59914,36.15696,2026-07-09 00:00:00,2026-08-21 00:00:00,None,,None,,2181096,Browning Defender Pro Scout Max Extreme HD,0,Camera Functioning,Knee height,,Parallel,,,,18,Timbermill_Camera_Traps_2026,,,,,,
2011183,RE04_CT04_2026_D1,RE04-CT04,-76.53545,36.14462,2026-05-23 00:00:00,2026-06-12 00:00:00,None,,None,,2181096,Browning Defender Pro Scout Max Extreme HD,0,Camera Hardware Failure,Knee height,,Parallel,,,,18,Timbermill_Camera_Traps_2026,,,,,,
2011183,RE03_CT04_2026_D1,RE03-CT04,-76.53114,36.13708,2026-03-28 00:00:00,2026-05-06 00:00:00,None,,None,,2181097,Browning Recon Force HP5,0,Camera Functioning,Chest height,,Parallel,,,,,Timbermill_Camera_Traps_2026,,,,,,No distance recorded
2011183,RE04_AD01_CamA_2026_D2_MC,RE04_AD01,-76.53487,36.1441,2026-05-23 00:00:00,2026-06-17 00:00:00,None,,None,,2099588,Reconyx HC500 Hyperfire,0,Camera Functioning,Knee height,,Pointed Downward,,,,0.5,Timbermill_AHDriFT_2026_MC,,,,,,
2011183,RE07_AD01_CamA_2026_D2_MC,RE07_AD01,-76.4939,36.14101,2026-05-06 00:00:00,2026-06-16 00:00:00,None,,None,,2181388,Browning Recon Force HP5 ,0,Camera Functioning,Knee height,,Pointed Downward,,,,0.5,Timbermill_AHDriFT_2026_MC,,,,,,
2011183,TE15_AD01_CamA_2026_D3_MC,TE15_AD01,-76.61751,36.15167,2026-05-19 00:00:00,2026-06-18 00:00:00,None,,None,,2099588,Reconyx HC500 Hyperfire,0,Camera Functioning,Knee height,,Pointed Downward,,,,0.5,Timbermill_AHDriFT_2026_MC,,,,,,
2011183,TE11_AD01_CamA_2026_D2_MC,TE11-AD01,-76.5831604,36.15631866,2026-05-07 00:00:00,2026-06-02 00:00:00,None,,None,,2181108,Reconyx Hyperfire HC500,0,Camera Functioning,Knee height,,Pointed Downward,,,,0.5,Timbermill_AHDriFT_2026_MC,,,,,,
2011183,TE08_CT04_2026_D1,TE08-CT04,-76.59951,36.15541,2026-05-23 00:00:00,2026-07-09 00:00:00,None,,None,,2181096,Browning Defender Pro Scout Max Extreme HD,0,Camera Functioning,Knee height,,Parallel,,,,15,Timbermill_Camera_Traps_2026,,,,,,
2011183,IF06_CT03_2026_D1,IF03-CT03,-76.57097626,36.14273834,2026-03-27 00:00:00,2026-05-13 00:00:00,None,,None,,2181045,MM251,0,Camera Functioning,Knee height,,Parallel,,,,12,Timbermill_Camera_Traps_2026,,,,,,Check distance
2011183,RE01_AD01_CamB_2026_D3_MC,RE01_AD01,-76.49314,36.14607,2026-06-16 00:00:00,2026-06-26 00:00:00,None,,None,,2181097,Browning Recon Force HP5,0,Camera Functioning,Knee height,,Pointed Downward,,,,0.5,Timbermill_AHDriFT_2026_MC,,,,,,No time-lapse
2011183,RE05_AD01_CamA_2026_D3_TL,RE05_AD01,-76.51705,36.14177,2026-06-25 00:00:00,2026-07-14 00:00:00,None,,None,,2099588,Reconyx HC500 Hyperfire,0,Camera Functioning,Knee height,,Pointed Downward,,,,0.5,Timbermill_AHDriFT_2026_TL,,,,,,
2011183,IF07_CT02_2026_D1,IF07-CT02,-76.56305695,36.14636993,2026-05-13 00:00:00,2026-06-26 00:00:00,None,,None,,2181097,Browning Recon Force HP5,0,Camera Functioning,Knee height,,Pointed Downward,,,,6,,,,,,,
2011183,RE04_AD01_2026_D1_CamA_MC,RE04_AD01,-76.53487,36.1441,2026-04-02 00:00:00,2026-04-14 00:00:00,None,NA,None,NA,2181387,Reconyx Hyperfire PC800,0,Camera Hardware Failure,Knee height,NA,Pointed Downward,NA,,,0.5,Timbermill_AHDriFT_2026_MC,,,,,,1-minute timlapse
2011183,RE09_AD01_CamA_2026_D1_MC,RE09_AD01,-76.52644,36.17043,2026-04-08 00:00:00,2026-05-05 00:00:00,None,NA,None,NA,2181387,Reconyx Hyperfire PC800,0,Camera Hardware Failure,Knee height,NA,Pointed Downward,NA,,,0.5,Timbermill_AHDriFT_2026_MC,,,,,,1-minute timeelapse
2011183,TO01_AD01_CamB_2026_D2_TL,TO01_AD01,-76.60004,36.14389,2026-05-23 00:00:00,2026-06-17 00:00:00,None,,None,,2071733,reconyx HC500,0,Camera Functioning,Knee height,,Pointed Downward,,,,0.5,Timbermill_AHDriFT_2026_TL,,,,,,
2011183,TO10_AD01_CamA_2026_D1_TL,TO10_AD01,-76.60828,36.15252,2026-04-10 00:00:00,2026-05-13 00:00:00,None,,None,,2099588,Reconyx HC500 Hyperfire,0,Camera Functioning,Knee height,,Pointed Downward,,,,0.5,Timbermill_AHDriFT_2026_TL,,,,,,1-minute timelapse
2011183,TE07_CT02_2026_D2,TE07-CT02,-76.58729,36.13593,2026-06-17 00:00:00,2026-07-09 00:00:00,None,,None,,2181097,Browning Recon Force HP5,0,Camera Functioning,Knee height,,Parallel,,,,11,Timbermill_Camera_Traps_2026,,,,,,
2011183,TO09_AD01_CamB_2026_D3_MC,TO09_AD01,-76.59293,36.13536,2026-06-18 00:00:00,2026-07-14 00:00:00,None,,None,,2181097,Browning Recon Force HP5,0,Camera Functioning,Knee height,,Pointed Downward,,,,0.5,Timbermill_AHDriFT_2026_MC,,,,,,
2011183,RE05_CT09_2026_D1,RE05-CT09,-76.51646,36.14137,2026-05-06 00:00:00,2026-06-25 00:00:00,None,,None,,2181097,Browning Recon Force HP5,0,Camera Functioning,Knee height,,Parallel,,,,6,Timbermill_Camera_Traps_2026,,,,,,
2011183,RE08_CT08_2026_D1,RE08-CT08,-76.49464,36.1533,2026-04-12 00:00:00,2026-05-06 00:00:00,None,,None,,2181097,Browning Recon Force HP5,0,Camera Functioning,Knee height,,Parallel,,,,0,Timbermill_Camera_Traps_2026,,,,,,No distance recorded
2011183,IF09_AD01_CamB_2026_D2_TL,IF09_AD01,-76.53577,36.16352,2026-05-06 00:00:00,2026-06-16 00:00:00,None,,None,,2181388,Browning Recon Force HP5 ,0,Camera Functioning,Knee height,,Pointed Downward,,,,0.5,Timbermill_AHDriFT_2026_TL,,,,,,
2011183,IF02_AD01_CamB_2026_D3_MC,IF02_AD01,-76.52563,36.16337,2026-06-16 00:00:00,2026-07-27 00:00:00,None,,None,,2181097,Browning Recon Force HP5,0,Camera Functioning,Knee height,,Pointed Downward,,,,,Timbermill_AHDriFT_2026_MC,,,,,,
2011183,TO16_CT02_2026_D1,TO16-CT02,-76.58953,36.16386,2026-06-02 00:00:00,2026-07-27 00:00:00,None,,None,,2181096,Browning Defender Pro Scout Max Extreme HD,0,Camera Functioning,Knee height,,Parallel,,,,24,Timbermill_Camera_Traps_2026,,,,,,
2011183,RE04_CT03_2026_D1,RE04_CT03,-76.53502,36.14429,2026-04-02 00:00:00,2026-05-23 00:00:00,None,NA,None,NA,2181097,Browning Recon Force HP5,0,Camera Functioning,Knee height,NA,Parallel,NA,,,,Timbermill_Camera_Traps_2026,,,,,,
2011183,IF01_AD01_CamA_2026_D3_TL,IF01-AD01,-76.54703522,36.13051224,2026-06-01 00:00:00,2026-07-28 00:00:00,None,,None,,2188084,Reconyx Hyperfire PC500,0,Camera Functioning,Knee height,,Pointed Downward,,,,,Timbermill_AHDriFT_2026_TL,,,,,,
2011183,RE05_CT08_2026_D1,RE05-CT08,-76.51685,36.14169,2026-04-08 00:00:00,2026-05-06 00:00:00,None,,None,,2181097,Browning Recon Force HP5,0,Camera Functioning,Knee height,,Parallel,,,,0,Timbermill_Camera_Traps_2026,,,,,,No distances
2011183,To14_AD01_CamB_2026_D4_MC,TO14_AD01,-76.58107,36.14517,2026-07-08 00:00:00,2026-07-30 00:00:00,None,,None,,2181097,Browning Recon Force HP5,0,Camera Functioning,Knee height,,Pointed Downward,,,,0.5,Timbermill_AHDriFT_2026_MC,,,,,,
2011183,IF03_AD01_CamA_2026_D3_TL,IF03_AD01,-76.57095,36.14274,2026-05-13 00:00:00,2026-06-26 00:00:00,None,,None,,2181097,Browning Recon Force HP5,0,Camera Functioning,Knee height,,Pointed Downward,,,,0.5,Timbermill_Disrupted_Deployments,Deployments that were removed from the main Timbermill project due to issues with sensor malfunctions or wildlife damage,,,,,Date and time are wrong. I'm having trouble fixing it in WI. No easy way to fix this in WI. Doesn't take good pictures at night
2011183,IF04_CT04_2026_D1,IF04-CT04,-76.51596069,36.16169357,2026-06-01 00:00:00,2026-07-27 00:00:00,None,,None,,2181096,Browning Defender Pro Scout Max Extreme HD,0,Camera Functioning,Knee height,,Parallel,,,,12,Timbermill_Camera_Traps_2026,,,,,,
2011183,TO01_AD01_CamB_2026_D1_MC,TO01_AD01,-76.60004,36.14389,2026-04-10 00:00:00,2026-05-23 00:00:00,None,NA,None,NA,2181392,Reconyx PC900,0,Camera Functioning,Knee height,NA,Pointed Downward,NA,,,0.5,Timbermill_AHDriFT_2026_MC,,,,,,NO timelapse
2011183,RE06_AD01_CamB_2026_D3_MC,RE06_AD01,-76.50294,36.14434,2026-06-25 00:00:00,2026-07-30 00:00:00,None,,None,,2181097,Browning Recon Force HP5,0,Camera Functioning,Knee height,,Pointed Downward,,,,0.5,Timbermill_AHDriFT_2026_MC,,,,,,"Date and time wrong
"
2011183,IF08_AD01_CamA_2026_D4_MC,IF08-AD01,-76.56243134,36.13166428,2026-07-08 00:00:00,2026-07-22 00:00:00,None,,None,,2188084,Reconyx Hyperfire PC500,0,Camera Hardware Failure,Knee height,,Pointed Downward,,,,,Timbermill_AHDriFT_2026_MC,,,,,,
2011183,TO09_AD01_CamA_2026_D2_MC,TO09_AD01,-76.59293,36.13536,2026-05-19 00:00:00,2026-06-17 00:00:00,None,,None,,2099588,Reconyx HC500 Hyperfire,0,Camera Functioning,Knee height,,Pointed Downward,,,,,Timbermill_AHDriFT_2026_MC,,,,,,
2011183,RE02_AD01_CamB_2026_D2_MC,RE02-AD01,-76.52989197,36.14846802,2026-05-06 00:00:00,2026-06-01 00:00:00,None,,None,,2181097,Browning Recon Force HP5,3,Camera Functioning,Knee height,,Pointed Downward,,,,,Timbermill_AHDriFT_2026_MC,,,,,,
2011183,TE04_AD01_CamA_2026_D3_MC,TE04-AD01,-76.58351898,36.16321564,2026-06-02 00:00:00,2026-07-15 00:00:00,None,,None,,2099588,Reconyx HC500 Hyperfire,0,Camera Hardware Failure,Knee height,,Pointed Downward,,,,0.5,Timbermill_AHDriFT_2026_MC,,,,,,date one day off
2011183,TE02_AD01_CamB_2026_D4_MC,TE02-AD01,-76.60591125,36.14690399,2026-06-18 00:00:00,2026-07-28 00:00:00,None,,None,,2181097,Browning Recon Force HP5,0,Camera Functioning,Knee height,,Pointed Downward,,,,,Timbermill_AHDriFT_2026_MC,,,,,,
2011183,TE08_CT05_2026_D1,TE08_CT05,-76.60027,36.15618,2026-04-02 00:00:00,2026-05-23 00:00:00,None,NA,None,NA,2181388,Browning Recon Force HP5 ,0,Camera Functioning,Knee height,NA,Parallel,NA,,,,Timbermill_Camera_Traps_2026,,,,,,
2011183,TO10_AD01_CamA_2026_D2_TL,TO10_AD01,-76.60828,36.15252,2026-05-13 00:00:00,2026-06-18 00:00:00,None,,None,,2099588,Reconyx HC500 Hyperfire,0,Camera Functioning,Knee height,,Pointed Downward,,,,0.5,Timbermill_AHDriFT_2026_TL,,,,,,
2011183,TE04_AD01_CamA_2026_D1_MC,TE04-AD01,-76.58351898,36.16321564,2026-04-01 00:00:00,2026-05-07 00:00:00,None,,None,,2099588,Reconyx HC500 Hyperfire,0,Camera Functioning,Knee height,,Pointed Downward,,,,0.5,Timbermill_AHDriFT_2026_MC,,,,,,No timelapse
2011183,TE11_CT05_2026_D1,TE11-CT05,-76.583,36.15746,2026-06-02 00:00:00,2026-07-27 00:00:00,None,,None,,2181096,Browning Defender Pro Scout Max Extreme HD,0,Camera Functioning,Knee height,,Parallel,,,,15,Timbermill_Camera_Traps_2026,,,,,,
2011183,RE09_CT06_22026_D2,RE09-CT06,-76.52556,36.17019,2026-06-25 00:00:00,2026-07-14 00:00:00,None,,None,,2181097,Browning Recon Force HP5,0,Camera Functioning,Knee height,,Parallel,,,,9,Timbermill_Camera_Traps_2026,,,,,,
2011183,TO07_AD01_CamA_2026_D3_MC,TO07-AD01,-76.58794403,36.13534927,2026-06-02 00:00:00,2026-07-30 00:00:00,None,,None,,2181387,Reconyx Hyperfire PC800,0,Camera Functioning,Knee height,,Pointed Downward,,,,0.5,Timbermill_AHDriFT_2026_MC,,,,,,
2011183,TO06_AD01_CamB_2026_D2_MC,TO06-AD01,-76.58169556,36.1496048,2026-05-07 00:00:00,2026-06-01 00:00:00,None,,None,,2181097,Browning Recon Force HP5,0,Camera Functioning,Knee height,,Pointed Downward,,,,0.5,Timbermill_AHDriFT_2026_MC,,,,,,
2011183,IF01_CT02_2026_D1,IF01-CT02,-76.54718018,36.13085175,2026-05-06 00:00:00,2026-06-01 00:00:00,None,,None,,2181097,Browning Recon Force HP5,0,Camera Functioning,Knee height,,Parallel,,,,9,Timbermill_Camera_Traps_2026,,,,,,
2011183,RE08_AD01_CamA_2026_D3_MC,RE08-AD01,-76.49445343,36.15330505,2026-06-25 00:00:00,2026-07-23 00:00:00,None,,None,,2181097,Browning Recon Force HP5,0,Camera Hardware Failure,Knee height,,Pointed Downward,,,,,Timbermill_AHDriFT_2026_MC,,,,,,
2011183,IF03_AD01_CamB_2026_D2_MC,IF03_AD01,-76.57095,36.14274,2026-04-22 00:00:00,2026-05-13 00:00:00,None,NA,None,NA,2181097,Browning Recon Force HP5,0,Camera Functioning,Knee height,NA,Pointed Downward,NA,,,,Timbermill_AHDriFT_2026_MC,,,,,,
2011183,TE10_AD01_CamB_2026_D3_MC,TE10_AD01,-76.60902,36.15204,2026-06-18 00:00:00,2026-07-27 00:00:00,None,,None,,2188084,Reconyx Hyperfire PC500,0,Camera Functioning,Knee height,,Pointed Downward,,,,,Timbermill_AHDriFT_2026_MC,,,,,,
2011183,RE09_AD01_CamB_2026_D2_MC,RE07_AD01,-76.4939,36.14101,2026-05-06 00:00:00,2026-06-16 00:00:00,None,,None,,2181097,Browning Recon Force HP5,0,Camera Functioning,Knee height,,Pointed Downward,,,,0.5,Timbermill_AHDriFT_2026_MC,,,,,,
2011183,TO08_AD01_CamA_2026_D4_MC,TO08_AD01,-76.59966,36.15628,2026-07-14 00:00:00,2026-07-30 00:00:00,None,,None,,2181387,Reconyx Hyperfire PC800,0,Camera Functioning,Knee height,,Pointed Downward,,,,0.5,Timbermill_AHDriFT_2026_MC,,,,,,
2011183,IF04_AD01_CamB_2026_D2_MC,IF04_AD01,-76.51594,36.16201,2026-05-06 00:00:00,2026-06-01 00:00:00,None,,None,,2181097,Browning Recon Force HP5,0,Camera Functioning,Knee height,,Pointed Downward,,,,0.5,Timbermill_AHDriFT_2026_MC,,,,,,
2011183,TE05_AD01_CamB_2026_D2_MC,TE05-AD01,-76.58969116,36.14929581,2026-05-07 00:00:00,2026-06-02 00:00:00,None,,None,,2181097,Browning Recon Force HP5,0,Unknown Failure,Knee height,,Pointed Downward,,,,0.5,Timbermill_AHDriFT_2026_MC,,,,,,
2011183,IF09_CT03_2026_D1,IF09-CT03,-76.5358429,36.16351318,2026-04-08 00:00:00,2026-05-06 00:00:00,None,,None,,2181096,Browning Defender Pro Scout Max Extreme HD,0,Camera Functioning,Knee height,,Parallel,,,,0,Timbermill_Camera_Traps_2026,,,,,,Needs distances
2011183,RE05_AD01_CamA_2026_D2_MC,RE05_AD01,-76.51705,36.14177,2026-05-23 00:00:00,2026-06-17 00:00:00,None,,None,,2181108,Reconyx Hyperfire HC500,0,Camera Functioning,Knee height,,Pointed Downward,,,,0.5,Timbermill_AHDriFT_2026_MC,,,,,,
2011183,TE10_CT04_2026_D1,TE10_CT04,-76.60911,36.15209,2026-05-13 00:00:00,2026-06-18 00:00:00,None,NA,None,NA,2181393,Browning Strike Force Pro,0,Camera Functioning,Knee height,NA,Parallel,NA,,,,Timbermill_Camera_Traps_2026,,,,,,
2011183,TE02_CT03_2026_D1,TE02-CT04,-76.60662,36.14715,2026-04-10 00:00:00,2026-05-19 00:00:00,None,,None,,2181096,Browning Defender Pro Scout Max Extreme HD,0,Camera Functioning,Knee height,,Parallel,,,,0,Timbermill_Camera_Traps_2026,,,,,,No distances
2011183,IF06_AD01_CamB_2026_D2_MC,IF06_AD01,-76.54578,36.14648,2026-05-13 00:00:00,2026-06-26 00:00:00,None,,None,,2181097,Browning Recon Force HP5,0,Camera Functioning,Knee height,,Pointed Downward,,,,0.5,Timbermill_AHDriFT_2026_MC,,,,,,Dates and times wrong. Fixed manually based on CT02 deployment times
2011183,RE09_CT03_2026_D1,RE09-CT03,-76.52655,36.17059,2026-04-08 00:00:00,2026-05-06 00:00:00,None,,None,,2181097,Browning Recon Force HP5,0,Camera Functioning,Knee height,,Parallel,,,,,Timbermill_Camera_Traps_2026,,,,,,No distance recorded
2011183,TO11_CT05_2026_D1,TO11-CT05,-76.58327,36.15685,2026-04-01 00:00:00,2026-05-07 00:00:00,None,,None,,2181097,Browning Recon Force HP5,0,Camera Functioning,Knee height,,Parallel,,,,0,Timbermill_Camera_Traps_2026,,,,,,No distances
2011183,TE15_AD01_CamB_2026_D3_MC,TE15_AD01,-76.61751,36.15167,2026-05-19 00:00:00,2026-06-18 00:00:00,None,,None,,2181388,Browning Recon Force HP5 ,0,Wildlife Damage,Knee height,,Pointed Downward,,,,0.5,Timbermill_AHDriFT_2026_MC,,,,,,Flipped by bear on 2026-05-28
2011183,TO08_AD01_CamB_2026_D2_MC,TO08_AD01,-76.59966,36.15628,2026-05-19 00:00:00,2026-06-18 00:00:00,None,,None,,2181097,Browning Recon Force HP5,0,Camera Functioning,Knee height,,Pointed Downward,,,,0.5,Timbermill_AHDriFT_2026_MC,,,,,,
2011183,TO07_CT01_2026_D1,TO07-CT01,-76.58729,36.13577,2026-07-09 00:00:00,2026-08-21 00:00:00,None,,None,,2181096,Browning Defender Pro Scout Max Extreme HD,0,Camera Functioning,Knee height,,Parallel,,,,24,Timbermill_Camera_Traps_2026,,,,,,
2011183,TO01_AD01_CamB_2026_D2_MC,TO01_AD01,-76.60004,36.14389,2026-05-23 00:00:00,2026-06-17 00:00:00,None,,None,,2181388,Browning Recon Force HP5 ,0,Camera Functioning,Knee height,,Pointed Downward,,,,,Timbermill_AHDriFT_2026_MC,,,,,,
2011183,TE01_CT03_2026_D1,TE01-CT03,-76.60126,36.14441,2026-06-17 00:00:00,2026-07-28 00:00:00,None,,None,,2181097,Browning Recon Force HP5,0,Camera Functioning,Knee height,,Parallel,,,,9,Timbermill_Camera_Traps_2026,,,,,,Date and time wrong
2011183,TE05_AD01_CamB_2026_D3_MC,TE05-AD01,-76.58969116,36.14929581,2026-06-02 00:00:00,2026-07-08 00:00:00,None,,None,,2181097,Browning Recon Force HP5,0,Camera Functioning,Knee height,,Pointed Downward,,,,0.5,Timbermill_AHDriFT_2026_MC,,,,,,
2011183,IF04_CT03_2026_D1,IF04-CT03,-76.51590729,36.1621666,2026-04-08 00:00:00,2026-05-06 00:00:00,None,,None,,2181096,Browning Defender Pro Scout Max Extreme HD,0,Camera Functioning,Knee height,,Parallel,,,,12,Timbermill_Camera_Traps_2026,,,,,,
2011183,TO05_AD01_CamA_2026_D2_MC,TO05-AD01,-76.5892868,36.14854813,2026-05-07 00:00:00,2026-06-02 00:00:00,None,,None,,2181097,Browning Recon Force HP5,0,Camera Functioning,Knee height,,Pointed Downward,,,,0.5,Timbermill_AHDriFT_2026_MC,,,,,,
2011183,TO14_AD01_CamA_2026_D3_TL,TO14_AD01,-76.58107,36.14517,2026-05-23 00:00:00,2026-07-08 00:00:00,None,,None,,2181108,Reconyx Hyperfire HC500,0,Camera Functioning,Knee height,,Pointed Downward,,,,2,Timbermill_AHDriFT_2026_TL,,,,,,
2011183,IF09_AD01_CamB_2026_D1_MC,IF09_AD01,-76.53577,36.16352,2026-04-08 00:00:00,2026-05-06 00:00:00,None,NA,None,NA,2181388,Browning Recon Force HP5 ,0,Camera Functioning,Knee height,NA,Pointed Downward,NA,,,0.5,Timbermill_AHDriFT_2026_MC,,,,,,no timelapse
2011183,TO01_CT03_2026_D1,TO01_CT03,-76.60078,36.14469,2026-05-23 00:00:00,2026-06-17 00:00:00,None,NA,None,NA,2181097,Browning Recon Force HP5,0,Camera Functioning,Knee height,NA,Parallel,NA,,,15,Timbermill_Camera_Traps_2026,,,,,,Pictures were originally uploaded to the wrong deployment. All photos with detections were downloaded and reuploaded to the correct deployment
2011183,TO15_AD01_CamB_2026_D3_TL,TO15-AD01,-76.61639404,36.15133286,2026-06-18 00:00:00,2026-07-27 00:00:00,None,,None,,2181097,Browning Recon Force HP5,0,Camera Functioning,Knee height,,Pointed Downward,,,,0.5,Timbermill_AHDriFT_2026_TL,,,,,,
2011183,TE04_AD01_CamA_2026_D2_MC,TE04-AD01,-76.58351898,36.16321564,2026-05-07 00:00:00,2026-06-02 00:00:00,None,,None,,2181108,Reconyx Hyperfire HC500,0,Camera Functioning,Knee height,,Pointed Downward,,,,0.5,Timbermill_AHDriFT_2026_MC,,,,,,Time and name initially wrong. Edited in WI
2011183,RE01_AD01_CamA_2026_D1_MC,RE01_AD01,-76.49314,36.14607,2026-04-12 00:00:00,2026-05-05 00:00:00,None,NA,None,NA,2181097,Browning Recon Force HP5,0,Camera Hardware Failure,Knee height,NA,Pointed Downward,NA,,,,Timbermill_AHDriFT_2026_MC,,,,,,1-minute timelapse
2011183,TO04_CT02_2026_D2,TO04-CT02,-76.58367,36.16335,2026-06-02 00:00:00,2026-06-25 00:00:00,None,,None,,2181096,Browning Defender Pro Scout Max Extreme HD,0,Camera Functioning,Knee height,,Parallel,,,,25,Timbermill_Camera_Traps_2026,,,,,,
2011183,TE11_AD01_CamB_2026_D1_MC,TE11-AD01,-76.5831604,36.15631866,2026-04-01 00:00:00,2026-05-07 00:00:00,None,,None,,2181096,Browning Defender Pro Scout Max Extreme HD,0,Camera Functioning,Knee height,,Pointed Downward,,,,0.5,Timbermill_AHDriFT_2026_MC,,,,,,No timelapse
2011183,TO16_CT05_2026_D1,TO16-CT05,-76.5901,36.16379,2026-05-07 00:00:00,2026-06-02 00:00:00,None,,None,,2181096,Browning Defender Pro Scout Max Extreme HD,0,Camera Functioning,Knee height,,Parallel,,,,18,Timbermill_Camera_Traps_2026,,,,,,
2011183,TO10_AD01_CamB_2026_D3_MC,TE12-AD01,-76.5975647,36.16421127,2026-06-18 00:00:00,2026-07-27 00:00:00,None,,None,,2188084,Reconyx Hyperfire PC500,0,Camera Functioning,Knee height,,Pointed Downward,,,,,Timbermill_AHDriFT_2026_MC,,,,,,
2011183,TO06_AD01_CamA_2026_D2_MC,TO06-AD01,-76.58169556,36.1496048,2026-05-07 00:00:00,2026-05-16 00:00:00,None,,None,,2099588,Reconyx HC500 Hyperfire,0,Unknown Failure,Knee height,,Pointed Downward,,,,0.5,Timbermill_AHDriFT_2026_MC,,,,,,
2011183,RE08_CT09_2026_D1,RE08-CT09,-76.49471,36.15351,2026-05-06 00:00:00,2026-06-03 00:00:00,None,,None,,2181097,Browning Recon Force HP5,0,Camera Functioning,Knee height,,Parallel,,,,9,Timbermill_Camera_Traps_2026,,,,,,
2011183,RE07_AD01_CamB_2026_D2_MC,RE07_AD01,-76.4939,36.14101,2026-05-06 00:00:00,2026-06-16 00:00:00,None,,None,,2181388,Browning Recon Force HP5 ,0,Camera Functioning,Knee height,,Pointed Downward,,,,0.5,Timbermill_AHDriFT_2026_MC,,,,,,
2011183,TE05_CT02_2026_D2,TE05_CT02,-76.58858,36.14869,2026-06-02 00:00:00,2026-07-08 00:00:00,None,,None,,2181097,Browning Recon Force HP5,0,Camera Functioning,Knee height,,Parallel,,,,18,Timbermill_Camera_Traps_2026,,,,,,
2011183,TO11_AD01_CamA_2026_D2_MC,TO11-AD01,-76.58255768,36.15662384,2026-05-07 00:00:00,2026-06-02 00:00:00,None,,None,,2181108,Reconyx Hyperfire HC500,0,Camera Functioning,Knee height,,Pointed Downward,,,,0.5,Timbermill_AHDriFT_2026_MC,,,,,,
2011183,IF03_CT04_2026_D1,IF03-CT04,-76.57096863,36.14228439,2026-06-26 00:00:00,2026-07-31 00:00:00,None,,None,,2181097,Browning Recon Force HP5,0,Camera Functioning,Knee height,,Parallel,,,,7,Timbermill_Camera_Traps_2026,,,,,,
2011183,RE01_CT05_2026_D1,RE01-CT05,-76.4929657,36.14611053,2026-06-16 00:00:00,2026-07-30 00:00:00,None,,None,,2181097,Browning Recon Force HP5,0,Camera Functioning,Knee height,,Parallel,,,,9,Timbermill_Camera_Traps_2026,,,,,,
2011183,TO09_AD01_CamB_2026_D2_TL,TO09_AD01,-76.59293,36.13536,2026-05-23 00:00:00,2026-06-17 00:00:00,None,,None,,2181388,Browning Recon Force HP5 ,0,Camera Functioning,Knee height,,Pointed Downward,,,,0.5,Timbermill_AHDriFT_2026_TL,,,,,,
2011183,RE05_AD01_CamB_2026_D2_MC,RE05_AD01,-76.51705,36.14177,2026-05-23 00:00:00,2026-06-17 00:00:00,None,,None,,2181388,Browning Recon Force HP5 ,0,Camera Functioning,Knee height,,Pointed Downward,,,,,Timbermill_AHDriFT_2026_MC,,,,,,
2011183,TO12_CT02_2026_D1,TO12-CT02,-76.59637,36.16532,2026-06-02 00:00:00,2026-07-27 00:00:00,None,,None,,2181096,Browning Defender Pro Scout Max Extreme HD,0,Camera Functioning,Knee height,,Parallel,,,,20,Timbermill_Camera_Traps_2026,,,,,,
2011183,IF05_AD01_CamA_2026_D2_TL,IF05_AD01,-76.51158,36.15394,2026-05-06 00:00:00,2026-06-25 00:00:00,None,,None,,2181388,Browning Recon Force HP5 ,0,Camera Functioning,Knee height,,Pointed Downward,,,,0.5,Timbermill_AHDriFT_2026_TL,,,,,,
2011183,TO06_AD01_CamB_2026_D3_TL,TO06-AD01,-76.58169556,36.1496048,2026-06-01 00:00:00,2026-06-22 00:00:00,None,,None,,2181097,Browning Recon Force HP5,0,Camera Hardware Failure,Knee height,,Pointed Downward,,,,0.5,Timbermill_AHDriFT_2026_TL,,,,,,
2011183,RE08_AD01_CamB_2026_D3_MC,RE08_AD01,-76.49445,36.15331,2026-06-25 00:00:00,2026-07-30 00:00:00,None,,None,,2181388,Browning Recon Force HP5 ,0,Camera Functioning,Knee height,,Pointed Downward,,,,0.5,Timbermill_AHDriFT_2026_MC,,,,,,
2011183,TE09_AD01_CamB_2026_D3_MC,TE09_AD01,-76.59286,36.13631,2026-06-17 00:00:00,2026-06-26 00:00:00,None,,None,,2181097,Browning Recon Force HP5,0,Wildlife Damage,Knee height,,Pointed Downward,,,,0.5,Timbermill_AHDriFT_2026_MC,,,,,,
2011183,TO06_AD01_CamB_2026_D3_MC,TO06-AD01,-76.58169556,36.1496048,2026-06-01 00:00:00,2026-06-22 00:00:00,None,,None,,2181388,Browning Recon Force HP5 ,0,Camera Hardware Failure,Knee height,,Pointed Downward,,,,,Timbermill_AHDriFT_2026_MC,,,,,,
2011183,TE13_AD01_CamB_2026_D2_MC,TE13_AD01,-76.5825,36.13573,2026-05-19 00:00:00,2026-06-17 00:00:00,None,,None,,2181388,Browning Recon Force HP5 ,0,Camera Functioning,Knee height,,Pointed Downward,,,,1,Timbermill_AHDriFT_2026_MC,,,,,,
2011183,TE01_AD01_CamA_2026_D2_MC,TE01_AD01,-76.60043,36.14489,2026-05-23 00:00:00,2026-06-17 00:00:00,None,,None,,2181108,Reconyx Hyperfire HC500,0,Camera Functioning,Knee height,,Pointed Downward,,,,,Timbermill_AHDriFT_2026_MC,,,,,,
2011183,TE10_AD01_CamA_2026_D2_TL,TE10_AD01,-76.60902,36.15204,2026-05-13 00:00:00,2026-06-18 00:00:00,None,,None,,2099588,Reconyx HC500 Hyperfire,0,Camera Functioning,Knee height,,Pointed Downward,,,,0.5,Timbermill_AHDriFT_2026_TL,,,,,,Internal camera ID not programed. Should be NCCC204
2011183,TO15_AD01_CamA_2026_D2_MC,TO15_AD01,-76.61639,36.15133,2026-05-19 00:00:00,2026-06-18 00:00:00,None,,None,,2099588,Reconyx HC500 Hyperfire,0,Camera Functioning,Knee height,,Pointed Downward,,,,,Timbermill_AHDriFT_2026_MC,,,,,,
2011183,RE09_CT06_2026_D1,RE09-CT06,-76.52556,36.17019,2026-05-06 00:00:00,2026-06-16 00:00:00,None,,None,,2181097,Browning Recon Force HP5,0,Camera Functioning,Knee height,,Parallel,,,,9,Timbermill_Camera_Traps_2026,,,,,,
2011183,RE09_AD01_CamB_2026_D4_TL,RE09_AD01,-76.52644,36.17043,2026-07-14 00:00:00,2026-07-31 00:00:00,None,,None,,2181388,Browning Recon Force HP5 ,0,Camera Functioning,Knee height,,Pointed Downward,,,,0.5,Timbermill_AHDriFT_2026_TL,,,,,,
2011183,TE07_AD01_CamA_2026_D3_MC,TE07-AD01,-76.58805847,36.13465118,2026-06-17 00:00:00,2026-06-28 00:00:00,None,,None,,2181097,Browning Recon Force HP5,0,Wildlife Damage,Knee height,,Pointed Downward,,,,0.5,Timbermill_AHDriFT_2026_MC,,,,,,Flipped by bear. Dates and times wrong. Fixed manually 
2011183,RE08_CT07_2026_D1,RE08-CT07,-76.49479,36.15291,2026-07-14 00:00:00,2026-08-21 00:00:00,None,,None,,2181097,Browning Recon Force HP5,0,Camera Functioning,Knee height,,Parallel,,,,9,Timbermill_Camera_Traps_2026,,,,,,
2011183,TO13_AD01_CamA_2026_D3_MC,TO13-AD01,-76.58172607,36.13502884,2026-06-17 00:00:00,2026-07-28 00:00:00,None,,None,,2188084,Reconyx Hyperfire PC500,0,Camera Functioning,Knee height,,Pointed Downward,,,,,Timbermill_AHDriFT_2026_MC,,,,,,
2011183,RE03_CT08_2026_D1,RE03-CT08,-76.53144,36.13695,2026-03-28 00:00:00,2026-05-06 00:00:00,None,,None,,2181097,Browning Recon Force HP5,0,Camera Functioning,Knee height,,Parallel,,,,0,Timbermill_Camera_Traps_2026,,,,,,No distance recorded
2011183,RE05_AD01_CamA_2026_D2_TL,RE05_AD01,-76.51705,36.14177,2026-05-23 00:00:00,2026-06-17 00:00:00,None,,None,,2181108,Reconyx Hyperfire HC500,0,Camera Functioning,Knee height,,Pointed Downward,,,,0.5,Timbermill_AHDriFT_2026_TL,,,,,,
2011183,IF08_AD01_CamA_2026_D3_MC,IF08_AD01,-76.56243,36.13166,2026-05-13 00:00:00,2026-07-08 00:00:00,None,,None,,2099588,Reconyx HC500 Hyperfire,0,Camera Functioning,Knee height,,Pointed Downward,,,,0.5,Timbermill_AHDriFT_2026_MC,,,,,,Some images corrupted 
2011183,TO02_AD01_CamB_2026_D2_MC,TO02_AD01,-76.60557,36.14774,2026-05-19 00:00:00,2026-06-18 00:00:00,None,,None,,2181388,Browning Recon Force HP5 ,0,Camera Hardware Failure,Knee height,,Pointed Downward,,,,0.5,Timbermill_AHDriFT_2026_MC,,,,,,
2011183,IF05_AD01_CamA_2026_D2_MC,IF05_AD01,-76.51158,36.15394,2026-05-06 00:00:00,2026-06-25 00:00:00,None,,None,,2181097,Browning Recon Force HP5,0,Camera Functioning,Knee height,,Pointed Downward,,,,0.5,Timbermill_AHDriFT_2026_MC,,,,,,
2011183,TO11_CT03_2026_D1,TO11-AD01,-76.58255768,36.15662384,2026-06-02 00:00:00,2026-07-27 00:00:00,None,,None,,2181096,Browning Defender Pro Scout Max Extreme HD,0,Camera Functioning,Knee height,,Parallel,,,,24,Timbermill_Camera_Traps_2026,,,,,,
2011183,RE07_CT03_2026_D1,RE07-CT03,-76.49413,36.14098,2026-04-12 00:00:00,2026-05-06 00:00:00,None,,None,,2181097,Browning Recon Force HP5,0,Camera Functioning,Knee height,,Parallel,,,,0,Timbermill_Camera_Traps_2026,,,,,,No Distances
2011183,IF06_AD01_CamA_2026_D3_MC,IF06-AD01,-76.54560852,36.1466217,2026-07-26 00:00:00,2026-07-31 00:00:00,None,,None,,2188084,Reconyx Hyperfire PC500,0,Camera Functioning,Knee height,,Pointed Downward,,,,,Timbermill_AHDriFT_2026_MC,,,,,,
2011183,TE10_CT03_2026_D1,TE10-CT03,-76.60839,36.15187,2026-04-10 00:00:00,2026-05-13 00:00:00,None,,None,,2181096,Browning Defender Pro Scout Max Extreme HD,0,Camera Functioning,Knee height,,Parallel,,,,0,Timbermill_Camera_Traps_2026,,,,,,No distances
2011183,TE06_CT01_2026_D1,TE06-CT01,-76.58186,36.15055,2026-05-07 00:00:00,2026-06-01 00:00:00,None,,None,,2181096,Browning Defender Pro Scout Max Extreme HD,0,Camera Functioning,Knee height,,Parallel,,,,15,,,,,,,
2011183,IF03_AD01_CamB_2026_D1_MC,IF03_AD01,-76.57095,36.14274,2026-03-27 00:00:00,2026-04-22 00:00:00,None,NA,None,NA,2181097,Browning Recon Force HP5,0,Camera Functioning,Knee height,NA,Pointed Downward,NA,,,,Timbermill_AHDriFT_2026_MC,,,,,,
2011183,TE05_AD01_CamB_2026_D3_TL,TE05-AD01,-76.58969116,36.14929581,2026-06-02 00:00:00,2026-07-08 00:00:00,None,,None,,2181097,Browning Recon Force HP5,0,Camera Functioning,Knee height,,Pointed Downward,,,,0.5,Timbermill_AHDriFT_2026_TL,,,,,,
2011183,TO10_AD01_CamA_2026_D3_MC,TO10-AD01,-76.608284,36.15251541,2026-06-18 00:00:00,2026-07-27 00:00:00,None,,None,,2188084,Reconyx Hyperfire PC500,0,Camera Functioning,Knee height,,Pointed Downward,,,,,Timbermill_AHDriFT_2026_MC,,,,,,
2011183,TO04_AD01_CamA_2026_D3_TL,TO04-AD01,-76.58500671,36.16300201,2026-06-02 00:00:00,2026-07-30 00:00:00,None,,None,,2099588,Reconyx HC500 Hyperfire,0,Camera Functioning,Knee height,,Pointed Downward,,,,0.5,Timbermill_AHDriFT_2026_TL,,,,,,
2011183,TO05_AD01_CamB_2026_D3_TL,TO05-AD01,-76.5892868,36.14854813,2026-05-06 00:00:00,2026-06-18 00:00:00,None,,None,,2181388,Browning Recon Force HP5 ,0,Camera Functioning,Knee height,,Pointed Downward,,,,0.5,Timbermill_AHDriFT_2026_TL,,,,,,
2011183,IF09_CT02_2026_D1,IF09-CT02,-76.5364151,36.16352844,2026-05-13 00:00:00,2026-07-08 00:00:00,None,,None,,2181097,Browning Recon Force HP5,0,Camera Functioning,Knee height,,Parallel,,,,9,Timbermill_Camera_Traps_2026,,,,,,
2011183,RE09_AD01_CamB_2026_D3_TL,RE09_AD01,-76.52644,36.17043,2026-06-16 00:00:00,2026-07-14 00:00:00,None,,None,,2181097,Browning Recon Force HP5,0,Camera Functioning,Knee height,,Pointed Downward,,,,0.5,Timbermill_AHDriFT_2026_TL,,,,,,Fence destroyed when I arrived
2011183,TO10_AD01_CamB_2026_D2_TL,TO10_AD01,-76.60828,36.15252,2026-05-07 00:00:00,2026-06-18 00:00:00,None,,None,,2181097,Browning Recon Force HP5,0,Camera Functioning,Knee height,,Pointed Downward,,,,0.5,Timbermill_AHDriFT_2026_TL,,,,,,
2011183,TE06_AD01_CamB_2026_D2_MC,TE06-AD01,-76.58263397,36.1493454,2026-05-07 00:00:00,2026-06-02 00:00:00,None,,None,,2181097,Browning Recon Force HP5,0,Camera Functioning,Knee height,,Pointed Downward,,,,0.5,Timbermill_AHDriFT_2026_MC,,,,,,
2011183,IF06_AD01_CamA_2026_D2_MC,IF06_AD01,-76.54578,36.14648,2026-05-13 00:00:00,2026-06-26 00:00:00,None,,None,,2099588,Reconyx HC500 Hyperfire,0,Camera Functioning,Knee height,,Pointed Downward,,,,0.5,Timbermill_AHDriFT_2026_MC,,,,,,
2011183,IF09_CT04_2026_D1,IF09-CT04,-76.53534698,36.16348648,2026-06-16 00:00:00,2026-07-27 00:00:00,None,,None,,2181096,Browning Defender Pro Scout Max Extreme HD,0,Camera Functioning,Knee height,,Parallel,,,,14,Timbermill_Camera_Traps_2026,,,,,,
2011183,IF07_AD01_CamB_2026_D1_MC,IF07-AD01,-76.56274,36.14658,2026-03-27 00:00:00,2026-05-13 00:00:00,None,,None,,2181097,Browning Recon Force HP5,0,Camera Functioning,Knee height,,Pointed Downward,,,,0.5,Timbermill_AHDriFT_2026_MC,,,,,,
2011183,TO14_AD01_2026_D2_CamA_MC,TO14_AD01,-76.58107,36.14517,2026-04-22 00:00:00,2026-04-28 00:00:00,None,NA,None,NA,2181387,Reconyx Hyperfire PC800,0,Camera Hardware Failure,Knee height,NA,Pointed Downward,NA,,,,Timbermill_AHDriFT_2026_MC,,,,,,
2011183,IF01_AD01_CamB_2026_D1_MC,IF01_AD01,-76.54704,36.13051,2026-03-28 00:00:00,2026-05-06 00:00:00,None,NA,None,NA,2181097,Browning Recon Force HP5,0,Camera Functioning,Knee height,NA,Pointed Downward,NA,,,,Timbermill_AHDriFT_2026_MC,,,,,,
2011183,TO11_AD01_CamA_2026_D3_MC,TO11-AD01,-76.58255768,36.15662384,2026-06-02 00:00:00,2026-07-27 00:00:00,None,,None,,2181108,Reconyx Hyperfire HC500,0,Camera Functioning,Knee height,,Pointed Downward,,,,0.5,Timbermill_AHDriFT_2026_MC,,,,,,
2011183,TO04_AD01_CamA_2026_D2_MC,TO04-AD01,-76.58500671,36.16300201,2026-05-07 00:00:00,2026-06-02 00:00:00,None,,None,,2181108,Reconyx Hyperfire HC500,0,Camera Functioning,Knee height,,Pointed Downward,,,,0.5,Timbermill_AHDriFT_2026_MC,,,,,,No timelapse
2011183,IF09_AD01_CamA_2026_D3_MC,IF09_AD01,-76.53577,36.16352,2026-06-16 00:00:00,2026-07-27 00:00:00,None,,None,,2099588,Reconyx HC500 Hyperfire,0,Camera Functioning,Knee height,,Pointed Downward,,,,0.5,Timbermill_AHDriFT_2026_MC,,,,,,
2011183,TE14_AD01_CamA_2026_D1_MC,TE14_AD01,-76.58186,36.14515,2026-04-02 00:00:00,2026-05-23 00:00:00,None,NA,None,NA,2181387,Reconyx Hyperfire PC800,0,Camera Functioning,Knee height,NA,Pointed Downward,NA,,,0.5,Timbermill_AHDriFT_2026_MC,,,,,,No timelapse
2011183,IF07_AD01_CamA_2026_D3_MC,IF08-AD01,-76.56243134,36.13166428,2026-06-26 00:00:00,2026-07-31 00:00:00,None,,None,,2188084,Reconyx Hyperfire PC500,0,Camera Hardware Failure,Knee height,,Pointed Downward,,,,,Timbermill_AHDriFT_2026_MC,,,,,,
2011183,TO13_AD01_CamA_2026_D2_MC,TO13_AD01,-76.58173,36.13503,2026-05-19 00:00:00,2026-06-17 00:00:00,None,,None,,2099588,Reconyx HC500 Hyperfire,0,Camera Functioning,Knee height,,Pointed Downward,,,,0.5,Timbermill_AHDriFT_2026_MC,,,,,,
2011183,IF05_CT03_2026_D1,IF05-CT03,-76.51156616,36.15375519,2026-03-28 00:00:00,2026-05-06 00:00:00,None,,None,,2181097,Browning Recon Force HP5,0,Camera Functioning,Knee height,,Parallel,,,,0,Timbermill_Camera_Traps_2026,,,,,,No distance recorded
2011183,TE07_AD01_CamA_2026_D1_MC,TE07-AD01,-76.58805847,36.13465118,2026-04-01 00:00:00,2026-05-01 00:00:00,None,,None,,2181108,Reconyx Hyperfire HC500,0,Camera Hardware Failure,Knee height,,Pointed Downward,,,,0.5,Timbermill_AHDriFT_2026_MC,,,,,,1-minute timelapse
2011183,RE02_AD01_CamA_2026_D3_MC,RE02-AD01,-76.52989197,36.14846802,2026-06-02 00:00:00,2026-07-27 00:00:00,None,,None,,2188084,Reconyx Hyperfire PC500,0,Camera Functioning,Knee height,,Pointed Downward,,,,,Timbermill_AHDriFT_2026_MC,,,,,,
2011183,TO15_AD01_CamA_2026_D2_TL,TO15_AD01,-76.61639,36.15133,2026-05-19 00:00:00,2026-06-18 00:00:00,None,,None,,2181108,Reconyx Hyperfire HC500,0,Camera Functioning,Knee height,,Pointed Downward,,,,0,Timbermill_AHDriFT_2026_TL,,,,,,
2011183,RE09_CT04_2026_D1,RE09-CT04,-76.52704,36.17082,2026-06-16 00:00:00,2026-07-31 00:00:00,None,,None,,2181096,Browning Defender Pro Scout Max Extreme HD,0,Camera Functioning,Knee height,,Parallel,,,,6,Timbermill_Camera_Traps_2026,,,,,,
2011183,RE09_CT08,RE09-CT08,-76.52666,36.17053,2026-07-14 00:00:00,2026-08-21 00:00:00,None,,None,,2181097,Browning Recon Force HP5,0,Camera Functioning,Knee height,,Parallel,,,,6,Timbermill_Camera_Traps_2026,,,,,,
2011183,TO11_AD01_CamB_2026_D3_MC,TO11-AD01,-76.58255768,36.15662384,2026-06-02 00:00:00,2026-06-18 00:00:00,None,,None,,2181097,Browning Recon Force HP5,0,Camera Hardware Failure,Knee height,,Pointed Downward,,,,,Timbermill_AHDriFT_2026_MC,,,,,,
2011183,IF06_AD01_CamB_2026_D3_MC,IF06_AD01,-76.54578,36.14648,2026-06-26 00:00:00,2026-07-27 00:00:00,None,,None,,2188084,Reconyx Hyperfire PC500,0,Camera Functioning,Knee height,,Pointed Downward,,,,,Timbermill_AHDriFT_2026_MC,,,,,,
2011183,TE01_AD01_CamB_2026_D2_TL,TE01_AD01,-76.60043,36.14489,2026-05-23 00:00:00,2026-06-17 00:00:00,None,,None,,2181097,Browning Recon Force HP5,0,Camera Functioning,Knee height,,Pointed Downward,,,,0.5,Timbermill_AHDriFT_2026_TL,,,,,,
2011183,TO13_AD01_CamB_2026_D3_MC,TO13-AD01,-76.58172607,36.13502884,2026-06-17 00:00:00,2026-07-28 00:00:00,None,,None,,2181097,Browning Recon Force HP5,0,Camera Functioning,Knee height,,Pointed Downward,,,,,Timbermill_AHDriFT_2026_MC,,,,,,
2011183,RE02_AD01_2026_CamA_D1_MC,RE02_AD01,-76.52989,36.14847,2026-04-08 00:00:00,2026-05-06 00:00:00,None,NA,None,NA,2181387,Reconyx Hyperfire PC800,0,Camera Functioning,Knee height,NA,Pointed Downward,NA,,,,Timbermill_AHDriFT_2026_MC,,,,,,
2011183,TE11_AD01_CamA_2026_D3_MC,TE11-AD01,-76.5831604,36.15631866,2026-06-02 00:00:00,2026-07-27 00:00:00,None,,None,,2099588,Reconyx HC500 Hyperfire,0,Camera Functioning,Knee height,,Pointed Downward,,,,0.5,Timbermill_AHDriFT_2026_MC,,,,,,
2011183,RE04_AD01_2026_D1_CamB_MC,RE04_AD01,-76.53487,36.1441,2026-04-02 00:00:00,2026-05-23 00:00:00,None,NA,None,NA,2181097,Browning Recon Force HP5,0,Camera Functioning,Knee height,NA,Pointed Downward,NA,,,0.5,Timbermill_AHDriFT_2026_MC,,,,,,No timelapse
2011183,TO02_AD01_CamB_2026_D2_TL,TO02_AD01,-76.60557,36.14774,2026-05-19 00:00:00,2026-06-18 00:00:00,None,,None,,2181388,Browning Recon Force HP5 ,0,Camera Hardware Failure,Knee height,,Pointed Downward,,,,0.5,Timbermill_AHDriFT_2026_TL,,,,,,Camera died on 2026-06-10
2011183,RE06_CT09_2026_D1,RE06-CT09,-76.50198,36.14419,2026-06-25 00:00:00,2026-07-30 00:00:00,None,,None,,2181097,Browning Recon Force HP5,0,Camera Functioning,Knee height,,Parallel,,,,9,Timbermill_Camera_Traps_2026,,,,,,
2011183,TE12_CT01_2026_D1,TE12-CT01,-76.59688,36.16549,2026-06-02 00:00:00,2026-07-08 00:00:00,None,,None,,2181096,Browning Defender Pro Scout Max Extreme HD,0,Camera Hardware Failure,Knee height,,Parallel,,,,24,Timbermill_Camera_Traps_2026,,,,,,
2011183,TO10_CT02_2026_D1,TO10-CT02,-76.60758,36.15292,2026-06-18 00:00:00,2026-07-27 00:00:00,None,,None,,2181096,Browning Defender Pro Scout Max Extreme HD,0,Camera Functioning,Knee height,,Parallel,,,,24,Timbermill_Camera_Traps_2026,,,,,,
2011183,TE10_AD01_CamA_2026_D3_MC,TE10_AD01,-76.60902,36.15204,2026-06-18 00:00:00,2026-07-27 00:00:00,None,,None,,2188084,Reconyx Hyperfire PC500,0,Camera Functioning,Knee height,,Pointed Downward,,,,,Timbermill_AHDriFT_2026_MC,,,,,,
2011183,RE08_CT03_2026_D1,RE08-CT03,-76.4943,36.15327,2026-04-12 00:00:00,2026-05-06 00:00:00,None,,None,,2181097,Browning Recon Force HP5,0,Camera Functioning,Knee height,,Parallel,,,,0,Timbermill_Camera_Traps_2026,,,,,,No distance recorded
2011183,RE06_AD01_CamA_2026_D2_TL,RE06_AD01,-76.50294,36.14434,2026-05-06 00:00:00,2026-06-25 00:00:00,None,,None,,2181097,Browning Recon Force HP5,0,Camera Functioning,Knee height,,Pointed Downward,,,,0.5,Timbermill_AHDriFT_2026_TL,,,,,,
2011183,TE13_AD01_CamB_2026_D2_TL,TE13_AD01,-76.5825,36.13573,2026-05-19 00:00:00,2026-06-17 00:00:00,None,,None,,2181097,Browning Recon Force HP5,0,Camera Functioning,Knee height,,Pointed Downward,,,,0.5,,,,,,,
2011183,RE09_AD01_CamA_2026_D2_TL,RE09_AD01,-76.52644,36.17043,2026-05-06 00:00:00,2026-06-16 00:00:00,None,,None,,2099588,Reconyx HC500 Hyperfire,0,Camera Functioning,Knee height,,Pointed Downward,,,,0.5,Timbermill_AHDriFT_2026_TL,,,,,,
2011183,IF01_AD01_CamA_2026_D2_MC,IF01_AD01,-76.54704,36.13051,2026-05-06 00:00:00,2026-06-01 00:00:00,None,,None,,2099588,Reconyx HC500 Hyperfire,0,Camera Functioning,Knee height,,Pointed Downward,,,,0.5,Timbermill_AHDriFT_2026_MC,,,,,,
2011183,IF05_AD01_CamB_2026_D3_MC,IF05-AD01,-76.51158142,36.15394211,2026-06-25 00:00:00,2026-07-27 00:00:00,None,,None,,2188084,Reconyx Hyperfire PC500,0,Camera Functioning,Knee height,,Pointed Downward,,,,,Timbermill_AHDriFT_2026_MC,,,,,,
2011183,RE01_CT01_2026_D1,RE01-CT02,-76.49350739,36.14625168,2026-05-08 00:00:00,2026-06-16 00:00:00,None,,None,,2181108,Reconyx Hyperfire HC500,0,Camera Functioning,Knee height,,Parallel,,,,12,Timbermill_Camera_Traps_2026,,,,,,
2011183,TO08_CT03_2026_D1,TO08-CT03,-76.59914,36.15548,2026-05-23 00:00:00,2026-07-09 00:00:00,None,,None,,2181096,Browning Defender Pro Scout Max Extreme HD,0,Camera Functioning,Knee height,,Parallel,,,,24,Timbermill_Camera_Traps_2026,,,,,,
2011183,RE04_AD01_CamB_2026_D3_MC,RE04_AD01,-76.53487,36.1441,2026-06-17 00:00:00,2026-07-03 00:00:00,None,,None,,2181097,Browning Recon Force HP5,0,Wildlife Damage,Knee height,,Pointed Downward,,,,0.5,Timbermill_AHDriFT_2026_MC,,,,,,
2011183,TE09_AD01_CamA_2026_D4_MC,TE09-AD01,-76.59285736,36.13630676,2026-07-09 00:00:00,2026-07-30 00:00:00,None,,None,,2188084,Reconyx Hyperfire PC500,0,Camera Functioning,Knee height,,Pointed Downward,,,,,Timbermill_AHDriFT_2026_MC,,,,,,
2011183,TE09_AD01_CamB_2026_D1_MC,TE09_AD01,-76.59286,36.13631,2026-04-08 00:00:00,2026-05-19 00:00:00,None,NA,None,NA,2181097,Browning Recon Force HP5,0,Camera Functioning,Knee height,NA,Pointed Downward,NA,,,0.5,Timbermill_AHDriFT_2026_MC,,,,,,No timelapse
2011183,TE05_CT02_2026_D1,TE05_CT02,-76.58858,36.14869,2026-05-07 00:00:00,2026-06-02 00:00:00,None,NA,None,NA,2181388,Browning Recon Force HP5 ,0,Camera Functioning,Knee height,NA,Parallel,NA,,,,Timbermill_Camera_Traps_2026,,,,,,
2011183,TO15_AD01_CamB_2026_D2_TL,TO15_AD01,-76.61639,36.15133,2026-05-19 00:00:00,2026-06-18 00:00:00,None,,None,,2181388,Browning Recon Force HP5 ,0,Camera Functioning,Knee height,,Pointed Downward,,,,0.5,Timbermill_AHDriFT_2026_TL,,,,,,
2011183,TE02_AD01_CamB_2026_D2_MC,TE02_AD01,-76.60591,36.1469,2026-04-22 00:00:00,2026-05-19 00:00:00,None,NA,None,NA,2181097,Browning Recon Force HP5,0,Camera Functioning,Knee height,NA,Pointed Downward,NA,,,0.5,Timbermill_AHDriFT_2026_MC,,,,,,No timelapse. Dates and times wrong. Fixed manually based on CT date and time
2011183,TO08_AD01_CamB_2026_D4_MC,TO08_AD01,-76.59966,36.15628,2026-07-14 00:00:00,2026-07-30 00:00:00,None,,None,,2188084,Reconyx Hyperfire PC500,0,Camera Functioning,Knee height,,Pointed Downward,,,,,Timbermill_AHDriFT_2026_MC,,,,,,
2011183,RE03_CT02_2026_D1,RE03_CT02,-76.53191,36.13641,2026-05-06 00:00:00,2026-06-01 00:00:00,None,NA,None,NA,2181097,Browning Recon Force HP5,0,Camera Functioning,Knee height,NA,Parallel,NA,,,,Timbermill_Camera_Traps_2026,,,,,,
2011183,TE10_AD01_CamA_2026_D1_MC,TE10_AD01,-76.60902,36.15204,2026-04-10 00:00:00,2026-05-02 00:00:00,None,NA,None,NA,2099588,Reconyx HC500 Hyperfire,0,Camera Hardware Failure,Knee height,NA,Pointed Downward,NA,,,0.5,Timbermill_AHDriFT_2026_MC,,,,,,1-minute timelapse
2011183,TO07_AD01_CamA_2026_D2_MC,TO07-AD01,-76.58794403,36.13534927,2026-05-07 00:00:00,2026-06-02 00:00:00,None,,None,,2099588,Reconyx HC500 Hyperfire,0,Camera Functioning,Knee height,,Pointed Downward,,,,,Timbermill_AHDriFT_2026_MC,,,,,,
2011183,TE12_AD01_CamA_2026_D2_TL,TE12-AD01,-76.5975647,36.16421127,2026-05-07 00:00:00,2026-06-02 00:00:00,None,,None,,2181108,Reconyx Hyperfire HC500,0,Camera Functioning,Knee height,,Pointed Downward,,,,0.5,Timbermill_AHDriFT_2026_TL,,,,,,
2011183,TO16_AD01_CamB_2026_D1_MC,TO16-AD01,-76.58946228,36.16297531,2026-04-01 00:00:00,2026-05-07 00:00:00,None,,None,,2181096,Browning Defender Pro Scout Max Extreme HD,0,Camera Functioning,Knee height,,Pointed Downward,,,,0.5,Timbermill_AHDriFT_2026_MC,,,,,,No timelapse
2011183,TO04_CT02_2026_D1,TO04-CT02,-76.58367,36.16335,2026-04-01 00:00:00,2026-05-07 00:00:00,None,,None,,2181110,Reconyx Hyperfire 4K Ultra HD,0,Camera Functioning,Knee height,,Parallel,,,,0,Timbermill_Camera_Traps_2026,,,,,,No distance recorded
2011183,RE09_CT07_2026_D1,RE09-CT07,-76.52614,36.17023,2026-04-08 00:00:00,2026-05-06 00:00:00,None,,None,,2181097,Browning Recon Force HP5,0,Camera Functioning,Knee height,,Parallel,,,,0,Timbermill_Camera_Traps_2026,,,,,,No distance recorded
2011183,RE07_AD01_CamB_2026_D3_MC,RE07_AD01,-76.4939,36.14101,2026-06-25 00:00:00,2026-07-30 00:00:00,None,,None,,2181097,Browning Recon Force HP5,0,Camera Functioning,Knee height,,Pointed Downward,,,,0.5,Timbermill_AHDriFT_2026_MC,,,,,,No time-lapse
2011183,TE15_AD01_CamA_2026_D1_MC,TE15_AD01,-76.61751,36.15167,2026-04-02 00:00:00,2026-04-14 00:00:00,None,NA,None,,2181108,Reconyx Hyperfire HC500,0,Camera Hardware Failure,Knee height,NA,Pointed Downward,NA,,,0.5,Timbermill_AHDriFT_2026_MC,,,,,,1-minute timelapse
2011183,TE08_AD01_2026_D1_CamB_MC,TE08-AD01,-76.59858704,36.15674591,2026-04-02 00:00:00,2026-05-23 00:00:00,None,,None,,2181096,Browning Defender Pro Scout Max Extreme HD,0,Camera Functioning,Knee height,,Pointed Downward,,,,0.5,Timbermill_AHDriFT_2026_MC,,,,,,No timelapse
2011183,TE05_AD01_CamB_2026_D4_MC,TE05-AD01,-76.58969116,36.14929581,2026-07-08 00:00:00,2026-07-28 00:00:00,None,,None,,2181097,Browning Recon Force HP5,0,Camera Functioning,Knee height,,Pointed Downward,,,,,Timbermill_AHDriFT_2026_MC,,,,,,
2011183,TE03_AD01_CamB_2026_D1_MC,TE03-AD01,-76.59934235,36.14878082,2026-04-10 00:00:00,2026-05-19 00:00:00,None,,None,,2181108,Reconyx Hyperfire HC500,0,Camera Functioning,Knee height,,Pointed Downward,,,,0.5,Timbermill_AHDriFT_2026_MC,,,,,,"No timelapse
"
2011183,IF08_AD01_CamB_2026_D4_MC,IF08-AD01,-76.56243134,36.13166428,2026-07-08 00:00:00,2026-07-22 00:00:00,None,,None,,2181097,Browning Recon Force HP5,0,Camera Functioning,Knee height,,Pointed Downward,,,,,Timbermill_AHDriFT_2026_MC,,,,,,
2011183,TO12_AD01_CamA_2026_D2_TL,TO12-AD01,-76.59700775,36.16479492,2026-05-07 00:00:00,2026-06-02 00:00:00,None,,None,,2099588,Reconyx HC500 Hyperfire,2,Camera Functioning,Knee height,,Pointed Downward,,,,0.5,Timbermill_AHDriFT_2026_TL,,,,,,
2011183,RE01_AD01_CamA_2026_D2_MC,RE01_AD01,-76.49314,36.14607,2026-05-06 00:00:00,2026-06-16 00:00:00,None,,None,,2181388,Browning Recon Force HP5 ,0,Camera Functioning,Knee height,,Pointed Downward,,,,0.5,Timbermill_AHDriFT_2026_MC,,,,,,
2011183,RE07_CT10_2026_D1,RE07-CT10,-76.49418,36.14048,2026-06-16 00:00:00,2026-07-30 00:00:00,None,,None,,2181097,Browning Recon Force HP5,0,Camera Functioning,Knee height,,Parallel,,,,9,Timbermill_Camera_Traps_2026,,,,,,Date and time wrong
2011183,RE07_AD01_CamA_2026_D2_TL,RE07_AD01,-76.4939,36.14101,2026-05-06 00:00:00,2026-06-16 00:00:00,None,,None,,2181388,Browning Recon Force HP5 ,0,Camera Functioning,Knee height,,Pointed Downward,,,,0,Timbermill_AHDriFT_2026_TL,,,,,,
2011183,TO16_AD01_CamB_2026_D2_MC,TO16-AD01,-76.58946228,36.16297531,2026-05-07 00:00:00,2026-06-02 00:00:00,None,,None,,2181097,Browning Recon Force HP5,0,Camera Functioning,Knee height,,Pointed Downward,,,,0.5,Timbermill_AHDriFT_2026_MC,,,,,,
2011183,TO06_AD01_CamA_2026_D2_TL,TO06-AD01,-76.58169556,36.1496048,2026-05-07 00:00:00,2026-05-16 00:00:00,None,,None,,2181388,Browning Recon Force HP5 ,0,Camera Hardware Failure,Knee height,,Pointed Downward,,,,0.5,Timbermill_AHDriFT_2026_TL,,,,,,
2011183,TE12_AD01_CamA_2026_D2_MC,TE12-AD01,-76.5975647,36.16421127,2026-05-07 00:00:00,2026-06-02 00:00:00,None,,None,,2181108,Reconyx Hyperfire HC500,0,Camera Functioning,Knee height,,Pointed Downward,,,,0.5,Timbermill_AHDriFT_2026_MC,,,,,,
2011183,RE04_CT06_2026_D1,RE04-CT06,-76.53388,36.14407,2026-05-23 00:00:00,2026-07-09 00:00:00,None,,None,,2181096,Browning Defender Pro Scout Max Extreme HD,0,Camera Functioning,Knee height,,Parallel,,,,24,Timbermill_Camera_Traps_2026,,,,,,
2011183,TO13_CT01_2026_D1,TO13-CT01,-76.58125,36.13576,2026-06-17 00:00:00,2026-07-28 00:00:00,None,,None,,2181097,Browning Recon Force HP5,0,Camera Functioning,Knee height,,Parallel,,,,24,Timbermill_Camera_Traps_2026,,,,,,
2011183,RE03_AD01_CamA_2026_D3_TL,RE03_AD01,-76.53149,36.1369,2026-05-06 00:00:00,2026-06-01 00:00:00,None,,None,,2181108,Reconyx Hyperfire HC500,0,Camera Functioning,Knee height,,Pointed Downward,,,,1,Timbermill_AHDriFT_2026_TL,,,,,,
2011183,TO11_AD01_CamA_2026_D2_TL,TO11-AD01,-76.58255768,36.15662384,2026-05-07 00:00:00,2026-06-02 00:00:00,None,,None,,2181108,Reconyx Hyperfire HC500,0,Camera Functioning,Knee height,,Pointed Downward,,,,0.5,Timbermill_AHDriFT_2026_TL,,,,,,
2011183,TO02_CT03_2026_D1,TO02_CT03,-76.60506,36.1475,2026-05-19 00:00:00,2026-06-18 00:00:00,None,NA,None,NA,2181393,Browning Strike Force Pro,0,Camera Functioning,Knee height,NA,Parallel,NA,,,,Timbermill_Camera_Traps_2026,,,,,,
2011183,TE12_AD01_CamB_2026_D2_TL,TE12-AD01,-76.5975647,36.16421127,2026-05-07 00:00:00,2026-06-01 00:00:00,None,,None,,2181388,Browning Recon Force HP5 ,0,Camera Hardware Failure,Knee height,,Pointed Downward,,,,0.5,Timbermill_AHDriFT_2026_TL,,,,,,
2011183,IF09_AD01_CamA_2026_D2_TL,IF09_AD01,-76.53577,36.16352,2026-05-06 00:00:00,2026-06-16 00:00:00,None,,None,,2099588,Reconyx HC500 Hyperfire,0,Camera Hardware Failure,Knee height,,Pointed Downward,,,,0.5,Timbermill_AHDriFT_2026_TL,,,,,,Camera failed on 2026-05-29
2011183,TO16_AD01_CamB_2026_D3_MC,TO16-AD01,-76.58946228,36.16297531,2026-06-02 00:00:00,2026-06-20 00:00:00,None,,None,,2181097,Browning Recon Force HP5,0,Camera Hardware Failure,Knee height,,Pointed Downward,,,,,Timbermill_AHDriFT_2026_MC,,,,,,
2011183,RE09_AD01_CamA_2026_D4_MC,RE09_AD01,-76.52644,36.17043,2026-07-14 00:00:00,2026-07-27 00:00:00,None,,None,,2099588,Reconyx HC500 Hyperfire,0,Camera Hardware Failure,Knee height,,Pointed Downward,,,,0.5,Timbermill_AHDriFT_2026_MC,,,,,,
2011183,TE01_CT02_2026_D1,TE01-CT02,-76.60139,36.14397,2026-04-10 00:00:00,2026-05-23 00:00:00,None,,None,,2181097,Browning Recon Force HP5,0,Camera Functioning,Knee height,,Parallel,,,,12,Timbermill_Camera_Traps_2026,,,,,,
2011183,IF05_AD01_CamA_2026_D3_MC,IF05-AD01,-76.51158142,36.15394211,2026-06-25 00:00:00,2026-07-27 00:00:00,None,,None,,2181097,Browning Recon Force HP5,0,Camera Functioning,Knee height,,Pointed Downward,,,,,Timbermill_AHDriFT_2026_MC,,,,,,
2011183,TO12_AD01_CamB_2026_D3_MC,TO12-AD01,-76.59700775,36.16479492,2026-06-02 00:00:00,2026-07-27 00:00:00,None,,None,,2181097,Browning Recon Force HP5,0,Camera Functioning,Knee height,,Pointed Downward,,,,0.5,Timbermill_AHDriFT_2026_MC,,,,,,
2011183,TE07_AD01_CamB_2026_D3_MC,TE07-AD01,-76.58805847,36.13465118,2026-06-17 00:00:00,2026-07-30 00:00:00,None,,None,,2181388,Browning Recon Force HP5 ,0,Camera Functioning,Knee height,,Pointed Downward,,,,0.5,Timbermill_AHDriFT_2026_MC,,,,,,
2011183,TO14_AD01_CamB_2026_D2_MC,TO14-AD01,-76.58106995,36.14517212,2026-04-22 00:00:00,2026-05-23 00:00:00,None,,None,,2181097,Browning Recon Force HP5,0,Camera Functioning,Knee height,,Pointed Downward,,,,,Timbermill_AHDriFT_2026_MC,,,,,,
2011183,TO14_AD01_CamB_2026_D1_MC,TO14_AD01,-76.58107,36.14517,2026-04-02 00:00:00,2026-04-22 00:00:00,None,,None,,2181096,Browning Defender Pro Scout Max Extreme HD,0,Camera Functioning,Knee height,,Pointed Downward,,,,0.5,Timbermill_AHDriFT_2026_TL,,,,,,1 minute timelapse
2011183,TO08_CT04_2026_D3,TO08-CT04,-76.60015,36.15609,2026-07-09 00:00:00,2026-08-18 00:00:00,None,,None,,2181096,Browning Defender Pro Scout Max Extreme HD,0,Camera Hardware Failure,Knee height,,Parallel,,,,9,Timbermill_Camera_Traps_2026,,,,,,
2011183,TO01_AD01_CamB_2026_D3_TL,TO01-AD01,-76.60003662,36.14388657,2026-06-17 00:00:00,2026-07-27 00:00:00,None,,None,,2181097,Browning Recon Force HP5,0,Camera Functioning,Knee height,,Pointed Downward,,,,,Timbermill_AHDriFT_2026_TL,,,,,,
2011183,TE05_AD01_CamA_2026_D3_TL,TE05-AD01,-76.58969116,36.14929581,2026-06-02 00:00:00,2026-07-08 00:00:00,None,,None,,2181388,Browning Recon Force HP5 ,0,Camera Functioning,Knee height,,Pointed Downward,,,,0.5,Timbermill_AHDriFT_2026_TL,,,,,,
2011183,TE08_AD01_CamB_2026_D3_MC,TE08_AD01,-76.59859,36.15675,2026-06-18 00:00:00,2026-07-30 00:00:00,None,,None,,2188084,Reconyx Hyperfire PC500,0,Camera Functioning,Knee height,,Pointed Downward,,,,,Timbermill_AHDriFT_2026_MC,,,,,,
2011183,TO08_AD01_CamA_2026_D2_TL,TO08_AD01,-76.59966,36.15628,2026-05-19 00:00:00,2026-06-18 00:00:00,None,,None,,2099588,Reconyx HC500 Hyperfire,0,Camera Functioning,Knee height,,Pointed Downward,,,,0.5,Timbermill_AHDriFT_2026_TL,,,,,,
2011183,TO06_AD01_CamB_2026_D1_MC,TO06-AD01,-76.58169556,36.1496048,2026-04-02 00:00:00,2026-05-07 00:00:00,None,,None,,2181096,Browning Defender Pro Scout Max Extreme HD,0,Camera Functioning,Knee height,,Pointed Downward,,,,0.5,Timbermill_AHDriFT_2026_MC,,,,,,No timelapse
2011183,RE05_CT05_2026_D1,RE05-CT05,-76.51649,36.14117,2026-07-14 00:00:00,2026-08-21 00:00:00,None,,None,,2181097,Browning Recon Force HP5,0,Camera Functioning,Knee height,,Parallel,,,,6,Timbermill_Camera_Traps_2026,,,,,,Date and time initally wrong
2011183,TO01_AD01_CamA_2026_D2_MC,TO01_AD01,-76.60004,36.14389,2026-05-23 00:00:00,2026-06-17 00:00:00,None,,None,,2181097,Browning Recon Force HP5,0,Camera Functioning,Knee height,,Pointed Downward,,,,0.5,Timbermill_AHDriFT_2026_MC,,,,,,
2011183,RE05_AD01_CamB_2026_D2_TL,RE05_AD01,-76.51705,36.14177,2026-05-23 00:00:00,2026-06-17 00:00:00,None,,None,,2181097,Browning Recon Force HP5,0,Camera Functioning,Knee height,,Pointed Downward,,,,0,Timbermill_AHDriFT_2026_TL,,,,,,
2011183,IF03_CT03_2026_D1,IF03-CT03,-76.57097626,36.14273834,2026-03-27 00:00:00,2026-04-27 00:00:00,None,,None,,2181097,Browning Recon Force HP5,0,Camera Hardware Failure,Knee height,,Parallel,,,,,Timbermill_Camera_Traps_2026,,,,,,No distances taken. Camera died 
2011183,TE16_CT03_2026_D1,TE16-CT03,-76.58883,36.16278,2026-04-02 00:00:00,2026-05-07 00:00:00,None,,None,,2181097,Browning Recon Force HP5,0,Camera Functioning,Knee height,,Parallel,,,,0,Timbermill_Camera_Traps_2026,,,,,,No distance recorded
2011183,RE05_AD01_CamA_2026_D1_MC,RE05_AD01,-76.51705,36.14177,2026-03-28 00:00:00,2026-04-04 00:00:00,None,NA,None,NA,2181108,Reconyx Hyperfire HC500,0,Camera Hardware Failure,Knee height,NA,Pointed Downward,NA,,,0.5,Timbermill_AHDriFT_2026_MC,,,,,,1-minute timelapse
2011183,TE15_CT01_2026_D1,TE15-CT01,-76.61575,36.15174,2026-04-02 00:00:00,2026-05-19 00:00:00,None,,None,,2181097,Browning Recon Force HP5,0,Unknown Failure,Knee height,,Parallel,,,,0,Timbermill_Camera_Traps_2026,,,,,,No Distances
2011183,TO07_AD01_CamA_2026_D1_MC,TO07-AD01,-76.58794403,36.13534927,2026-04-01 00:00:00,2026-05-07 00:00:00,None,,None,,2181108,Reconyx Hyperfire HC500,0,Camera Functioning,Knee height,,Pointed Downward,,,,0.5,Timbermill_AHDriFT_2026_MC,,,,,,No timelapse
2011183,RE05_CT02_2026_D2,RE05-CT02,-76.51765,36.14217,2026-06-25 00:00:00,2026-07-14 00:00:00,None,,None,,2099588,Reconyx HC500 Hyperfire,0,Camera Functioning,Knee height,,Parallel,,,,24,Timbermill_Camera_Traps_2026,,,,,,Poorly focused reconyx hyperfire1. Distances only out to 6m due to private property
2011183,TE10_AD01_CamB_2026_D2_TL,TE10_AD01,-76.60902,36.15204,2026-05-13 00:00:00,2026-06-18 00:00:00,None,,None,,2181388,Browning Recon Force HP5 ,0,Camera Functioning,Knee height,,Pointed Downward,,,,0,Timbermill_AHDriFT_2026_TL,,,,,,
2011183,TE09_AD01_CamB_2026_D4_MC,TE09_AD01,-76.59286,36.13631,2026-07-09 00:00:00,2026-07-30 00:00:00,None,,None,,2181097,Browning Recon Force HP5,0,Camera Functioning,Knee height,,Pointed Downward,,,,0.5,Timbermill_AHDriFT_2026_MC,,,,,,
2011183,TE12_CT03_2026_D1,TE12-CT03,-76.59583,36.16444,2026-04-02 00:00:00,2026-05-07 00:00:00,None,,None,,2181097,Browning Recon Force HP5,0,Camera Functioning,Knee height,,Parallel,,,,0,Timbermill_Camera_Traps_2026,,,,,,No distance recorded
2011183,IF03_AD01_CamB_2026_D3_MC,IF03_AD01,-76.57095,36.14274,2026-05-13 00:00:00,2026-06-26 00:00:00,None,,None,,2181097,Browning Recon Force HP5,0,Camera Functioning,Knee height,,Pointed Downward,,,,0.5,Timbermill_AHDriFT_2026_MC,,,,,,
2011183,TO09_AD01_CamA_2026_D2_TL,TO09_AD01,-76.59293,36.13536,2026-05-19 00:00:00,2026-06-17 00:00:00,None,,None,,2099588,Reconyx HC500 Hyperfire,0,Camera Functioning,Knee height,,Pointed Downward,,,,0.5,Timbermill_AHDriFT_2026_TL,,,,,,
2011183,RE02_AD01_2026_CamB_D1_MC,RE02_AD01,-76.52989,36.14847,2026-04-08 00:00:00,2026-05-06 00:00:00,None,,None,,2181096,Browning Defender Pro Scout Max Extreme HD,0,Camera Functioning,Knee height,,Pointed Downward,,,,0.5,Timbermill_AHDriFT_2026_MC,,,,,,No timelapse
2011183,IF03_CT01_2026_D1,IF03_AD01,-76.57095,36.14274,2026-05-13 00:00:00,2026-06-26 00:00:00,None,,None,,2181097,Browning Recon Force HP5,0,Camera Functioning,Knee height,,Pointed Downward,,,,12,Timbermill_Camera_Traps_2026,,,,,,
2011183,TO06_AD01_CamA_2026_D3_TL,TO06-AD01,-76.58169556,36.1496048,2026-06-01 00:00:00,2026-08-08 00:00:00,None,,None,,2181097,Browning Recon Force HP5,0,Camera Functioning,Knee height,,Pointed Downward,,,,0.5,Timbermill_Disrupted_Deployments,Deployments that were removed from the main Timbermill project due to issues with sensor malfunctions or wildlife damage,,,,,Times wrong. No easy way to fix in WI. Camera doesn't take good pictures at night. 
2011183,IF07_CT03_2026_D1,IF07-CT03,-76.56267548,36.14662552,2026-03-27 00:00:00,2026-05-13 00:00:00,None,,None,,2181097,Browning Recon Force HP5,0,Camera Functioning,Knee height,,Parallel,,,,0,Timbermill_Camera_Traps_2026,,,,,,No distances
2011183,TE15_AD01_CamB_2026_D2_MC,TE15-AD01,-76.61750793,36.15167236,2026-04-22 00:00:00,2026-06-19 00:00:00,None,,None,,2181096,Browning Defender Pro Scout Max Extreme HD,0,Camera Functioning,Knee height,,Pointed Downward,,,,0.5,Timbermill_AHDriFT_2026_MC,,,,,,No timelapse
2011183,TO06_AD01_CamB_2026_D2_TL,TO06-AD01,-76.58169556,36.1496048,2026-05-07 00:00:00,2026-06-01 00:00:00,None,,None,,2181388,Browning Recon Force HP5 ,0,Camera Functioning,Knee height,,Pointed Downward,,,,0.5,Timbermill_AHDriFT_2026_TL,,,,,,
2011183,TO04_CT04_2026_D1,TO04-CT04,-76.58525,36.16274,2026-07-09 00:00:00,2026-08-21 00:00:00,None,,None,,2181096,Browning Defender Pro Scout Max Extreme HD,0,Camera Functioning,Knee height,,Parallel,,,,24,Timbermill_Camera_Traps_2026,,,,,,
2011183,TO05_CT03_2026_D1,TO05-CT03,-76.58962,36.14764,2026-06-02 00:00:00,2026-07-08 00:00:00,None,,None,,2181096,Browning Defender Pro Scout Max Extreme HD,0,Camera Functioning,Knee height,,Parallel,,,,24,Timbermill_Camera_Traps_2026,,,,,,
2011183,RE02_AD01_CamB_2026_D3_MC,RE02_AD01,-76.52989,36.14847,2026-06-01 00:00:00,2026-07-27 00:00:00,None,,None,,2188084,Reconyx Hyperfire PC500,0,Camera Functioning,Knee height,,Pointed Downward,,,,,Timbermill_AHDriFT_2026_MC,,,,,,
2011183,RE01_AD01_CamB_2026_D1_MC,RE01_AD01,-76.49314,36.14607,2026-04-12 00:00:00,2026-05-06 00:00:00,None,NA,None,NA,2181097,Browning Recon Force HP5,0,Camera Functioning,Knee height,NA,Pointed Downward,NA,,,,Timbermill_AHDriFT_2026_MC,,,,,,
2011183,RE07_AD01_CamB_2026_D1_MC,RE07_AD01,-76.4939,36.14101,2026-04-12 00:00:00,2026-05-06 00:00:00,None,NA,None,NA,2181388,Browning Recon Force HP5 ,0,Camera Functioning,Knee height,NA,Pointed Downward,NA,,,0.5,Timbermill_AHDriFT_2026_MC,,,,,,No timelapse
2011183,TO15_AD01_CamB_2026_D1_MC,TO15-AD01,-76.61639404,36.15133286,2026-04-02 00:00:00,2026-05-19 00:00:00,None,,None,,2181096,Browning Defender Pro Scout Max Extreme HD,0,Camera Functioning,Knee height,,Pointed Downward,,,,0.5,Timbermill_AHDriFT_2026_MC,,,,,,
2011183,IF06_CT02_2026_D1,IF06-CT02,-76.5462265,36.14646149,2026-05-13 00:00:00,2026-06-26 00:00:00,None,,None,,2181097,Browning Recon Force HP5,0,Camera Functioning,Knee height,,Parallel,,,,9,Timbermill_Camera_Traps_2026,,,,,,
2011183,TO10_CT04_2026_D1,TO10-CT04,-76.60912,36.15224,2026-04-10 00:00:00,2026-05-13 00:00:00,None,,None,,2181096,Browning Defender Pro Scout Max Extreme HD,0,Camera Functioning,Knee height,,Parallel,,,,24,Timbermill_Camera_Traps_2026,,,,,,Distances not recorded
2011183,TO05_AD01_CamB_2026_D1_MC,TO05-AD01,-76.5892868,36.14854813,2026-04-02 00:00:00,2026-05-07 00:00:00,None,,None,,2181097,Browning Recon Force HP5,0,Camera Functioning,Knee height,,Pointed Downward,,,,0.5,Timbermill_AHDriFT_2026_MC,,,,,,No timelapse
2011183,TO03_CT05_2026_D1,TO03-CT05,-76.59926,36.14951,2026-06-17 00:00:00,2026-07-28 00:00:00,None,,None,,2181096,Browning Defender Pro Scout Max Extreme HD,0,Camera Functioning,Knee height,,Parallel,,,,25,Timbermill_Camera_Traps_2026,,,,,,
2011183,TE04_AD01_CamB_2026_D2_TL,TE04-AD01,-76.58351898,36.16321564,2026-05-07 00:00:00,2026-06-02 00:00:00,None,,None,,2181388,Browning Recon Force HP5 ,0,Camera Functioning,Knee height,,Pointed Downward,,,,0.5,Timbermill_AHDriFT_2026_TL,,,,,,
2011183,TO15_CT04_2026_D1,TO15_CT04,-76.61733,36.15093,2026-05-19 00:00:00,2026-06-18 00:00:00,None,NA,None,NA,2181393,Browning Strike Force Pro,0,Camera Functioning,Knee height,NA,Parallel,NA,,,,Timbermill_Camera_Traps_2026,,,,,,
2011183,TO07_AD01_CamB_2026_D2_MC,TO07-AD01,-76.58794403,36.13534927,2026-05-07 00:00:00,2026-06-02 00:00:00,None,,None,,2181097,Browning Recon Force HP5,0,Camera Functioning,Knee height,,Pointed Downward,,,,0.5,Timbermill_AHDriFT_2026_MC,,,,,,
2011183,RE06_CT04_2026_D2,RE06-CT04,-76.50217,36.14412,2026-06-25 00:00:00,2026-07-14 00:00:00,None,,None,,2181097,Browning Recon Force HP5,0,Camera Functioning,Knee height,,Parallel,,,,8,Timbermill_Camera_Traps_2026,,,,,,Many many blanks
2011183,TO08_AD01_CamA_2026_D2_MC,TO08_AD01,-76.59966,36.15628,2026-05-19 00:00:00,2026-06-18 00:00:00,None,,None,,2099588,Reconyx HC500 Hyperfire,0,Camera Functioning,Knee height,,Pointed Downward,,,,0.5,Timbermill_AHDriFT_2026_MC,,,,,,
2011183,TE08_AD01_CamB_2026_D3_TL,TE08_AD01,-76.59859,36.15675,2026-06-18 00:00:00,2026-07-30 00:00:00,None,,None,,2188084,Reconyx Hyperfire PC500,0,Camera Functioning,Knee height,,Pointed Downward,,,,,Timbermill_AHDriFT_2026_TL,,,,,,
2011183,TO14_CT01_2026_D1,TO14-CT01,-76.58014,36.14487,2026-05-23 00:00:00,2026-07-08 00:00:00,None,,None,,2181096,Browning Defender Pro Scout Max Extreme HD,0,Camera Functioning,Knee height,,Parallel,,,,24,Timbermill_Camera_Traps_2026,,,,,,
2011183,RE01_CT07_2026_D1,RE01_CT07,-76.49383,36.14621,2026-06-16 00:00:00,2026-07-14 00:00:00,None,,None,,2181097,Browning Recon Force HP5,0,Camera Functioning,Knee height,,Parallel,,,,23,Timbermill_Camera_Traps_2026,,,,,,
2011183,TO12_AD01_CamA_2026_D3_MC,TO12-AD01,-76.59700775,36.16479492,2026-06-02 00:00:00,2026-07-27 00:00:00,None,,None,,2188084,Reconyx Hyperfire PC500,0,Camera Functioning,Knee height,,Pointed Downward,,,,,Timbermill_AHDriFT_2026_MC,,,,,,
2011183,TE14_AD01_CamA_2026_D2_TL,TE14_AD01,-76.58186,36.14515,2026-05-23 00:00:00,2026-07-08 00:00:00,None,,None,,2181108,Reconyx Hyperfire HC500,0,Camera Functioning,Knee height,,Pointed Downward,,,,0.5,Timbermill_AHDriFT_2026_TL,,,,,,
2011183,IF03_AD01_CamB_2026_D4_MC,IF03_AD01,-76.57095,36.14274,2026-06-26 00:00:00,2026-07-30 00:00:00,None,,None,,2181097,Browning Recon Force HP5,0,Camera Functioning,Knee height,,Pointed Downward,,,,0.5,Timbermill_AHDriFT_2026_MC,,,,,,
2011183,IF02_AD01_CamB_2026_D2_TL,IF02_AD01,-76.52563,36.16337,2026-05-06 00:00:00,2026-06-16 00:00:00,None,,None,,2181388,Browning Recon Force HP5 ,0,Camera Functioning,Knee height,,Pointed Downward,,,,0.5,Timbermill_AHDriFT_2026_TL,,,,,,
2011183,TO01_AD01_CamA_2026_D1_MC,TO01_AD01,-76.60004,36.14389,2026-04-10 00:00:00,2026-05-23 00:00:00,None,NA,None,NA,2181097,Browning Recon Force HP5,0,Camera Functioning,Knee height,NA,Pointed Downward,NA,,,0.5,Timbermill_AHDriFT_2026_MC,,,,,,No timelapse
2011183,TO06_AD01_CamA_2026_D3_MC,TO06-AD01,-76.58169556,36.1496048,2026-05-01 00:00:00,2026-07-08 00:00:00,None,,None,,2181097,Browning Recon Force HP5,0,Camera Functioning,Knee height,,Pointed Downward,,,,0.5,Timbermill_Disrupted_Deployments,Deployments that were removed from the main Timbermill project due to issues with sensor malfunctions or wildlife damage,,,,,Times wrong. Can't be easily fixed in WI. Pictures at night are all black
2011183,TE14_AD01_CamA_2026_D2_MC,TE14_AD01,-76.58186,36.14515,2026-05-23 00:00:00,2026-07-08 00:00:00,None,,None,,2181108,Reconyx Hyperfire HC500,0,Camera Functioning,Knee height,,Pointed Downward,,,,0.5,Timbermill_AHDriFT_2026_MC,,,,,,
2011183,TO14_AD01_CamA_2026_D3_TL,TO14_AD01,-76.58107,36.14517,2026-05-23 00:00:00,2026-07-08 00:00:00,None,,None,,2181108,Reconyx Hyperfire HC500,0,Camera Functioning,Knee height,,Pointed Downward,,,,,Timbermill_AHDriFT_2026_TL,,,,,,
2011183,TE01_AD01_CamB_2026_D2_MC,TE01_AD01,-76.60043,36.14489,2026-05-23 00:00:00,2026-06-17 00:00:00,None,,None,,2181097,Browning Recon Force HP5,0,Camera Functioning,Knee height,,Pointed Downward,,,,0.5,Timbermill_AHDriFT_2026_MC,,,,,,
2011183,TE04_CT05_2026_D2,TE04-CT05,-76.58543,36.16342,2026-07-02 00:00:00,2026-07-30 00:00:00,None,,None,,2181096,Browning Defender Pro Scout Max Extreme HD,0,Camera Functioning,Knee height,,Parallel,,,,16,Timbermill_Camera_Traps_2026,,,,,,
2011183,TE06_AD01_CamA_2026_D3_MC,TE06-AD01,-76.58263397,36.1493454,2026-06-02 00:00:00,2026-07-08 00:00:00,None,,None,,2181388,Browning Recon Force HP5 ,0,Camera Functioning,Knee height,,Pointed Downward,,,,0.5,Timbermill_AHDriFT_2026_MC,,,,,,
2011183,TO10_AD01_CamB_2026_D1_MC,TO10_AD01,-76.60828,36.15252,2026-04-10 00:00:00,2026-05-13 00:00:00,None,NA,None,NA,2181097,Browning Recon Force HP5,0,Camera Functioning,Knee height,NA,Pointed Downward,NA,,,,Timbermill_AHDriFT_2026_MC,,,,,,
2011183,TE13_CT02_2026_D1,TE13-CT02,-76.58093,36.13509,2026-04-01 00:00:00,2026-05-19 00:00:00,None,,None,,2181097,Browning Recon Force HP5,0,Camera Functioning,Knee height,,Parallel,,,,0,Timbermill_Camera_Traps_2026,,,,,,No distances
2011183,TO05_AD01_CamB_2026_D2_MC,TO05-AD01,-76.5892868,36.14854813,2026-05-07 00:00:00,2026-06-02 00:00:00,None,,None,,2181097,Browning Recon Force HP5,0,Camera Functioning,Knee height,,Pointed Downward,,,,0.5,Timbermill_AHDriFT_2026_MC,,,,,,
2011183,TO06_CT04_2026_D1,TO06-CT04,-76.58263,36.14956,2026-04-02 00:00:00,2026-05-07 00:00:00,None,,None,,2181097,Browning Recon Force HP5,0,Camera Functioning,Knee height,,Parallel,,,,0,Timbermill_Camera_Traps_2026,,,,,,No distances
2011183,RE06_AD01_CamA_2026_D1_MC,RE06_AD01,-76.50294,36.14434,2026-04-12 00:00:00,2026-05-06 00:00:00,None,NA,None,NA,2181097,Browning Recon Force HP5,0,Camera Functioning,Knee height,NA,Pointed Downward,NA,,,0.5,Timbermill_AHDriFT_2026_MC,,,,,,1-minute timelapse
2011183,TE10_CT05_2026_D1,TE10-CT05,-76.60932,36.15293,2026-06-18 00:00:00,2026-07-22 00:00:00,None,,None,,2181096,Browning Defender Pro Scout Max Extreme HD,0,Camera Functioning,Knee height,,Parallel,,,,12,Timbermill_Camera_Traps_2026,,,,,,
2011183,RE05_CT07_2026_D1,RE05-CT07,-76.51725,36.14202,2026-06-17 00:00:00,2026-07-28 00:00:00,None,,None,,2181097,Browning Recon Force HP5,0,Camera Functioning,Knee height,,Parallel,,,,18,Timbermill_Camera_Traps_2026,,,,,,
2011183,IF02_AD01_CamA_2026_D3_MC,IF02-AD01,-76.52563477,36.16337204,2026-06-16 00:00:00,2026-07-20 00:00:00,None,,None,,2188084,Reconyx Hyperfire PC500,0,Camera Hardware Failure,Knee height,,Pointed Downward,,,,,Timbermill_AHDriFT_2026_MC,,,,,,
2011183,TE02_AD01_CamA_2026_D3_MC,TE02_AD01,-76.60591,36.1469,2026-05-19 00:00:00,2026-06-18 00:00:00,None,,None,,2099588,Reconyx HC500 Hyperfire,0,Camera Functioning,Knee height,,Pointed Downward,,,,0.5,Timbermill_AHDriFT_2026_MC,,,,,,
2011183,TE15_AD01_CamB_2026_D3_TL,TE15_AD01,-76.61751,36.15167,2026-05-19 00:00:00,2026-06-18 00:00:00,None,,None,,2181097,Browning Recon Force HP5,0,Wildlife Damage,Knee height,,Pointed Downward,,,,0.5,Timbermill_AHDriFT_2026_TL,,,,,,FLipped by bear on 2026-05-31
2011183,RE03_AD01_CamA_2026_D3_MC,RE03_AD01,-76.53149,36.1369,2026-05-06 00:00:00,2026-06-01 00:00:00,None,,None,,2099588,Reconyx HC500 Hyperfire,0,Camera Functioning,Knee height,,Pointed Downward,,,,0.5,Timbermill_AHDriFT_2026_MC,,,,,,
2011183,RE09_AD01_CamA_2026_D3_MC,RE09_AD01,-76.52644,36.17043,2026-06-16 00:00:00,2026-06-23 00:00:00,None,,None,,2099588,Reconyx HC500 Hyperfire,0,Wildlife Damage,Knee height,,Pointed Downward,,,,0.5,Timbermill_AHDriFT_2026_MC,,,,,,flipped by bear
2011183,RE08_AD01_CamB_2026_D2_TL,RE08_AD01,-76.49445,36.15331,2026-05-07 00:00:00,2026-06-25 00:00:00,None,,None,,2181097,Browning Recon Force HP5,0,Camera Functioning,Knee height,,Pointed Downward,,,,0.5,Timbermill_AHDriFT_2026_TL,,,,,,
2011183,TO03_AD01_CamB_2026_D3_MC,TO03-AD01,-76.59822083,36.14921951,2026-06-17 00:00:00,2026-07-28 00:00:00,None,,None,,2188084,Reconyx Hyperfire PC500,0,Camera Functioning,Knee height,,Pointed Downward,,,,,Timbermill_AHDriFT_2026_MC,,,,,,
2011183,RE08_AD01_CamA_2026_D2_MC,RE08_AD01,-76.49445,36.15331,2026-05-07 00:00:00,2026-06-25 00:00:00,None,,None,,2181097,Browning Recon Force HP5,0,Camera Functioning,Knee height,,Pointed Downward,,,,0.5,Timbermill_AHDriFT_2026_MC,,,,,,
2011183,IF09_AD01_CamB_2026_D2_MC,IF09_AD01,-76.53577,36.16352,2026-05-06 00:00:00,2026-06-16 00:00:00,None,,None,,2181388,Browning Recon Force HP5 ,0,Camera Functioning,Knee height,,Pointed Downward,,,,0.5,Timbermill_AHDriFT_2026_MC,,,,,,
2011183,TO07_AD01_CamB_2026_D2_TL,TO07-AD01,-76.58794403,36.13534927,2026-05-07 00:00:00,2026-06-02 00:00:00,None,,None,,2181388,Browning Recon Force HP5 ,0,Camera Functioning,Knee height,,Pointed Downward,,,,0.5,Timbermill_AHDriFT_2026_TL,,,,,,
2011183,TE03_CT03_2026_D1,TE03-CT03,-76.59792,36.14857,2026-06-17 00:00:00,2026-07-28 00:00:00,None,,None,,2181097,Browning Recon Force HP5,0,Camera Functioning,Knee height,,Parallel,,,,19,Timbermill_Camera_Traps_2026,,,,,,
2011183,TE02_AD01_CamA_2026_D4_MC,TE02-AD01,-76.60591125,36.14690399,2026-06-18 00:00:00,2026-07-28 00:00:00,None,,None,,2188084,Reconyx Hyperfire PC500,0,Camera Functioning,Knee height,,Pointed Downward,,,,,Timbermill_AHDriFT_2026_MC,,,,,,
2011183,RE03_AD01_CamA_2026_D4_MC,RE03-AD01,-76.53149414,36.13689804,2026-06-01 00:00:00,2026-07-28 00:00:00,None,,None,,2188084,Reconyx Hyperfire PC500,0,Camera Functioning,Knee height,,Pointed Downward,,,,,Timbermill_AHDriFT_2026_MC,,,,,,
2011183,TO14_AD01_CamA_2026_D4_TL,TO14_AD01,-76.58107,36.14517,2026-07-08 00:00:00,2026-07-30 00:00:00,None,,None,,2099588,Reconyx HC500 Hyperfire,0,Camera Functioning,Knee height,,Pointed Downward,,,,0.5,Timbermill_AHDriFT_2026_TL,,,,,,
2011183,RE04_AD01_CamA_2026_D2_TL,RE04_AD01,-76.53487,36.1441,2026-05-23 00:00:00,2026-06-17 00:00:00,None,,None,,2099588,Reconyx HC500 Hyperfire,0,Camera Functioning,Knee height,,Pointed Downward,,,,0,Timbermill_AHDriFT_2026_TL,,,,,,
2011183,IF08_CT04_2026_D1,IF08-CT04,-76.56202698,36.13208008,2026-07-08 00:00:00,2026-07-28 00:00:00,None,,None,,2181097,Browning Recon Force HP5,0,Camera Functioning,Knee height,,Parallel,,,,12,Timbermill_Camera_Traps_2026,,,,,,
2011183,RE09_AD01_CamB_2026_D3_MC,RE09_AD01,-76.52644,36.17043,2026-06-16 00:00:00,2026-07-14 00:00:00,None,,None,,2181097,Browning Recon Force HP5,0,Camera Functioning,Knee height,,Pointed Downward,,,,0.5,Timbermill_AHDriFT_2026_MC,,,,,,fence destroyed 
2011183,IF04_AD01_CamB_2026_D1_MC,IF04_AD01,-76.51594,36.16201,2026-04-08 00:00:00,2026-05-06 00:00:00,None,,None,,2181096,Browning Defender Pro Scout Max Extreme HD,0,Camera Functioning,Knee height,,Pointed Downward,,,,,Timbermill_AHDriFT_2026_MC,,,,,,no timelapse
2011183,TE16_AD01_CamB_2026_D3_MC,TE16-AD01,-76.59059906,36.16350937,2026-06-02 00:00:00,2026-07-27 00:00:00,None,,None,,2181097,Browning Recon Force HP5,0,Camera Functioning,Knee height,,Pointed Downward,,,,,Timbermill_AHDriFT_2026_MC,,,,,,
2011183,RE02_CT06_2026_D1,RE02-CT06,-76.53014,36.14857,2026-04-08 00:00:00,2026-05-06 00:00:00,None,,None,,2181097,Browning Recon Force HP5,0,Camera Functioning,Knee height,,Parallel,,,,,Timbermill_Camera_Traps_2026,,,,,,No distance recorded
2011183,IF04_AD01_CamA_2026_D1_MC,IF04_AD01,-76.51594,36.16201,2026-04-08 00:00:00,2026-04-17 00:00:00,None,NA,None,NA,2181387,Reconyx Hyperfire PC800,0,Camera Hardware Failure,Knee height,NA,Pointed Downward,NA,,,,Timbermill_AHDriFT_2026_MC,,,,,,
2011183,IF06_AD01_CamA_2026_D2_TL,IF06_AD01,-76.54578,36.14648,2026-05-13 00:00:00,2026-06-26 00:00:00,None,,None,,2099588,Reconyx HC500 Hyperfire,0,Camera Functioning,Knee height,,Pointed Downward,,,,0.5,Timbermill_AHDriFT_2026_TL,,,,,,
2011183,RE02_CT09_2026_D1,RE02_CT09,-76.52936,36.14846,2026-05-06 00:00:00,2026-06-01 00:00:00,None,NA,None,NA,2181097,Browning Recon Force HP5,0,Camera Functioning,Knee height,NA,Parallel,NA,,,6,Timbermill_Camera_Traps_2026,,,,,,Images were accidentally uploaded to IF04_CT03_2026_D1. Non-blanks were downloaded and reuploaded manually. 
2011183,IF04_AD01_CamB_2026_D3_MC,IF04-AD01,-76.51593781,36.16200638,2026-06-01 00:00:00,2026-07-27 00:00:00,None,,None,,2181097,Browning Recon Force HP5,0,Camera Functioning,Knee height,,Pointed Downward,,,,,Timbermill_AHDriFT_2026_MC,,,,,,
2011183,IF07_AD01_CamA_2026_D2_TL,IF07_AD01,-76.56274,36.14658,2026-05-13 00:00:00,2026-06-26 00:00:00,None,,None,,2099588,Reconyx HC500 Hyperfire,0,Camera Functioning,Knee height,,Pointed Downward,,,,0.5,Timbermill_AHDriFT_2026_TL,,,,,,
2011183,IF07_AD01_CamB_2026_D3_MC,IF07_AD01,-76.56274,36.14658,2026-06-26 00:00:00,2026-07-31 00:00:00,None,,None,,2181097,Browning Recon Force HP5,0,Camera Functioning,Knee height,,Pointed Downward,,,,0.5,Timbermill_AHDriFT_2026_MC,,,,,,
2011183,TE15_CT02_2026_D1,TE15_CT02,-76.61578,36.15088,2026-05-19 00:00:00,2026-06-18 00:00:00,None,NA,None,NA,2181393,Browning Strike Force Pro,0,Camera Functioning,Knee height,NA,Parallel,NA,,,,Timbermill_Camera_Traps_2026,,,,,,
2011183,RE08_CT04_2026_D1,RE08-CT04,-76.49451,36.15355,2026-07-14 00:00:00,2026-08-21 00:00:00,None,,None,,2181097,Browning Recon Force HP5,0,Camera Functioning,Knee height,,Parallel,,,,9,Timbermill_Camera_Traps_2026,,,,,,
2011183,TE03_AD01_CamA_2026_D2_TL,TE03_AD01,-76.59934,36.14878,2026-05-19 00:00:00,2026-06-17 00:00:00,None,,None,,2181388,Browning Recon Force HP5 ,0,Camera Functioning,Knee height,,Pointed Downward,,,,,Timbermill_AHDriFT_2026_TL,,,,,,
2011183,RE06_AD01_CamB_2026_D2_MC,RE06_AD01,-76.50294,36.14434,2026-05-06 00:00:00,2026-05-24 00:00:00,None,,None,,2181097,Browning Recon Force HP5,0,Camera Hardware Failure,Knee height,,Pointed Downward,,,,0.5,Timbermill_AHDriFT_2026_MC,,,,,,
2011183,IF03_AD01_CamA_2026_D3_MC,IF03_AD01,-76.57095,36.14274,2026-05-13 00:00:00,2026-06-26 00:00:00,None,,None,,2181097,Browning Recon Force HP5,0,Camera Functioning,Knee height,,Pointed Downward,,,,0.5,Timbermill_Disrupted_Deployments,Deployments that were removed from the main Timbermill project due to issues with sensor malfunctions or wildlife damage,,,,,Date and time are wrong. I'm having trouble fixing it in WI. No easy way to fix this in WI. Doesn't take good pictures at night
2011183,RE07_CT07_2026_D1,RE07-CT07,-76.49389,36.14138,2026-05-06 00:00:00,2026-06-16 00:00:00,None,,None,,2181108,Reconyx Hyperfire HC500,0,Camera Functioning,Knee height,,Parallel,,,,12,Timbermill_Camera_Traps_2026,,,,,,
2011183,TO01_AD01_CamA_2026_D2_TL,TO01_AD01,-76.60004,36.14389,2026-05-23 00:00:00,2026-06-17 00:00:00,None,,None,,2181097,Browning Recon Force HP5,0,Camera Functioning,Knee height,,Pointed Downward,,,,0.5,Timbermill_AHDriFT_2026_TL,,,,,,
2011183,RE01_AD01_CamA_2026_D3_MC,RE01_AD01,-76.49314,36.14607,2026-06-16 00:00:00,2026-07-30 00:00:00,None,,None,,2188084,Reconyx Hyperfire PC500,0,Camera Functioning,Knee height,,Pointed Downward,,,,,Timbermill_AHDriFT_2026_MC,,,,,,
2011183,TE15_AD01_CamB_2026_D1,TE15_AD01,-76.61751,36.15167,2026-04-02 00:00:00,2026-05-07 00:00:00,None,,None,,2181096,Browning Defender Pro Scout Max Extreme HD,0,Camera Functioning,Knee height,,Pointed Downward,,,,0.5,Timbermill_AHDriFT_2026_TL,,,,,,No timelapse
2011183,TE16_AD01_CamA_2026_D1_MC,TE16-AD01,-76.59059906,36.16350937,2026-04-02 00:00:00,2026-05-03 00:00:00,None,,None,,2181108,Reconyx Hyperfire HC500,0,Camera Hardware Failure,Knee height,,Pointed Downward,,,,0.5,Timbermill_AHDriFT_2026_MC,,,,,,1-minute timelapse
2011183,IF07_AD01_CamA_2026_D2_MC,IF07_AD01,-76.56274,36.14658,2026-05-13 00:00:00,2026-06-26 00:00:00,None,,None,,2099588,Reconyx HC500 Hyperfire,0,Camera Functioning,Knee height,,Pointed Downward,,,,0.5,Timbermill_AHDriFT_2026_MC,,,,,,
2011183,TE12_AD01_CamA_2026_D3_MC,TE12-AD01,-76.5975647,36.16421127,2026-06-02 00:00:00,2026-07-27 00:00:00,None,,None,,2188084,Reconyx Hyperfire PC500,0,Camera Functioning,Knee height,,Pointed Downward,,,,,Timbermill_AHDriFT_2026_MC,,,,,,
2011183,IF09_AD01_CamA_2026_D1_MC,IF09_AD01,-76.53577,36.16352,2026-04-08 00:00:00,2026-05-06 00:00:00,None,,None,,2099588,Reconyx HC500 Hyperfire,0,Camera Functioning,Knee height,,Pointed Downward,,,,0.5,Timbermill_AHDriFT_2026_MC,,,,,,
2011183,IF02_CT03_2026_D1,IF02-CT03,-76.5256424,36.16320038,2026-06-16 00:00:00,2026-07-27 00:00:00,None,,None,,2181096,Browning Defender Pro Scout Max Extreme HD,0,Camera Functioning,Knee height,,Parallel,,,,9,Timbermill_Camera_Traps_2026,,,,,,
2011183,TO13_CT04_2026_D1,TO13_CT04,-76.58248,36.13493,2026-05-19 00:00:00,2026-06-17 00:00:00,None,NA,None,NA,2181097,Browning Recon Force HP5,0,Camera Functioning,Knee height,NA,Parallel,NA,,,,Timbermill_Camera_Traps_2026,,,,,,
2011183,IF01_AD01_CamA_2026_D1_MC,IF01_AD01,-76.54704,36.13051,2026-03-28 00:00:00,2026-03-31 00:00:00,None,NA,None,NA,2181387,Reconyx Hyperfire PC800,0,Camera Hardware Failure,Knee height,NA,Pointed Downward,NA,,,0.5,Timbermill_AHDriFT_2026_MC,,,,,,
2011183,TO03_CT04_2026_D1,TO03-CT04,-76.59911,36.14867,2026-04-10 00:00:00,2026-05-19 00:00:00,None,,None,,2181097,Browning Recon Force HP5,0,Camera Functioning,Knee height,,Parallel,,,,0,Timbermill_Camera_Traps_2026,,,,,,Distance not saved
2011183,TO05_AD01_CamB_2026_D3_MC,TO05-AD01,-76.5892868,36.14854813,2026-05-06 00:00:00,2026-06-18 00:00:00,None,,None,,2099591,Browning Recon Force Elite,0,Camera Functioning,Knee height,,Pointed Downward,,,,0.5,Timbermill_AHDriFT_2026_MC,,,,,,
2011183,TO13_CT05_2026_D1,TO13-CT05,-76.58247,36.13559,2026-04-01 00:00:00,2026-05-19 00:00:00,None,,None,,2181097,Browning Recon Force HP5,0,Camera Functioning,Knee height,,Parallel,,,,0,Timbermill_Camera_Traps_2026,,,,,,No distances
2011183,IF02_AD01_CamA_2026_D2_MC,IF02_AD01,-76.52563,36.16337,2026-05-06 00:00:00,2026-06-16 00:00:00,None,,None,,2099588,Reconyx HC500 Hyperfire,0,Camera Functioning,Knee height,,Pointed Downward,,,,0.5,Timbermill_AHDriFT_2026_MC,,,,,,
2011183,RE08_CT02_2026_D1,RE08-CT02,-76.49467,36.1529,2026-05-06 00:00:00,2026-06-02 00:00:00,None,,None,,2181097,Browning Recon Force HP5,0,Camera Functioning,Knee height,,Parallel,,,,,Timbermill_Camera_Traps_2026,,,,,,
2011183,TO04_AD01_CamA_2026_D1_MC,TO04-AD01,-76.58500671,36.16300201,2026-04-01 00:00:00,2026-05-07 00:00:00,None,,None,,2181108,Reconyx Hyperfire HC500,0,Camera Functioning,Knee height,,Pointed Downward,,,,0.5,Timbermill_AHDriFT_2026_MC,,,,,,
2011183,TE07_CT01_2026_D1,TE07-CT01,-76.58778,36.13622,2026-04-01 00:00:00,2026-05-07 00:00:00,None,,None,,2181097,Browning Recon Force HP5,0,Camera Functioning,Knee height,,Parallel,,,,0,Timbermill_Camera_Traps_2026,,,,,,No distance recorded
2011183,TE03_AD01_CamB_2026_D2_MC,TE03_AD01,-76.59934,36.14878,2026-05-19 00:00:00,2026-06-17 00:00:00,None,,None,,2099588,Reconyx HC500 Hyperfire,0,Camera Functioning,Knee height,,Pointed Downward,,,,0.5,Timbermill_AHDriFT_2026_MC,,,,,,
2011183,TE09_AD01_CamB_2026_D3_TL,TE09_AD01,-76.59286,36.13631,2026-06-17 00:00:00,2026-06-26 00:00:00,None,,None,,2181097,Browning Recon Force HP5,0,Wildlife Damage,Knee height,,Pointed Downward,,,,2,Timbermill_AHDriFT_2026_TL,,,,,,Flipped by bear
2011183,TO09_AD01_CamB_2026_D2_MC,TO09_AD01,-76.59293,36.13536,2026-05-23 00:00:00,2026-06-17 00:00:00,None,,None,,2181388,Browning Recon Force HP5 ,0,Camera Functioning,Knee height,,Pointed Downward,,,,0.5,Timbermill_AHDriFT_2026_MC,,,,,,
2011183,RE08_CT09_2026_D2,RE08-CT09,-76.49471,36.15351,2026-06-25 00:00:00,2026-07-14 00:00:00,None,,None,,2181097,Browning Recon Force HP5,0,Camera Functioning,Knee height,,Parallel,,,,8,Timbermill_Camera_Traps_2026,,,,,,
2011183,TE14_AD01_CamB_2026_D3_MC,TE14_AD01,-76.58186,36.14515,2026-07-08 00:00:00,2026-07-30 00:00:00,None,,None,,2181097,Browning Recon Force HP5,0,Camera Functioning,Knee height,,Pointed Downward,,,,0.5,Timbermill_AHDriFT_2026_MC,,,,,,
2011183,TO01_AD01_CamA_2026_D3_MC,TO01_AD01,-76.60004,36.14389,2026-06-17 00:00:00,2026-07-27 00:00:00,None,,None,,2181387,Reconyx Hyperfire PC800,0,Camera Hardware Failure,Knee height,,Pointed Downward,,,,0.5,Timbermill_AHDriFT_2026_MC,,,,,,
2011183,TO13_AD01_CamB_2026_D2_MC,TO13_AD01,-76.58173,36.13503,2026-05-19 00:00:00,2026-06-17 00:00:00,None,,None,,2181388,Browning Recon Force HP5 ,0,Camera Functioning,Knee height,,Pointed Downward,,,,0.5,Timbermill_AHDriFT_2026_MC,,,,,,
2011183,IF01_AD01_CamB_2026_D2_MC,IF01_AD01,-76.54704,36.13051,2026-05-06 00:00:00,2026-06-01 00:00:00,None,,None,,2181388,Browning Recon Force HP5 ,0,Camera Functioning,Knee height,,Pointed Downward,,,,0.5,Timbermill_AHDriFT_2026_MC,,,,,,
2011183,TE05_AD01_CamA_2026_D1_MC,TE05-AD01,-76.58969116,36.14929581,2026-04-02 00:00:00,2026-05-05 00:00:00,None,,None,,2181388,Browning Recon Force HP5 ,0,Camera Hardware Failure,Knee height,,Pointed Downward,,,,0.5,Timbermill_AHDriFT_2026_MC,,,,,,1-minute timelapse
2011183,TE06_AD01_CamA_2026_D4_MC,TE06-AD01,-76.58263397,36.1493454,2026-07-08 00:00:00,2026-07-30 00:00:00,None,,None,,2181097,Browning Recon Force HP5,0,Camera Functioning,Knee height,,Pointed Downward,,,,0.5,Timbermill_AHDriFT_2026_MC,,,,,,
2011183,TO14_AD01_CamB_2026_D3_MC,TO14_AD01,-76.58107,36.14517,2026-05-23 00:00:00,2026-06-09 00:00:00,None,,None,,2181097,Browning Recon Force HP5,0,Camera Hardware Failure,Knee height,,Pointed Downward,,,,0.5,Timbermill_AHDriFT_2026_MC,,,,,,
2011183,TO07_AD01_CamA_2026_D2_TL,TO07-AD01,-76.58794403,36.13534927,2026-05-07 00:00:00,2026-06-02 00:00:00,None,,None,,2181108,Reconyx Hyperfire HC500,0,Camera Functioning,Knee height,,Pointed Downward,,,,0.5,Timbermill_AHDriFT_2026_TL,,,,,,
2011183,RE05_AD01_CamA_2026_D3_MC,RE05_AD01,-76.51705,36.14177,2026-06-25 00:00:00,2026-07-14 00:00:00,None,,None,,2099588,Reconyx HC500 Hyperfire,0,Wildlife Damage,Knee height,,Pointed Downward,,,,0.5,Timbermill_AHDriFT_2026_MC,,,,,,
2011183,TO08_AD01_CamB_2026_D3_MC,TO08_AD01,-76.59966,36.15628,2026-06-18 00:00:00,2026-07-14 00:00:00,None,,None,,2181097,Browning Recon Force HP5,0,Camera Functioning,Knee height,,Pointed Downward,,,,0.5,Timbermill_AHDriFT_2026_MC,,,,,,
2011183,RE01_AD01_CamB_2026_D2_MC,RE01_AD01,-76.49314,36.14607,2026-05-06 00:00:00,2026-06-16 00:00:00,None,,None,,2181388,Browning Recon Force HP5 ,0,Camera Functioning,Knee height,,Pointed Downward,,,,0.5,Timbermill_AHDriFT_2026_MC,,,,,,Not programed to timelapse
2011183,TO02_AD01_CamB_2026_D1_MC,TO02_AD01,-76.60557,36.14774,2026-04-10 00:00:00,2026-05-19 00:00:00,None,NA,None,,2181388,Browning Recon Force HP5 ,0,Camera Functioning,Knee height,NA,Pointed Downward,NA,,,0.5,Timbermill_AHDriFT_2026_MC,,,,,,No timelapse
2011183,TE13_AD01_CamA_2026_D2_MC,TE13_AD01,-76.5825,36.13573,2026-05-19 00:00:00,2026-06-17 00:00:00,None,,None,,2099588,Reconyx HC500 Hyperfire,0,Camera Functioning,Knee height,,Pointed Downward,,,,0.5,Timbermill_AHDriFT_2026_MC,,,,,,
2011183,TO08_AD01_CamB_2026_D2_TL,TO08_AD01,-76.59966,36.15628,2026-05-19 00:00:00,2026-06-18 00:00:00,None,,None,,2181388,Browning Recon Force HP5 ,0,Camera Functioning,Knee height,,Pointed Downward,,,,0.5,Timbermill_AHDriFT_2026_TL,,,,,,
2011183,RE04_CT02_2026_D1,RE04-CT02,-76.53448,36.14417,2026-07-09 00:00:00,2026-08-21 00:00:00,None,,None,,2181097,Browning Recon Force HP5,0,Camera Functioning,Knee height,,Parallel,,,,15,Timbermill_Camera_Traps_2026,,,,,,
2011183,RE04_AD01_CamB_2026_D2_TL,RE04_AD01,-76.53487,36.1441,2026-05-23 00:00:00,2026-06-17 00:00:00,None,,None,,2181388,Browning Recon Force HP5 ,0,Camera Functioning,Knee height,,Pointed Downward,,,,0.5,Timbermill_AHDriFT_2026_TL,,,,,,
2011183,TO06_CT03_2026_D1,TO06-CT03,-76.58167,36.14904,2026-05-07 00:00:00,2026-06-02 00:00:00,None,,None,,2181096,Browning Defender Pro Scout Max Extreme HD,0,Unknown Failure,Knee height,,Parallel,,,,24,Timbermill_Camera_Traps_2026,,,,,,
2011183,RE06_AD01_CamA_2026_D3_MC,RE06_AD01,-76.50294,36.14434,2026-06-25 00:00:00,2026-07-30 00:00:00,None,,None,,2188084,Reconyx Hyperfire PC500,0,Camera Functioning,Knee height,,Pointed Downward,,,,,Timbermill_AHDriFT_2026_MC,,,,,,
2011183,RE09_AD01_CamA_2026_D3_TL,RE09_AD01,-76.52644,36.17043,2026-06-16 00:00:00,2026-06-23 00:00:00,None,,None,,2181108,Reconyx Hyperfire HC500,0,Wildlife Damage,Knee height,,Pointed Downward,,,,0.5,,,,,,,flipped by bear
2011183,TO16_AD01_CamA_2026_D1_MC,TO16-AD01,-76.58946228,36.16297531,2026-04-01 00:00:00,2026-04-21 00:00:00,None,,None,,2181108,Reconyx Hyperfire HC500,0,Camera Hardware Failure,Knee height,,Pointed Downward,,,,0.5,Timbermill_AHDriFT_2026_MC,,,,,,1-minute timelapse
2011183,TO09_CT01_2026_D1,TO09-CT01,-76.59263,36.1362,2026-04-08 00:00:00,2026-05-19 00:00:00,None,,None,,2181097,Browning Recon Force HP5,0,Camera Functioning,Knee height,,Parallel,,,,0,Timbermill_Camera_Traps_2026,,,,,,No distances
2011183,TE14_AD01_2026_D1_CamB_MC,TE14-AD01,-76.5818634,36.14514542,2026-04-02 00:00:00,2026-05-23 00:00:00,None,,None,,2181096,Browning Defender Pro Scout Max Extreme HD,0,Camera Functioning,Knee height,,Pointed Downward,,,,0.5,Timbermill_AHDriFT_2026_MC,,,,,,No timelapse
2011183,TE02_CT05_2026_D1,TE02-CT05,-76.60683,36.148,2026-06-18 00:00:00,2026-07-28 00:00:00,None,,None,,2181096,Browning Defender Pro Scout Max Extreme HD,0,Camera Functioning,Knee height,,Parallel,,,,12,,,,,,,
2011183,RE03_AD01_CamB_2026_D4_MC,RE03-AD01,-76.53149414,36.13689804,2026-06-01 00:00:00,2026-07-28 00:00:00,None,,None,,2181097,Browning Recon Force HP5,0,Camera Functioning,Knee height,,Pointed Downward,,,,,Timbermill_AHDriFT_2026_MC,,,,,,
2011183,IF04_AD01_CamA_2026_D3_MC,IF04-AD01,-76.51593781,36.16200638,2026-06-01 00:00:00,2026-07-27 00:00:00,None,,None,,2188084,Reconyx Hyperfire PC500,0,Camera Functioning,Knee height,,Pointed Downward,,,,,Timbermill_AHDriFT_2026_MC,,,,,,
2011183,IF05_CT04_2026_D1,IF05-CT04,-76.51165009,36.15345001,2026-05-06 00:00:00,2026-06-25 00:00:00,None,,None,,2181097,Browning Recon Force HP5,0,Camera Functioning,Knee height,,Parallel,,,,9,Timbermill_Camera_Traps_2026,,,,,,Distances not on SD card. On another?
2011183,RE07_CT02_2026_D1,RE07-CT02,-76.49399,36.14142,2026-06-16 00:00:00,2026-07-30 00:00:00,None,,None,,2181097,Browning Recon Force HP5,0,Camera Functioning,Knee height,,Parallel,,,,6,Timbermill_Camera_Traps_2026,,,,,,
2011183,RE04_AD01_CamA_2026_D3_MC,RE04-AD01,-76.53487396,36.144104,2026-06-17 00:00:00,2026-07-08 00:00:00,None,,None,,2188084,Reconyx Hyperfire PC500,0,Camera Hardware Failure,Knee height,,Pointed Downward,,,,,Timbermill_AHDriFT_2026_MC,,,,,,
2011183,TE11_AD01_CamB_2026_D2_MC,TE11-AD01,-76.5831604,36.15631866,2026-05-07 00:00:00,2026-06-02 00:00:00,None,,None,,2181097,Browning Recon Force HP5,0,Camera Functioning,Knee height,,Pointed Downward,,,,0.5,Timbermill_AHDriFT_2026_MC,,,,,,
2011183,TO09_AD01_CamB_2026_D1_MC,TO09_AD01,-76.59293,36.13536,2026-04-08 00:00:00,2026-05-19 00:00:00,None,NA,None,NA,2181097,Browning Recon Force HP5,0,Camera Functioning,Knee height,NA,Pointed Downward,NA,,,,Timbermill_AHDriFT_2026_MC,,,,,,
2011183,TE09_CT04_2026_D1,TE09-CT04,-76.59274,36.13464,2026-04-08 00:00:00,2026-05-19 00:00:00,None,,None,,2181096,Browning Defender Pro Scout Max Extreme HD,0,Camera Functioning,Knee height,,Parallel,,,,0,Timbermill_Camera_Traps_2026,,,,,,No distances
2011183,TE07_AD01_CamB_2026_D2_TL,TE07-AD01,-76.58805847,36.13465118,2026-05-19 00:00:00,2026-06-17 00:00:00,None,,None,,2181097,Browning Recon Force HP5,0,Camera Functioning,Knee height,,Pointed Downward,,,,0.5,Timbermill_AHDriFT_2026_TL,,,,,,
2011183,RE09_AD01_CamA_2026_D2_MC,RE09_AD01,-76.52644,36.17043,2026-05-06 00:00:00,2026-06-16 00:00:00,None,,None,,2099588,Reconyx HC500 Hyperfire,0,Camera Functioning,Knee height,,Pointed Downward,,,,0.5,Timbermill_AHDriFT_2026_MC,,,,,,
2011183,RE05_AD01_CamB_2026_D1_MC,RE05_AD01,-76.51705,36.14177,2026-03-28 00:00:00,2026-05-06 00:00:00,None,NA,None,NA,2181097,Browning Recon Force HP5,0,Camera Functioning,Knee height,NA,Pointed Downward,NA,,,0.5,Timbermill_AHDriFT_2026_MC,,,,,,No timelapse
2011183,RE07_CT08_2026_D1,RE07-CT08,-76.4938,36.14103,2026-04-12 00:00:00,2026-05-06 00:00:00,None,,None,,2181097,Browning Recon Force HP5,0,Camera Functioning,Knee height,,Parallel,,,,0,Timbermill_Camera_Traps_2026,,,,,,No distances
2011183,TE04_CT05_2026_D1,TE04-CT05,-76.58543,36.16342,2026-05-07 00:00:00,2026-06-02 00:00:00,None,,None,,2181096,Browning Defender Pro Scout Max Extreme HD,0,Unknown Failure,Knee height,,Parallel,,,,15,Timbermill_Camera_Traps_2026,,,,,,
2011183,TO06_AD01_CamA_2026_D1_MC,TO06-AD01,-76.58169556,36.1496048,2026-04-02 00:00:00,2026-05-07 00:00:00,None,,None,,2181097,Browning Recon Force HP5,0,Camera Functioning,Knee height,,Pointed Downward,,,,0.5,Timbermill_AHDriFT_2026_MC,,,,,,1-min timelapse
2011183,IF09_AD01_CamA_2026_D2_MC,IF09_AD01,-76.53577,36.16352,2026-05-06 00:00:00,2026-06-16 00:00:00,None,,None,,2099588,Reconyx HC500 Hyperfire,0,Camera Hardware Failure,Knee height,,Pointed Downward,,,,0.5,Timbermill_AHDriFT_2026_MC,,,,,,Camera failed on 2026-05-29
2011183,IF06_AD01_CamB_2026_D1_MC,IF06_AD01,-76.54578,36.14648,2026-03-27 00:00:00,2026-03-31 00:00:00,None,NA,None,NA,2181097,Browning Recon Force HP5,0,Camera Hardware Failure,Knee height,NA,Pointed Downward,NA,,,0.5,Timbermill_AHDriFT_2026_MC,,,,,,1-minute timelapse
2011183,TO05_AD01_CamA_2026_D4_MC,TO05-AD01,-76.5892868,36.14854813,2026-06-18 00:00:00,2026-07-28 00:00:00,None,,None,,2181097,Browning Recon Force HP5,0,Camera Functioning,Knee height,,Pointed Downward,,,,,Timbermill_AHDriFT_2026_MC,,,,,,
2011183,IF05_AD01_CamB_2026_D2_TL,IF05_AD01,-76.51158,36.15394,2026-05-06 00:00:00,2026-06-25 00:00:00,None,,None,,2099588,Reconyx HC500 Hyperfire,0,Camera Functioning,Knee height,,Pointed Downward,,,,0.5,Timbermill_AHDriFT_2026_TL,,,,,,
2011183,TE12_AD01_CamA_2026_D1_MC,TE12-AD01,-76.5975647,36.16421127,2026-04-02 00:00:00,2026-04-14 00:00:00,None,,None,,2181108,Reconyx Hyperfire HC500,0,Camera Hardware Failure,Knee height,,Pointed Downward,,,,1,Timbermill_AHDriFT_2026_MC,,,,,,1-minute timelapse
2011183,RE08_AD01_CamB_2026_D1_MC,RE08_AD01,-76.49445,36.15331,2026-04-12 00:00:00,2026-05-06 00:00:00,None,NA,None,NA,2181097,Browning Recon Force HP5,0,Camera Functioning,Knee height,NA,Pointed Downward,NA,,,0.5,Timbermill_AHDriFT_2026_MC,,,,,,No timelapse
2011183,TO07_AD01_CamB_2026_D3_MC,TO07-AD01,-76.58794403,36.13534927,2026-06-02 00:00:00,2026-07-30 00:00:00,None,,None,,2181097,Browning Recon Force HP5,0,Camera Functioning,Knee height,,Pointed Downward,,,,,Timbermill_AHDriFT_2026_MC,,,,,,
2011183,TE15_AD01_CamB_2026_D4_TL,TE15-AD01,-76.61750793,36.15167236,2026-06-18 00:00:00,2026-07-27 00:00:00,None,,None,,2181097,Browning Recon Force HP5,0,Camera Functioning,Knee height,,Pointed Downward,,,,,Timbermill_AHDriFT_2026_TL,,,,,,
2011183,IF03_AD01_CamA_2026_D4_MC,IF03-AD01,-76.57094574,36.14274216,2026-06-26 00:00:00,2026-07-31 00:00:00,None,,None,,2181097,Browning Recon Force HP5,0,Camera Functioning,Knee height,,Pointed Downward,,,,0.5,Timbermill_AHDriFT_2026_MC,,,,,,"Date and time wrong. Final timestamp reads 2020-03-19 @ 10:42 AM
"
2011183,RE05_AD01_CamB_2026_D4_MC,RE05_AD01,-76.51705,36.14177,2026-07-14 00:00:00,2026-07-30 00:00:00,None,,None,,2181097,Browning Recon Force HP5,0,Camera Functioning,Knee height,,Pointed Downward,,,,0.5,Timbermill_AHDriFT_2026_MC,,,,,,
2011183,IF04_AD01_CamA_2026_D2_MC,IF04_AD01,-76.51594,36.16201,2026-05-06 00:00:00,2026-06-01 00:00:00,None,,None,,2181108,Reconyx Hyperfire HC500,0,Camera Functioning,Knee height,,Pointed Downward,,,,0.5,Timbermill_AHDriFT_2026_MC,,,,,,
2011183,RE02_AD01_CamA_2026_D2_TL,RE02-AD01,-76.52989197,36.14846802,2026-05-06 00:00:00,2026-05-26 00:00:00,None,,None,,2099588,Reconyx HC500 Hyperfire,0,Camera Hardware Failure,Knee height,,Pointed Downward,,,,0.5,Timbermill_AHDriFT_2026_TL,,,,,,
2011183,TE05_AD01_CamA_2026_D2_MC,TE05-AD01,-76.58969116,36.14929581,2026-05-07 00:00:00,2026-06-02 00:00:00,None,,None,,2181097,Browning Recon Force HP5,0,Camera Functioning,Knee height,,Pointed Downward,,,,0.5,Timbermill_AHDriFT_2026_MC,,,,,,
2011183,IF04_AD01_CamA_2026_D2_TL,IF04_AD01,-76.51594,36.16201,2026-05-06 00:00:00,2026-06-01 00:00:00,None,,None,,2181108,Reconyx Hyperfire HC500,0,Camera Functioning,Knee height,,Pointed Downward,,,,0.5,Timbermill_AHDriFT_2026_TL,,,,,,
2011183,TO04_AD01_CamB_2026_D1_MC,TO04-AD01,-76.58500671,36.16300201,2026-04-01 00:00:00,2026-05-07 00:00:00,None,,None,,2181096,Browning Defender Pro Scout Max Extreme HD,0,Camera Functioning,Knee height,,Pointed Downward,,,,0.5,Timbermill_AHDriFT_2026_TL,,,,,,1 minute timelapse
2011183,TE13_AD01_CamA_2026_D2_TL,TE13_AD01,-76.5825,36.13573,2026-05-19 00:00:00,2026-06-17 00:00:00,None,,None,,2099588,Reconyx HC500 Hyperfire,0,Camera Functioning,Knee height,,Pointed Downward,,,,0.5,Timbermill_AHDriFT_2026_TL,,,,,,
2011183,TO14_CT03_2026_D1,TO14_CT03,-76.58171,36.14505,2026-04-02 00:00:00,2026-05-23 00:00:00,None,NA,None,NA,2181388,Browning Recon Force HP5 ,0,Camera Functioning,Knee height,NA,Parallel,NA,,,,Timbermill_Camera_Traps_2026,,,,,,
2011183,TE04_AD01_CamB_2026_D2_MC,TE04-AD01,-76.58351898,36.16321564,2026-05-07 00:00:00,2026-06-02 00:00:00,None,,None,,2181096,Browning Defender Pro Scout Max Extreme HD,0,Camera Functioning,Knee height,,Pointed Downward,,,,0.5,Timbermill_AHDriFT_2026_MC,,,,,,
2011183,TE13_CT01_2026_D1,TE13_CT01,-76.58121,36.13597,2026-05-19 00:00:00,2026-06-17 00:00:00,None,NA,None,NA,2181388,Browning Recon Force HP5 ,0,Camera Functioning,Knee height,NA,Parallel,NA,,,,Timbermill_Camera_Traps_2026,,,,,,
2011183,IF07_AD01_CamA_2026_D1_TL,IF07_AD01,-76.56274,36.14658,2026-03-27 00:00:00,2026-05-13 00:00:00,None,,None,,2099588,Reconyx HC500 Hyperfire,0,Camera Functioning,Knee height,,Pointed Downward,,,,0.5,Timbermill_AHDriFT_2026_TL,,,,,,1-minute timelapse
2011183,TO09_AD01_Cam1_2026_D3_TL,TO09_AD01,-76.59293,36.13536,2026-06-17 00:00:00,2026-07-03 00:00:00,None,,None,,2188084,Reconyx Hyperfire PC500,0,Camera Hardware Failure,Knee height,,Pointed Downward,,,,,Timbermill_AHDriFT_2026_TL,,,,,,
2011183,TO15_AD01_CamB_2026_D2_MC,TO15-AD01,-76.61639404,36.15133286,2026-04-19 00:00:00,2026-06-18 00:00:00,None,,None,,2181097,Browning Recon Force HP5,0,Camera Functioning,Knee height,,Pointed Downward,,,,0.5,Timbermill_AHDriFT_2026_MC,,,,,,
2011183,RE08_AD01_CamA_2026_D2_TL,RE08_AD01,-76.49445,36.15331,2026-05-06 00:00:00,2026-06-25 00:00:00,None,,None,,2181097,Browning Recon Force HP5,0,Camera Functioning,Knee height,,Pointed Downward,,,,0.5,Timbermill_AHDriFT_2026_TL,,,,,,
2011183,TO11_AD01_CamB_2026_D2_MC,TO11-AD01,-76.58255768,36.15662384,2026-05-07 00:00:00,2026-06-02 00:00:00,None,,None,,2181097,Browning Recon Force HP5,0,Camera Functioning,Knee height,,Pointed Downward,,,,,Timbermill_AHDriFT_2026_MC,,,,,,
2011183,TO09_CT03_2026_D1,TO09-CT03,-76.59197,36.13533,2026-06-17 00:00:00,2026-07-30 00:00:00,None,,None,,2181097,Browning Recon Force HP5,0,Camera Functioning,Knee height,,Parallel,,,,24,Timbermill_Camera_Traps_2026,,,,,,
2011183,TE06_CT02_2026_D1,TE06-CT02,-76.58095,36.15025,2026-04-02 00:00:00,2026-05-07 00:00:00,None,,None,,2181097,Browning Recon Force HP5,0,Camera Functioning,Knee height,,Parallel,,,,,Timbermill_Camera_Traps_2026,,,,,,No distances
2011183,TO10_AD01_CamA_2026_D1_MC,TO10_AD01,-76.60828,36.15252,2026-04-10 00:00:00,2026-05-13 00:00:00,None,NA,None,NA,2181108,Reconyx Hyperfire HC500,0,Camera Functioning,Knee height,NA,Pointed Downward,NA,,,0.5,Timbermill_AHDriFT_2026_MC,,,,,,motion capture
2011183,TO10_CT01_2026_D1,TO10_CT01,-76.60797,36.15327,2026-05-13 00:00:00,2026-06-18 00:00:00,None,NA,None,NA,2181393,Browning Strike Force Pro,0,Camera Functioning,Knee height,NA,Parallel,NA,,,,Timbermill_Camera_Traps_2026,,,,,,
2011183,TE13_CT03_2026_D1,TE13-CT03,-76.58253,36.13474,2026-06-17 00:00:00,2026-07-30 00:00:00,None,,None,,2181097,Browning Recon Force HP5,0,Camera Functioning,Knee height,,Parallel,,,,9,Timbermill_Camera_Traps_2026,,,,,,Updated all images within deployment to 06-17-2026 08:50
2011183,IF01_AD01_CamA_2026_D3_MC,IF01-AD01,-76.54703522,36.13051224,2026-06-01 00:00:00,2026-07-28 00:00:00,None,,None,,2188084,Reconyx Hyperfire PC500,0,Camera Functioning,Knee height,,Pointed Downward,,,,,Timbermill_AHDriFT_2026_MC,,,,,,
2011183,TE02_AD01_CamB_2026_D1_MC,TE02_AD01,-76.60591,36.1469,2026-04-10 00:00:00,2026-04-22 00:00:00,None,NA,None,NA,2181097,Browning Recon Force HP5,0,Camera Functioning,Knee height,NA,Pointed Downward,NA,,,0.5,Timbermill_Disrupted_Deployments,Deployments that were removed from the main Timbermill project due to issues with sensor malfunctions or wildlife damage,,,,,No timelapse. Dates and times wrong. Not easily fixable
2011183,TO05_AD01_CamA_2026_D3_MC,TO05-AD01,-76.5892868,36.14854813,2026-06-02 00:00:00,2026-06-18 00:00:00,None,,None,,2181388,Browning Recon Force HP5 ,0,Camera Functioning,Knee height,,Pointed Downward,,,,,Timbermill_Disrupted_Deployments,Deployments that were removed from the main Timbermill project due to issues with sensor malfunctions or wildlife damage,,,,,Internal Times wrong. No easy way to fix it without start and end times. Doesn't take good pictures at night
2011183,IF05_CT02_2026_D1,IF05-CT02,-76.51157379,36.15442657,2026-06-25 00:00:00,2026-07-27 00:00:00,None,,None,,2181097,Browning Recon Force HP5,0,Camera Functioning,Knee height,,Parallel,,,,12,Timbermill_Camera_Traps_2026,,,,,,
2011183,IF06_AD01_CamA_2026_D1_MC,IF06_AD01,-76.54578,36.14648,2026-03-27 00:00:00,2026-05-13 00:00:00,None,NA,None,NA,2181108,Reconyx Hyperfire HC500,0,Camera Functioning,Knee height,NA,Pointed Downward,NA,,,,Timbermill_AHDriFT_2026_MC,,,,,,
2011183,TO11_CT01_2026_D1,TO11-CT01,-76.58256,36.15753,2026-05-07 00:00:00,2026-06-02 00:00:00,None,,None,,2181096,Browning Defender Pro Scout Max Extreme HD,0,Camera Functioning,Knee height,,Parallel,,,,24,Timbermill_Camera_Traps_2026,,,,,,
2011183,TE03_CT01_2026_D1,TE03_CT01,-76.59879,36.14988,2026-05-19 00:00:00,2026-06-17 00:00:00,None,NA,None,NA,2181393,Browning Strike Force Pro,0,Camera Functioning,Knee height,NA,Parallel,NA,,,,Timbermill_Camera_Traps_2026,,,,,,
2011183,TE03_CT02_2026_D1,TE03-CT02,-76.59755,36.14974,2026-04-10 00:00:00,2026-05-19 00:00:00,None,,None,,2181096,Browning Defender Pro Scout Max Extreme HD,0,Camera Functioning,Knee height,,Parallel,,,,0,Timbermill_Camera_Traps_2026,,,,,,No distances
2011183,TE10_AD01_CamA_2026_D2_MC,TE10_AD01,-76.60902,36.15204,2026-05-13 00:00:00,2026-06-18 00:00:00,None,,None,,2099588,Reconyx HC500 Hyperfire,0,Camera Functioning,Knee height,,Pointed Downward,,,,0.5,Timbermill_AHDriFT_2026_MC,,,,,,Internal camera ID not programmed. Should be NCCC204
2011183,IF08_AD01_CamA_2026_D3_TL,IF08_AD01,-76.56243,36.13166,2026-05-13 00:00:00,2026-07-08 00:00:00,None,,None,,2099588,Reconyx HC500 Hyperfire,0,Camera Functioning,Knee height,,Pointed Downward,,,,0.5,Timbermill_AHDriFT_2026_TL,,,,,,Some images corrupted 
2011183,TO12_CT04_2026_D1,TO12-CT04,-76.59702,36.16401,2026-04-02 00:00:00,2026-05-07 00:00:00,None,,None,,2181097,Browning Recon Force HP5,0,Camera Functioning,Knee height,,Parallel,,,,,Timbermill_Camera_Traps_2026,,,,,,No distance recorded
2011183,IF05_AD01_CamB_2026_D2_MC,IF05_AD01,-76.51158,36.15394,2026-05-06 00:00:00,2026-06-25 00:00:00,None,,None,,2099588,Reconyx HC500 Hyperfire,0,Camera Functioning,Knee height,,Pointed Downward,,,,0.5,Timbermill_AHDriFT_2026_MC,,,,,,